version 2
JvmtiExport can_access_local_variables 0
JvmtiExport can_hotswap_or_post_breakpoint 0
JvmtiExport can_post_on_exceptions 0
# 291 ciObject found
instanceKlass java/util/jar/JarFile
ciInstanceKlass java/lang/Cloneable 1 0 7 100 1 100 1 1 1
# instanceKlass java/lang/invoke/LambdaForm$MH+0x00000217d2819400
# instanceKlass java/lang/invoke/LambdaForm$DMH+0x00000217d2819000
# instanceKlass java/lang/invoke/LambdaForm$DMH+0x00000217d2818c00
# instanceKlass com/mendix/connectionbus/modelsynchronization/analysis/mappingreaders/SystemTableFetcher$$$Lambda+0x00000217d281d8a0
instanceKlass scala/Tuple7
instanceKlass scala/Product7
# instanceKlass com/mendix/connectionbus/modelsynchronization/analysis/mappingreaders/SystemTableFetcher$$$Lambda+0x00000217d281d4e8
instanceKlass com/mendix/shared/util/TypedResultSet$TypedGet$IntGet$
instanceKlass com/mendix/connectionbus/modelsynchronization/analysis/mapping/MappingConstants$ObjectNames$Columns$
instanceKlass com/mendix/connectionbus/modelsynchronization/analysis/mapping/MappingConstants$ObjectNames$Attribute$
instanceKlass com/mendix/connectionbus/modelsynchronization/analysis/mapping/MappingConstants$ObjectNames$AttributeObjectLike
instanceKlass com/mendix/connectionbus/modelsynchronization/analysis/mapping/ColumnMappingConstants
instanceKlass com/mendix/connectionbus/modelsynchronization/analysis/mapping/MappingConstants$attribute$
instanceKlass com/mendix/connectionbus/modelsynchronization/analysis/mapping/AttributeLike
# instanceKlass com/mendix/connectionbus/modelsynchronization/analysis/mapping/MappingModelBuilder$$Lambda+0x00000217d281c000
# instanceKlass com/mendix/connectionbus/modelsynchronization/analysis/mapping/MappingModelBuilder$$Lambda+0x00000217d2817a78
# instanceKlass com/mendix/connectionbus/modelsynchronization/analysis/mappingreaders/DatabaseMappingReader$$Lambda+0x00000217d28176b8
# instanceKlass com/mendix/connectionbus/modelsynchronization/analysis/mapping/Entity$$Lambda+0x00000217d2817300
# instanceKlass com/mendix/connectionbus/modelsynchronization/analysis/mappingreaders/DatabaseMappingReader$$Lambda+0x00000217d2816f40
instanceKlass com/mendix/connectionbus/modelsynchronization/analysis/mapping/EntityUniqueConstraint
instanceKlass com/mendix/connectionbus/modelsynchronization/analysis/mapping/UniqueConstraint
# instanceKlass com/mendix/connectionbus/modelsynchronization/analysis/mappingreaders/DatabaseMappingReader$$Lambda+0x00000217d2816698
# instanceKlass com/mendix/connectionbus/modelsynchronization/analysis/mappingreaders/DatabaseMappingReader$$Lambda+0x00000217d28162e0
# instanceKlass com/mendix/connectionbus/modelsynchronization/analysis/mappingreaders/DatabaseMappingReader$$Lambda+0x00000217d2815f20
instanceKlass com/mendix/connectionbus/modelsynchronization/analysis/mapping/Entity
# instanceKlass java/lang/invoke/LambdaForm$MH+0x00000217d2818800
# instanceKlass java/lang/invoke/LambdaForm$DMH+0x00000217d2818400
# instanceKlass java/lang/invoke/LambdaForm$DMH+0x00000217d2818000
# instanceKlass com/mendix/connectionbus/modelsynchronization/analysis/mappingreaders/SystemTableFetcher$$$Lambda+0x00000217d28157a0
instanceKlass scala/Tuple6
instanceKlass scala/Product6
# instanceKlass com/mendix/connectionbus/modelsynchronization/analysis/mappingreaders/SystemTableFetcher$$$Lambda+0x00000217d28153e8
instanceKlass com/mendix/shared/util/TypedResultSet$TypedGet$BooleanGet$
instanceKlass com/mendix/shared/util/TypedResultSet$TypedGet$UUIDGet$
instanceKlass com/mendix/connectionbus/modelsynchronization/changeinfo/databaserepresentation/IndexColumn
# instanceKlass com/mendix/connectionbus/mapping/IndexMapper$$Lambda+0x00000217d2814690
instanceKlass com/mendix/connectionbus/modelsynchronization/changeinfo/databaserepresentation/Index
instanceKlass com/mendix/connectionbus/modelsynchronization/analysis/mapping/MappingConstants$ObjectNames$Entity$
# instanceKlass com/mendix/connectionbus/modelsynchronization/analysis/mappingreaders/DatabaseMappingReader$$Lambda+0x00000217d2813e80
# instanceKlass com/mendix/connectionbus/modelsynchronization/analysis/mappingreaders/DatabaseMappingReader$$Lambda+0x00000217d2813ac8
# instanceKlass com/mendix/connectionbus/modelsynchronization/analysis/mappingreaders/DatabaseMappingReader$$Lambda+0x00000217d2813710
instanceKlass com/mendix/connectionbus/util/ResultSetIterator
instanceKlass com/mendix/connectionbus/util/ResultSetConverter
instanceKlass com/mendix/connectionbus/util/ResultSetConverter$
# instanceKlass com/mendix/connectionbus/modelsynchronization/analysis/mappingreaders/DatabaseMappingReader$$Lambda+0x00000217d28125a0
instanceKlass com/mendix/connectionbus/modelsynchronization/analysis/mapping/MappingConstants$ObjectNames$UniqueConstraint$Columns$
instanceKlass com/mendix/connectionbus/modelsynchronization/analysis/mapping/MappingConstants$uniqueConstraint$columns$
instanceKlass com/mendix/connectionbus/modelsynchronization/analysis/mapping/MappingConstants$ObjectNames$UniqueConstraint$
instanceKlass com/mendix/connectionbus/modelsynchronization/analysis/mapping/MappingConstants$uniqueConstraint$
# instanceKlass com/mendix/connectionbus/modelsynchronization/analysis/mappingreaders/DatabaseMappingReader$$$Lambda+0x00000217d28119a0
instanceKlass com/mendix/connectionbus/modelsynchronization/analysis/mappingreaders/DatabaseMappingReader
# instanceKlass com/mendix/connectionbus/modelsynchronization/analysis/mappingreaders/DatabaseMappingReader$$$Lambda+0x00000217d2810620
# instanceKlass com/mendix/connectionbus/modelsynchronization/analysis/mappingreaders/DatabaseMappingReader$$$Lambda+0x00000217d2810268
instanceKlass com/mendix/connectionbus/modelsynchronization/changeinfo/DatabaseSyncVersionInfo
# instanceKlass com/mendix/connectionbus/modelsynchronization/analysis/mappingreaders/SystemTableFetcher$$$Lambda+0x00000217d280fbd8
# instanceKlass com/mendix/connectionbus/modelsynchronization/analysis/SystemVersionTableUtils$$$Lambda+0x00000217d280f818
instanceKlass com/mendix/shared/util/TypedResultSet$RichResultSet
instanceKlass com/mendix/shared/util/TypedResultSet$
instanceKlass  @bci com/mendix/connectionbus/modelsynchronization/analysis/mappingreaders/DatabaseModelReaderHelpers executeQuery (Ljava/sql/Statement;Lcom/mendix/connectionbus/retrieve/query/oql/SelectQuery;Lcom/mendix/connectionbus/connections/jdbc/rendering/IOqlRenderer;Lscala/Function1;)Lscala/collection/immutable/List; 26 <appendix> member <vmtarget> ; # com/mendix/connectionbus/modelsynchronization/analysis/mappingreaders/DatabaseModelReaderHelpers$$Lambda+0x00000217d280f000
instanceKlass  @bci com/mendix/connectionbus/modelsynchronization/analysis/mappingreaders/SystemTableFetcher$ readData (Ljava/sql/Statement;Lcom/mendix/connectionbus/connections/jdbc/rendering/IOqlRenderer;Lcom/mendix/connectionbus/modelsynchronization/changeinfo/databaserepresentation/Table;Lcom/mendix/connectionbus/modelsynchronization/changeinfo/databaserepresentation/Column;Lcom/mendix/connectionbus/modelsynchronization/changeinfo/databaserepresentation/Column;Lcom/mendix/connectionbus/modelsynchronization/changeinfo/databaserepresentation/Column;Lcom/mendix/shared/util/TypedResultSet$TypedGet;Lcom/mendix/shared/util/TypedResultSet$TypedGet;Lcom/mendix/shared/util/TypedResultSet$TypedGet;)Lscala/collection/immutable/List; 62 <appendix> member <vmtarget> ; # com/mendix/connectionbus/modelsynchronization/analysis/mappingreaders/SystemTableFetcher$$$Lambda+0x00000217d280ec40
instanceKlass com/mendix/connectionbus/retrieve/query/oql/OrderByTerm
instanceKlass  @bci com/mendix/connectionbus/modelsynchronization/analysis/mappingreaders/DatabaseModelReaderHelpers getSelectQuery (Ljava/lang/String;Lscala/collection/immutable/List;Lscala/collection/immutable/List;)Lcom/mendix/connectionbus/retrieve/query/oql/SelectQuery; 88 <appendix> member <vmtarget> ; # com/mendix/connectionbus/modelsynchronization/analysis/mappingreaders/DatabaseModelReaderHelpers$$Lambda+0x00000217d280e238
instanceKlass com/mendix/connectionbus/retrieve/query/oql/OrderByTerms
instanceKlass  @bci com/mendix/connectionbus/modelsynchronization/analysis/mappingreaders/DatabaseModelReaderHelpers getSelectQuery (Ljava/lang/String;Lscala/collection/immutable/List;Lscala/collection/immutable/List;)Lcom/mendix/connectionbus/retrieve/query/oql/SelectQuery; 21 <appendix> member <vmtarget> ; # com/mendix/connectionbus/modelsynchronization/analysis/mappingreaders/DatabaseModelReaderHelpers$$Lambda+0x00000217d280dc08
instanceKlass  @bci com/mendix/connectionbus/modelsynchronization/analysis/mappingreaders/SystemTableFetcher$ selectQuery (Lcom/mendix/connectionbus/modelsynchronization/changeinfo/databaserepresentation/Table;Lscala/collection/immutable/List;)Lcom/mendix/connectionbus/retrieve/query/oql/SelectQuery; 7 <appendix> argL0 ; # com/mendix/connectionbus/modelsynchronization/analysis/mappingreaders/SystemTableFetcher$$$Lambda+0x00000217d280d850
instanceKlass  @bci com/mendix/connectionbus/modelsynchronization/analysis/mappingreaders/SystemTableFetcher$ readData (Ljava/sql/Statement;Lcom/mendix/connectionbus/connections/jdbc/rendering/IOqlRenderer;Lcom/mendix/connectionbus/modelsynchronization/changeinfo/databaserepresentation/Table;Lcom/mendix/connectionbus/modelsynchronization/changeinfo/databaserepresentation/Column;Lcom/mendix/connectionbus/modelsynchronization/changeinfo/databaserepresentation/Column;Lcom/mendix/connectionbus/modelsynchronization/changeinfo/databaserepresentation/Column;Lcom/mendix/shared/util/TypedResultSet$TypedGet;Lcom/mendix/shared/util/TypedResultSet$TypedGet;Lcom/mendix/shared/util/TypedResultSet$TypedGet;)Lscala/collection/immutable/List; 30 <appendix> argL0 ; # com/mendix/connectionbus/modelsynchronization/analysis/mappingreaders/SystemTableFetcher$$$Lambda+0x00000217d280d498
instanceKlass com/mendix/shared/util/TypedResultSet$TypedGet$DateTimeGet$
instanceKlass com/mendix/shared/util/TypedResultSet$TypedGet$StringGet$
instanceKlass com/mendix/connectionbus/modelsynchronization/analysis/mappingreaders/SystemTableFetcher$
instanceKlass com/mendix/connectionbus/modelsynchronization/analysis/mappingreaders/DatabaseModelReaderHelpers
instanceKlass  @bci com/mendix/connectionbus/modelsynchronization/analysis/SystemVersionTableUtils$ getSystemVersionTableContents (Lcom/mendix/connectionbus/modelsynchronization/analysis/mapping/MappingConstants;Lcom/mendix/connectionbus/connections/jdbc/JdbcDataStoreConfigurator;Ljava/sql/Connection;)Lscala/Tuple3; 22 <appendix> member <vmtarget> ; # com/mendix/connectionbus/modelsynchronization/analysis/SystemVersionTableUtils$$$Lambda+0x00000217d280c848
instanceKlass com/mendix/connectionbus/modelsynchronization/analysis/SystemTablesDefinitions$
instanceKlass org/hsqldb/lib/ArraySort
instanceKlass org/hsqldb/dbinfo/DITableInfo
instanceKlass org/hsqldb/lib/WrapperIterator
instanceKlass  @bci org/apache/commons/dbcp2/DelegatingDatabaseMetaData getTables (Ljava/lang/String;Ljava/lang/String;Ljava/lang/String;[Ljava/lang/String;)Ljava/sql/ResultSet; 7 <appendix> member <vmtarget> ; # org/apache/commons/dbcp2/DelegatingDatabaseMetaData$$Lambda+0x00000217d280a0e8
instanceKlass com/mendix/connectionbus/modelsynchronization/analysis/mapping/MappingConstants$ObjectNames$Version$
instanceKlass org/hsqldb/jdbc/JDBCDatabaseMetaData
instanceKlass org/apache/commons/dbcp2/DelegatingDatabaseMetaData
instanceKlass  @bci com/mendix/connectionbus/modelsynchronization/analysis/SystemVersionTableUtils$ hasVersionTable (Lcom/mendix/connectionbus/modelsynchronization/analysis/mapping/MappingConstants;Lcom/mendix/connectionbus/connections/jdbc/JdbcDataStoreConfigurator;Ljava/sql/Connection;)Z 11 <appendix> argL0 ; # com/mendix/connectionbus/modelsynchronization/analysis/SystemVersionTableUtils$$$Lambda+0x00000217d2808000
instanceKlass  @bci com/mendix/connectionbus/modelsynchronization/analysis/SystemVersionTableUtils$ hasVersionTable (Lcom/mendix/connectionbus/modelsynchronization/analysis/mapping/MappingConstants;Lcom/mendix/connectionbus/connections/jdbc/JdbcDataStoreConfigurator;Ljava/sql/Connection;)Z 6 <appendix> member <vmtarget> ; # com/mendix/connectionbus/modelsynchronization/analysis/SystemVersionTableUtils$$$Lambda+0x00000217d2807b98
instanceKlass com/mendix/shared/util/TypedResultSet$TypedGet
instanceKlass com/mendix/connectionbus/modelsynchronization/analysis/SystemVersionTableUtils$
instanceKlass com/mendix/connectionbus/modelsynchronization/analysis/mapping/MappingModelBuilder
instanceKlass  @bci com/mendix/connectionbus/modelsynchronization/analysis/mappingreaders/DatabaseMappingReader$ getDatabaseMappingModel (Lcom/mendix/connectionbus/connections/jdbc/ConnectionManager;)Lcom/mendix/connectionbus/modelsynchronization/analysis/mapping/MappingModel; 8 <appendix> member <vmtarget> ; # com/mendix/connectionbus/modelsynchronization/analysis/mappingreaders/DatabaseMappingReader$$$Lambda+0x00000217d2806ea0
instanceKlass com/mendix/connectionbus/modelsynchronization/analysis/mapping/MappingModel
instanceKlass com/mendix/connectionbus/modelsynchronization/analysis/mappingreaders/DatabaseMappingReader$
instanceKlass  @bci com/mendix/basis/impl/MxRuntimeConfigurationImpl isClusterLeader ()Z 10 <appendix> argL0 ; # com/mendix/basis/impl/MxRuntimeConfigurationImpl$$Lambda+0x00000217d2806708
instanceKlass  @bci com/mendix/basis/impl/MxRuntimeImpl checkIfModelUpgraded (Lcom/mendix/model/projects/ModelProject;)Z 18 <appendix> member <vmtarget> ; # com/mendix/basis/impl/MxRuntimeImpl$$Lambda+0x00000217d2806348
instanceKlass  @bci com/mendix/basis/impl/MxRuntimeImpl checkIfModelUpgraded (Lcom/mendix/model/projects/ModelProject;)Z 12 <appendix> argL0 ; # com/mendix/basis/impl/MxRuntimeImpl$$Lambda+0x00000217d2805f90
instanceKlass  @bci com/mendix/connectionbus/connections/jdbc/SystemProperties $anonfun$synchronize$2 (Ljava/sql/PreparedStatement;)Z 9 <appendix> argL0 ; # com/mendix/connectionbus/connections/jdbc/SystemProperties$$Lambda+0x00000217d2805bd8
instanceKlass  @bci com/mendix/connectionbus/connections/jdbc/SystemProperties $anonfun$synchronize$1 (Lcom/mendix/connectionbus/connections/jdbc/SystemProperties;ZLjava/sql/Connection;)Z 36 <appendix> argL0 ; # com/mendix/connectionbus/connections/jdbc/SystemProperties$$Lambda+0x00000217d2805820
instanceKlass  @bci com/mendix/connectionbus/connections/jdbc/SystemProperties sync$1 (Z)Z 14 <appendix> member <vmtarget> ; # com/mendix/connectionbus/connections/jdbc/SystemProperties$$Lambda+0x00000217d2805460
instanceKlass  @bci com/mendix/connectionbus/connections/jdbc/SystemProperties synchronize ()Lscala/util/Try; 4 <appendix> member <vmtarget> ; # com/mendix/connectionbus/connections/jdbc/SystemProperties$$Lambda+0x00000217d2805190
instanceKlass  @bci com/mendix/connectionbus/ConnectionBusInitializer initialize ()Lcom/mendix/connectionbus/modelsynchronization/ModelSynchronizationInformation; 57 <appendix> argL0 ; # com/mendix/connectionbus/ConnectionBusInitializer$$Lambda+0x00000217d2804dd8
instanceKlass  @bci com/mendix/connectionbus/ConnectionBusInitializer createConnection ()Ljava/sql/Connection; 13 <appendix> member <vmtarget> ; # com/mendix/connectionbus/ConnectionBusInitializer$$Lambda+0x00000217d2804b28
instanceKlass  @bci com/mendix/connectionbus/ConnectionBusInitializer initialize ()Lcom/mendix/connectionbus/modelsynchronization/ModelSynchronizationInformation; 42 <appendix> member <vmtarget> ; # com/mendix/connectionbus/ConnectionBusInitializer$$Lambda+0x00000217d2804768
instanceKlass com/mendix/basis/connectionbus/modelsynchronization/DatabaseSynchronizationInformation$Reason
instanceKlass com/mendix/basis/connectionbus/modelsynchronization/DatabaseSynchronizationInformation$
instanceKlass com/mendix/connectionbus/modelsynchronization/ModelSynchronizationInformation
instanceKlass com/mendix/connectionbus/ConnectionBusInitializer
instanceKlass com/mendix/connectionbus/ConnectionBusInitializer$
instanceKlass com/mendix/connectionbus/modelsynchronization/SimpleStateMachine$SimpleStateMachine
instanceKlass  @bci com/mendix/connectionbus/modelsynchronization/SynchronizationManager <init> (Lcom/mendix/connectionbus/connections/jdbc/JdbcDataStore;Lcom/mendix/datastorage/model/Model;Lcom/mendix/connectionbus/Version;Lcom/mendix/logging/ILogManager;Lcom/mendix/connectionbus/connections/jdbc/DatabaseConfiguration;Lcom/mendix/connectionbus/configuration/DataStorageConfiguration;Lscala/Function1;Ljava/util/concurrent/ScheduledThreadPoolExecutor;Lcom/mendix/basis/connectionbus/ConnectionBusStatistics;Lcom/mendix/connectionbus/IdentifierPool;)V 156 <appendix> member <vmtarget> ; # com/mendix/connectionbus/modelsynchronization/SynchronizationManager$$Lambda+0x00000217d28034e0
instanceKlass  @bci com/mendix/connectionbus/modelsynchronization/SynchronizationManager <init> (Lcom/mendix/connectionbus/connections/jdbc/JdbcDataStore;Lcom/mendix/datastorage/model/Model;Lcom/mendix/connectionbus/Version;Lcom/mendix/logging/ILogManager;Lcom/mendix/connectionbus/connections/jdbc/DatabaseConfiguration;Lcom/mendix/connectionbus/configuration/DataStorageConfiguration;Lscala/Function1;Ljava/util/concurrent/ScheduledThreadPoolExecutor;Lcom/mendix/basis/connectionbus/ConnectionBusStatistics;Lcom/mendix/connectionbus/IdentifierPool;)V 132 <appendix> member <vmtarget> ; # com/mendix/connectionbus/modelsynchronization/SynchronizationManager$$Lambda+0x00000217d2802f98
instanceKlass  @bci com/mendix/connectionbus/modelsynchronization/SynchronizationManager <init> (Lcom/mendix/connectionbus/connections/jdbc/JdbcDataStore;Lcom/mendix/datastorage/model/Model;Lcom/mendix/connectionbus/Version;Lcom/mendix/logging/ILogManager;Lcom/mendix/connectionbus/connections/jdbc/DatabaseConfiguration;Lcom/mendix/connectionbus/configuration/DataStorageConfiguration;Lscala/Function1;Ljava/util/concurrent/ScheduledThreadPoolExecutor;Lcom/mendix/basis/connectionbus/ConnectionBusStatistics;Lcom/mendix/connectionbus/IdentifierPool;)V 108 <appendix> member <vmtarget> ; # com/mendix/connectionbus/modelsynchronization/SynchronizationManager$$Lambda+0x00000217d2802a50
instanceKlass  @bci com/mendix/connectionbus/modelsynchronization/SynchronizationManager <init> (Lcom/mendix/connectionbus/connections/jdbc/JdbcDataStore;Lcom/mendix/datastorage/model/Model;Lcom/mendix/connectionbus/Version;Lcom/mendix/logging/ILogManager;Lcom/mendix/connectionbus/connections/jdbc/DatabaseConfiguration;Lcom/mendix/connectionbus/configuration/DataStorageConfiguration;Lscala/Function1;Ljava/util/concurrent/ScheduledThreadPoolExecutor;Lcom/mendix/basis/connectionbus/ConnectionBusStatistics;Lcom/mendix/connectionbus/IdentifierPool;)V 78 <appendix> member <vmtarget> ; # com/mendix/connectionbus/modelsynchronization/SynchronizationManager$$Lambda+0x00000217d2802508
instanceKlass com/mendix/connectionbus/modelsynchronization/SynchronizationManager$SynchronizationState
instanceKlass com/mendix/connectionbus/modelsynchronization/SimpleStateMachine$
instanceKlass  @bci com/mendix/connectionbus/ConnectionBusImpl initialize (Lcom/mendix/core/internal/ICore;Lcom/mendix/basis/connectionbus/requests/ConnectionBusConfig;Lcom/mendix/basis/connectionbus/TokenResolverCreator;Lcom/mendix/basis/connectionbus/DatabaseProfiler;)Lcom/mendix/basis/connectionbus/modelsynchronization/DatabaseSynchronizationInformation; 564 <appendix> member <vmtarget> ; # com/mendix/connectionbus/ConnectionBusImpl$$Lambda+0x00000217d2801ac0
instanceKlass com/mendix/connectionbus/modelsynchronization/SynchronizationManager
instanceKlass com/mendix/connectionbus/modelsynchronization/SynchronizationManagerHelper
instanceKlass scala/concurrent/impl/ExecutionContextImpl
instanceKlass  @bci com/mendix/connectionbus/connections/jdbc/rendering/OqlRenderer renderExpression (Lcom/mendix/connectionbus/connections/jdbc/rendering/QueryStringBuilder;Lcom/mendix/connectionbus/retrieve/query/oql/SelectColumnGroup;)V 169 <appendix> argL0 ; # com/mendix/connectionbus/connections/jdbc/rendering/OqlRenderer$$Lambda+0x00000217d2801418
instanceKlass  @bci com/mendix/connectionbus/connections/jdbc/rendering/OqlRenderer renderExpression (Lcom/mendix/connectionbus/connections/jdbc/rendering/QueryStringBuilder;Lcom/mendix/connectionbus/retrieve/query/oql/SelectColumnGroup;)V 52 <appendix> member <vmtarget> ; # com/mendix/connectionbus/connections/jdbc/rendering/OqlRenderer$$Lambda+0x00000217d28011d0
instanceKlass com/mendix/connectionbus/retrieve/query/oql/UpdateTerm
instanceKlass com/mendix/connectionbus/ConnectionBusConstants
instanceKlass com/mendix/connectionbus/modelsynchronization/analysis/mapping/MappingConstants$ObjectNames$EntityIdentifier$
instanceKlass com/mendix/connectionbus/retrieve/query/oql/UpdateQuery
instanceKlass com/mendix/connectionbus/MxObjectIdReserver
instanceKlass com/mendix/connectionbus/IdentifierPoolImpl
instanceKlass com/mendix/connectionbus/store/DeleteByConstraintHandler
instanceKlass com/mendix/connectionbus/store/EntityStorer
instanceKlass  @bci com/mendix/connectionbus/ConnectionBusImpl createQueryHandler (Lcom/mendix/logging/ILogNode;)Lcom/mendix/datastorage/handler/QueryHandler; 30 <appendix> member <vmtarget> ; # com/mendix/connectionbus/ConnectionBusImpl$$Lambda+0x00000217d27ff940
instanceKlass  @bci com/mendix/basis/impl/MxRuntimeImpl$$anon$1 createTokenTypeResolver ()Lcom/mendix/basis/connectionbus/TokenTypeResolver; 0 <appendix> argL0 ; # com/mendix/basis/impl/MxRuntimeImpl$$anon$1$$Lambda+0x00000217d27ff730
instanceKlass com/mendix/basis/connectionbus/TokenResolver$TokenType
instanceKlass com/mendix/basis/connectionbus/TokenTypeResolver
instanceKlass com/mendix/connectionbus/retrieve/OqlRequestHandler
instanceKlass com/mendix/connectionbus/retrieve/DataStoreCaller
instanceKlass com/mendix/connectionbus/retrieve/GetRequestHandler
instanceKlass com/mendix/connectionbus/RequestAnalyzer
instanceKlass com/mendix/connectionbus/connections/jdbc/TransactionConnectionManager
instanceKlass com/mendix/connectionbus/connections/jdbc/JdbcDataStore$ExistenceDetails$ExistenceDetails
instanceKlass com/mendix/connectionbus/connections/jdbc/ModificationTypes$ModificationType
instanceKlass  @bci com/mendix/connectionbus/configuration/DataStorageConfiguration useForeignKeyConstraints (Lcom/mendix/basis/connectionbus/requests/ConnectionBusConfig;)Z 11 <appendix> member <vmtarget> ; # com/mendix/connectionbus/configuration/DataStorageConfiguration$$Lambda+0x00000217d27fcad0
instanceKlass java/util/concurrent/LinkedTransferQueue$DualNode
instanceKlass java/util/concurrent/TransferQueue
instanceKlass com/mendix/connectionbus/modelsynchronization/ModelConsistencyChecker$
instanceKlass  @bci com/mendix/connectionbus/ConnectionBusImpl initialize (Lcom/mendix/core/internal/ICore;Lcom/mendix/basis/connectionbus/requests/ConnectionBusConfig;Lcom/mendix/basis/connectionbus/TokenResolverCreator;Lcom/mendix/basis/connectionbus/DatabaseProfiler;)Lcom/mendix/basis/connectionbus/modelsynchronization/DatabaseSynchronizationInformation; 180 <appendix> argL0 ; # com/mendix/connectionbus/ConnectionBusImpl$$Lambda+0x00000217d27fc520
instanceKlass com/mendix/queryparser/xpath/XPathToNqlConverter$ModelInfo
instanceKlass com/mendix/queryparser/QueryParserImpl
instanceKlass com/github/benmanes/caffeine/cache/LinkedDeque$PeekingIterator
instanceKlass com/github/benmanes/caffeine/cache/FrequencySketch
instanceKlass  @bci com/github/benmanes/caffeine/cache/BoundedLocalCache <init> (Lcom/github/benmanes/caffeine/cache/Caffeine;Lcom/github/benmanes/caffeine/cache/AsyncCacheLoader;Z)V 156 <appendix> member <vmtarget> ; # com/github/benmanes/caffeine/cache/BoundedLocalCache$$Lambda+0x00000217d27f7d58
instanceKlass com/github/benmanes/caffeine/cache/StripedBuffer
instanceKlass com/github/benmanes/caffeine/cache/Node
instanceKlass  @bci com/github/benmanes/caffeine/cache/NodeFactory loadFactory (Ljava/lang/String;)Lcom/github/benmanes/caffeine/cache/NodeFactory; 21 <appendix> argL0 ; # com/github/benmanes/caffeine/cache/NodeFactory$$Lambda+0x00000217d27f6990
instanceKlass com/github/benmanes/caffeine/cache/NodeFactory$DeadStrongKey
instanceKlass com/github/benmanes/caffeine/cache/References$InternalReference
instanceKlass com/github/benmanes/caffeine/cache/NodeFactory$RetiredStrongKey
instanceKlass com/github/benmanes/caffeine/cache/NodeFactory
instanceKlass  @bci com/github/benmanes/caffeine/cache/SSSMS <clinit> ()V 0 <appendix> argL0 ; # com/github/benmanes/caffeine/cache/SSSMS$$Lambda+0x00000217d27f4f60
instanceKlass  @bci com/github/benmanes/caffeine/cache/SSS <clinit> ()V 0 <appendix> argL0 ; # com/github/benmanes/caffeine/cache/SSS$$Lambda+0x00000217d27f4d50
instanceKlass  @bci com/github/benmanes/caffeine/cache/SS <clinit> ()V 0 <appendix> argL0 ; # com/github/benmanes/caffeine/cache/SS$$Lambda+0x00000217d27f4b40
instanceKlass com/github/benmanes/caffeine/cache/Policy$CacheEntry
instanceKlass com/github/benmanes/caffeine/cache/LinkedDeque
instanceKlass com/github/benmanes/caffeine/cache/WriteOrderDeque$WriteOrder
instanceKlass com/github/benmanes/caffeine/cache/AccessOrderDeque$AccessOrder
instanceKlass com/github/benmanes/caffeine/cache/Buffer
instanceKlass  @bci com/github/benmanes/caffeine/cache/LocalCacheFactory loadFactory (Ljava/lang/String;)Lcom/github/benmanes/caffeine/cache/LocalCacheFactory; 21 <appendix> argL0 ; # com/github/benmanes/caffeine/cache/LocalCacheFactory$$Lambda+0x00000217d27f2188
instanceKlass com/github/benmanes/caffeine/cache/BLCHeader$PadDrainStatus
instanceKlass com/github/benmanes/caffeine/cache/LocalCacheFactory
instanceKlass com/github/benmanes/caffeine/cache/Policy
instanceKlass com/github/benmanes/caffeine/cache/LocalCache
instanceKlass com/github/benmanes/caffeine/cache/BoundedLocalCache$BoundedLocalManualCache
instanceKlass com/github/benmanes/caffeine/cache/LocalManualCache
instanceKlass  @bci com/github/benmanes/caffeine/cache/Caffeine <clinit> ()V 0 <appendix> argL0 ; # com/github/benmanes/caffeine/cache/Caffeine$$Lambda+0x00000217d27f0620
instanceKlass com/github/benmanes/caffeine/cache/stats/ConcurrentStatsCounter
instanceKlass com/github/benmanes/caffeine/cache/stats/StatsCounter
instanceKlass com/github/benmanes/caffeine/cache/Weigher
instanceKlass com/github/benmanes/caffeine/cache/AsyncLoadingCache
instanceKlass com/github/benmanes/caffeine/cache/AsyncCache
instanceKlass com/github/benmanes/caffeine/cache/AsyncCacheLoader
instanceKlass com/github/benmanes/caffeine/cache/Expiry
instanceKlass com/github/benmanes/caffeine/cache/RemovalListener
instanceKlass com/github/benmanes/caffeine/cache/LoadingCache
instanceKlass com/github/benmanes/caffeine/cache/Cache
instanceKlass com/github/benmanes/caffeine/cache/Caffeine
instanceKlass com/mendix/datastorage/handler/steps/ViewEntityDeduplicator$
instanceKlass com/mendix/datastorage/handler/steps/LongPathInJoinResolver
instanceKlass com/mendix/datastorage/query/plans/JoinType
instanceKlass com/mendix/datastorage/query/expressions/Predicate
instanceKlass com/mendix/datastorage/query/plans/Relation
instanceKlass com/mendix/datastorage/oqltree/trees/LeafTreeNode
instanceKlass com/mendix/datastorage/oqltree/expressions/NamedExpression
instanceKlass com/mendix/datastorage/query/mapping/DatabaseNameMapping
instanceKlass com/mendix/datastorage/handler/steps/LongPathInAttributeTransformer
instanceKlass com/mendix/datastorage/handler/steps/GroupByVerification
instanceKlass com/mendix/datastorage/handler/steps/AssociationResolver$
instanceKlass com/mendix/datastorage/handler/steps/utils/AliasGenerator$DefaultAliasGenerator
instanceKlass com/mendix/datastorage/handler/steps/utils/AliasGenerator
instanceKlass com/mendix/datastorage/handler/steps/utils/AliasGenerator$
instanceKlass com/mendix/datastorage/oqltree/OqlVersion$
instanceKlass com/mendix/datastorage/handler/steps/LongPathExpander
instanceKlass com/mendix/datastorage/handler/steps/Transformer
instanceKlass com/mendix/connectionbus/retrieve/XPathParserImpl
instanceKlass com/mendix/datastorage/accessrules/ConstraintExpressionGenerator
instanceKlass com/mendix/datastorage/accessrules/impl/ConstraintExpressionGeneratorFactoryImpl
instanceKlass com/mendix/datastorage/oqltree/OQLV2$
instanceKlass  @bci com/mendix/connectionbus/configuration/DataStorageConfiguration oqlVersion (Lcom/mendix/basis/connectionbus/requests/ConnectionBusConfig;)Lcom/mendix/datastorage/oqltree/OqlVersion; 11 <appendix> member <vmtarget> ; # com/mendix/connectionbus/configuration/DataStorageConfiguration$$Lambda+0x00000217d27e8ee0
instanceKlass  @bci com/mendix/datastorage/model/Model <init> (Lscala/collection/immutable/Seq;Lscala/collection/immutable/Seq;)V 153 <appendix> argL0 ; # com/mendix/datastorage/model/Model$$Lambda+0x00000217d27e8b28
instanceKlass  @bci com/mendix/datastorage/model/Model <init> (Lscala/collection/immutable/Seq;Lscala/collection/immutable/Seq;)V 140 <appendix> argL0 ; # com/mendix/datastorage/model/Model$$Lambda+0x00000217d27e8770
instanceKlass  @bci com/mendix/datastorage/model/Model <init> (Lscala/collection/immutable/Seq;Lscala/collection/immutable/Seq;)V 96 <appendix> argL0 ; # com/mendix/datastorage/model/Model$$Lambda+0x00000217d27e83b8
instanceKlass  @bci com/mendix/datastorage/model/Model <init> (Lscala/collection/immutable/Seq;Lscala/collection/immutable/Seq;)V 53 <appendix> argL0 ; # com/mendix/datastorage/model/Model$$Lambda+0x00000217d27e8000
instanceKlass com/mendix/datastorage/model/Model$ModelIndexMember
instanceKlass  @bci com/mendix/datastorage/model/Model$ModelEntityTypeImpl <init> (Lcom/mendix/datastorage/model/Model;Lcom/mendix/datastorage/model/EntityType;)V 393 <appendix> member <vmtarget> ; # com/mendix/datastorage/model/Model$ModelEntityTypeImpl$$Lambda+0x00000217d27e7910
instanceKlass com/mendix/datastorage/model/Model$ModelAccessRule
instanceKlass  @bci com/mendix/datastorage/model/Model$ModelEntityTypeImpl <init> (Lcom/mendix/datastorage/model/Model;Lcom/mendix/datastorage/model/EntityType;)V 364 <appendix> member <vmtarget> ; # com/mendix/datastorage/model/Model$ModelEntityTypeImpl$$Lambda+0x00000217d27e6f90
instanceKlass com/mendix/datastorage/model/Model$ModelUniqueConstraintImpl
instanceKlass com/mendix/datastorage/model/Model$ModelUniqueConstraint
instanceKlass  @bci com/mendix/datastorage/model/Model$ModelEntityTypeImpl <init> (Lcom/mendix/datastorage/model/Model;Lcom/mendix/datastorage/model/EntityType;)V 335 <appendix> member <vmtarget> ; # com/mendix/datastorage/model/Model$ModelEntityTypeImpl$$Lambda+0x00000217d27e67b8
instanceKlass com/mendix/datastorage/model/Model$ModelIndexImpl
instanceKlass com/mendix/datastorage/model/Model$ModelIndex
instanceKlass  @bci com/mendix/datastorage/model/Model$ModelEntityTypeImpl <init> (Lcom/mendix/datastorage/model/Model;Lcom/mendix/datastorage/model/EntityType;)V 296 <appendix> argL0 ; # com/mendix/datastorage/model/Model$ModelEntityTypeImpl$$Lambda+0x00000217d27e5fd0
instanceKlass  @bci com/mendix/datastorage/model/Model$ModelEntityTypeImpl <init> (Lcom/mendix/datastorage/model/Model;Lcom/mendix/datastorage/model/EntityType;)V 283 <appendix> member <vmtarget> ; # com/mendix/datastorage/model/Model$ModelEntityTypeImpl$$Lambda+0x00000217d27e5c10
instanceKlass  @bci com/mendix/datastorage/model/Model$ModelEntityTypeImpl toMapByName (Lscala/collection/immutable/List;)Lscala/collection/immutable/Map; 1 <appendix> argL0 ; # com/mendix/datastorage/model/Model$ModelEntityTypeImpl$$Lambda+0x00000217d27e5858
instanceKlass  @bci com/mendix/datastorage/model/Model$ModelEntityTypeImpl toMapById (Lscala/collection/immutable/List;)Lscala/collection/immutable/Map; 1 <appendix> argL0 ; # com/mendix/datastorage/model/Model$ModelEntityTypeImpl$$Lambda+0x00000217d27e54a0
instanceKlass  @bci com/mendix/datastorage/model/Model$ModelEntityTypeImpl <init> (Lcom/mendix/datastorage/model/Model;Lcom/mendix/datastorage/model/EntityType;)V 94 <appendix> member <vmtarget> ; # com/mendix/datastorage/model/Model$ModelEntityTypeImpl$$Lambda+0x00000217d27e50e0
instanceKlass  @bci com/mendix/datastorage/model/Model$ModelAssociationTypeImpl <init> (Lcom/mendix/datastorage/model/Model;Ljava/lang/String;Ljava/util/UUID;Z)V 126 <appendix> member <vmtarget> ; # com/mendix/datastorage/model/Model$ModelAssociationTypeImpl$$Lambda+0x00000217d27e4e30
instanceKlass com/mendix/datastorage/model/Model$ModelAssociationTypeImpl
instanceKlass  @bci com/mendix/datastorage/model/Model associationTypesById$lzycompute ()Lscala/collection/immutable/Map; 16 <appendix> argL0 ; # com/mendix/datastorage/model/Model$$Lambda+0x00000217d27e46b8
instanceKlass  @bci com/mendix/datastorage/model/Model$ModelEntityTypeImpl <init> (Lcom/mendix/datastorage/model/Model;Lcom/mendix/datastorage/model/EntityType;)V 57 <appendix> member <vmtarget> ; # com/mendix/datastorage/model/Model$ModelEntityTypeImpl$$Lambda+0x00000217d27e42f8
instanceKlass  @bci com/mendix/datastorage/model/Model$ModelEntityTypeImpl <init> (Lcom/mendix/datastorage/model/Model;Lcom/mendix/datastorage/model/EntityType;)V 30 <appendix> member <vmtarget> ; # com/mendix/datastorage/model/Model$ModelEntityTypeImpl$$Lambda+0x00000217d27e3f38
instanceKlass com/mendix/datastorage/model/Model$ModelAttributeTypeImpl
instanceKlass com/mendix/datastorage/model/Model$ModelAttributeType
instanceKlass com/mendix/datastorage/model/Model$ModelAssociationType
instanceKlass com/mendix/datastorage/model/Model$ModelMemberType
instanceKlass com/mendix/datastorage/model/Model$ModelEntitySource
instanceKlass  @bci com/mendix/datastorage/model/Model <init> (Lscala/collection/immutable/Seq;Lscala/collection/immutable/Seq;)V 21 <appendix> member <vmtarget> ; # com/mendix/datastorage/model/Model$$Lambda+0x00000217d27e3108
instanceKlass com/mendix/datastorage/model/Model$ModelEntityTypeImpl
instanceKlass com/mendix/datastorage/model/Model$ModelEntityType
instanceKlass  @bci com/mendix/datastorage/model/ModelConverter$ withOwnedAssociationTypes$1 (Lcom/mendix/datastorage/model/EntityType;Lscala/collection/immutable/Map;)Lcom/mendix/datastorage/model/EntityType; 20 <appendix> member <vmtarget> ; # com/mendix/datastorage/model/ModelConverter$$$Lambda+0x00000217d27e2828
instanceKlass  @bci com/mendix/datastorage/model/ModelConverter$ withOwnedAssociationTypes$1 (Lcom/mendix/datastorage/model/EntityType;Lscala/collection/immutable/Map;)Lcom/mendix/datastorage/model/EntityType; 11 <appendix> member <vmtarget> ; # com/mendix/datastorage/model/ModelConverter$$$Lambda+0x00000217d27e2468
instanceKlass  @bci com/mendix/datastorage/model/ModelConverter$ convert (Lscala/collection/immutable/Seq;Lscala/collection/immutable/Seq;)Lcom/mendix/datastorage/model/Model; 134 <appendix> member <vmtarget> ; # com/mendix/datastorage/model/ModelConverter$$$Lambda+0x00000217d27e20a8
instanceKlass  @bci com/mendix/datastorage/model/ModelConverter$ withAssociationTypes$1 (Lcom/mendix/datastorage/model/EntityType;Lscala/collection/immutable/Map;)Lcom/mendix/datastorage/model/EntityType; 20 <appendix> member <vmtarget> ; # com/mendix/datastorage/model/ModelConverter$$$Lambda+0x00000217d27e1df8
instanceKlass  @bci com/mendix/datastorage/model/ModelConverter$ withAssociationTypes$1 (Lcom/mendix/datastorage/model/EntityType;Lscala/collection/immutable/Map;)Lcom/mendix/datastorage/model/EntityType; 11 <appendix> member <vmtarget> ; # com/mendix/datastorage/model/ModelConverter$$$Lambda+0x00000217d27e1a38
instanceKlass  @bci com/mendix/datastorage/model/ModelConverter$ convert (Lscala/collection/immutable/Seq;Lscala/collection/immutable/Seq;)Lcom/mendix/datastorage/model/Model; 119 <appendix> member <vmtarget> ; # com/mendix/datastorage/model/ModelConverter$$$Lambda+0x00000217d27e1678
instanceKlass com/mendix/datastorage/model/MemberDataType$DateTime$
instanceKlass  @bci com/mendix/datastorage/model/ModelConverter$ dataType (Lcom/mendix/systemwideinterfaces/core/meta/IMetaPrimitive;)Lcom/mendix/datastorage/model/MemberDataType; 95 <appendix> argL0 ; # com/mendix/datastorage/model/ModelConverter$$$Lambda+0x00000217d27e11b0
instanceKlass  @bci com/mendix/datastorage/model/ModelConverter$ dataType (Lcom/mendix/systemwideinterfaces/core/meta/IMetaPrimitive;)Lcom/mendix/datastorage/model/MemberDataType; 87 <appendix> argL0 ; # com/mendix/datastorage/model/ModelConverter$$$Lambda+0x00000217d27e0df8
instanceKlass  @bci com/mendix/datastorage/model/ModelConverter$ dataType (Lcom/mendix/systemwideinterfaces/core/meta/IMetaPrimitive;)Lcom/mendix/datastorage/model/MemberDataType; 294 <appendix> argL0 ; # com/mendix/datastorage/model/ModelConverter$$$Lambda+0x00000217d27e0a40
instanceKlass  @bci com/mendix/datastorage/model/ModelConverter$ dataType (Lcom/mendix/systemwideinterfaces/core/meta/IMetaPrimitive;)Lcom/mendix/datastorage/model/MemberDataType; 289 <appendix> argL0 ; # com/mendix/datastorage/model/ModelConverter$$$Lambda+0x00000217d27e03b8
instanceKlass  @bci com/mendix/datastorage/model/ModelConverter$ dataType (Lcom/mendix/systemwideinterfaces/core/meta/IMetaPrimitive;)Lcom/mendix/datastorage/model/MemberDataType; 355 <appendix> argL0 ; # com/mendix/datastorage/model/ModelConverter$$$Lambda+0x00000217d27e0000
instanceKlass  @bci com/mendix/datastorage/model/ModelConverter$ dataType (Lcom/mendix/systemwideinterfaces/core/meta/IMetaPrimitive;)Lcom/mendix/datastorage/model/MemberDataType; 350 <appendix> argL0 ; # com/mendix/datastorage/model/ModelConverter$$$Lambda+0x00000217d27df6b8
instanceKlass  @bci com/mendix/datastorage/model/ModelConverter$ dataType (Lcom/mendix/systemwideinterfaces/core/meta/IMetaPrimitive;)Lcom/mendix/datastorage/model/MemberDataType; 144 <appendix> argL0 ; # com/mendix/datastorage/model/ModelConverter$$$Lambda+0x00000217d27df300
instanceKlass  @bci com/mendix/datastorage/model/ModelConverter$ dataType (Lcom/mendix/systemwideinterfaces/core/meta/IMetaPrimitive;)Lcom/mendix/datastorage/model/MemberDataType; 139 <appendix> argL0 ; # com/mendix/datastorage/model/ModelConverter$$$Lambda+0x00000217d27dec78
instanceKlass  @bci com/mendix/datastorage/model/ModelConverter$ $anonfun$dataType$14 (Lcom/mendix/systemwideinterfaces/core/meta/IMetaPrimitive;Lscala/Option;)Lcom/mendix/datastorage/model/MemberDataType$Enum; 19 <appendix> argL0 ; # com/mendix/datastorage/model/ModelConverter$$$Lambda+0x00000217d27de8c0
instanceKlass  @bci com/mendix/basis/objectmanagement/meta/metamodel/MetaPrimitiveImpl getEnumValues ()Ljava/util/Collection; 12 <appendix> argL0 ; # com/mendix/basis/objectmanagement/meta/metamodel/MetaPrimitiveImpl$$Lambda+0x00000217d27de508
instanceKlass  @bci com/mendix/datastorage/model/ModelConverter$ dataType (Lcom/mendix/systemwideinterfaces/core/meta/IMetaPrimitive;)Lcom/mendix/datastorage/model/MemberDataType; 325 <appendix> member <vmtarget> ; # com/mendix/datastorage/model/ModelConverter$$$Lambda+0x00000217d27de148
instanceKlass  @bci com/mendix/datastorage/model/ModelConverter$ dataType (Lcom/mendix/systemwideinterfaces/core/meta/IMetaPrimitive;)Lcom/mendix/datastorage/model/MemberDataType; 319 <appendix> argL0 ; # com/mendix/datastorage/model/ModelConverter$$$Lambda+0x00000217d27ddab0
instanceKlass com/mendix/datastorage/model/Index$SortDirection
instanceKlass com/mendix/datastorage/model/IndexMember$
instanceKlass  @bci com/mendix/datastorage/model/ModelConverter$ indexMembers$1 (Lcom/mendix/systemwideinterfaces/core/meta/IMetaObjectIndex;)Lscala/collection/immutable/List; 21 <appendix> member <vmtarget> ; # com/mendix/datastorage/model/ModelConverter$$$Lambda+0x00000217d27dcdd0
instanceKlass com/mendix/datastorage/model/IndexMember
instanceKlass  @bci com/mendix/datastorage/model/ModelConverter$ dataType (Lcom/mendix/systemwideinterfaces/core/meta/IMetaPrimitive;)Lcom/mendix/datastorage/model/MemberDataType; 385 <appendix> argL0 ; # com/mendix/datastorage/model/ModelConverter$$$Lambda+0x00000217d27dc750
instanceKlass  @bci com/mendix/datastorage/model/ModelConverter$ dataType (Lcom/mendix/systemwideinterfaces/core/meta/IMetaPrimitive;)Lcom/mendix/datastorage/model/MemberDataType; 380 <appendix> argL0 ; # com/mendix/datastorage/model/ModelConverter$$$Lambda+0x00000217d27dc398
instanceKlass  @bci com/mendix/datastorage/model/ModelConverter$ dataType (Lcom/mendix/systemwideinterfaces/core/meta/IMetaPrimitive;)Lcom/mendix/datastorage/model/MemberDataType; 264 <appendix> argL0 ; # com/mendix/datastorage/model/ModelConverter$$$Lambda+0x00000217d27dbfe0
instanceKlass  @bci com/mendix/datastorage/model/ModelConverter$ dataType (Lcom/mendix/systemwideinterfaces/core/meta/IMetaPrimitive;)Lcom/mendix/datastorage/model/MemberDataType; 259 <appendix> member <vmtarget> ; # com/mendix/datastorage/model/ModelConverter$$$Lambda+0x00000217d27dbc20
instanceKlass  @bci com/mendix/datastorage/model/ModelConverter$ dataType (Lcom/mendix/systemwideinterfaces/core/meta/IMetaPrimitive;)Lcom/mendix/datastorage/model/MemberDataType; 233 <appendix> argL0 ; # com/mendix/datastorage/model/ModelConverter$$$Lambda+0x00000217d27db868
instanceKlass  @bci com/mendix/datastorage/model/EntityType <init> (Ljava/util/UUID;Ljava/lang/String;Lscala/collection/immutable/List;Lscala/collection/immutable/Map;Lscala/collection/immutable/Map;ZLcom/mendix/datastorage/model/EntitySource;Lscala/Option;Lscala/collection/immutable/List;Lscala/collection/immutable/List;Lscala/collection/immutable/List;)V 144 <appendix> argL0 ; # com/mendix/datastorage/model/EntityType$$Lambda+0x00000217d27db4b0
instanceKlass  @bci com/mendix/datastorage/model/EntityType <init> (Ljava/util/UUID;Ljava/lang/String;Lscala/collection/immutable/List;Lscala/collection/immutable/Map;Lscala/collection/immutable/Map;ZLcom/mendix/datastorage/model/EntitySource;Lscala/Option;Lscala/collection/immutable/List;Lscala/collection/immutable/List;Lscala/collection/immutable/List;)V 127 <appendix> argL0 ; # com/mendix/datastorage/model/EntityType$$Lambda+0x00000217d27db0f8
instanceKlass  @bci com/mendix/datastorage/model/EntityType <init> (Ljava/util/UUID;Ljava/lang/String;Lscala/collection/immutable/List;Lscala/collection/immutable/Map;Lscala/collection/immutable/Map;ZLcom/mendix/datastorage/model/EntitySource;Lscala/Option;Lscala/collection/immutable/List;Lscala/collection/immutable/List;Lscala/collection/immutable/List;)V 105 <appendix> argL0 ; # com/mendix/datastorage/model/EntityType$$Lambda+0x00000217d27dae50
instanceKlass  @bci com/mendix/datastorage/model/EntityType <init> (Ljava/util/UUID;Ljava/lang/String;Lscala/collection/immutable/List;Lscala/collection/immutable/Map;Lscala/collection/immutable/Map;ZLcom/mendix/datastorage/model/EntitySource;Lscala/Option;Lscala/collection/immutable/List;Lscala/collection/immutable/List;Lscala/collection/immutable/List;)V 84 <appendix> argL0 ; # com/mendix/datastorage/model/EntityType$$Lambda+0x00000217d27daba8
instanceKlass scala/runtime/AbstractFunction11
instanceKlass scala/Function11
instanceKlass com/mendix/datastorage/model/LocalEntitySource$
instanceKlass  @bci com/mendix/datastorage/model/ModelConverter$ toAccessRule$1 (Lcom/mendix/systemwideinterfaces/core/meta/IMetaObjectAccess;Lcom/mendix/systemwideinterfaces/core/meta/IMetaObject;Lscala/collection/immutable/Map;)Lcom/mendix/datastorage/model/AccessRule; 66 <appendix> argL0 ; # com/mendix/datastorage/model/ModelConverter$$$Lambda+0x00000217d27da328
instanceKlass  @bci com/mendix/datastorage/model/ModelConverter$ getUuidOfMembers$1 (Lscala/Function1;Lcom/mendix/systemwideinterfaces/core/meta/IMetaObjectAccess;Lcom/mendix/systemwideinterfaces/core/meta/IMetaObject;)Lscala/collection/immutable/Set; 20 <appendix> member <vmtarget> ; # com/mendix/datastorage/model/ModelConverter$$$Lambda+0x00000217d27d9f68
instanceKlass  @bci com/mendix/datastorage/model/ModelConverter$ toAccessRule$1 (Lcom/mendix/systemwideinterfaces/core/meta/IMetaObjectAccess;Lcom/mendix/systemwideinterfaces/core/meta/IMetaObject;Lscala/collection/immutable/Map;)Lcom/mendix/datastorage/model/AccessRule; 56 <appendix> argL0 ; # com/mendix/datastorage/model/ModelConverter$$$Lambda+0x00000217d27d9bb0
instanceKlass  @bci com/mendix/datastorage/model/ModelConverter$ getAccessRules (Lcom/mendix/systemwideinterfaces/core/meta/IMetaObject;)Lscala/collection/immutable/List; 35 <appendix> member <vmtarget> ; # com/mendix/datastorage/model/ModelConverter$$$Lambda+0x00000217d27d97f0
instanceKlass com/mendix/datastorage/model/AccessRule
instanceKlass com/mendix/datastorage/model/AccessRuleBase
instanceKlass  @bci com/mendix/datastorage/model/ModelConverter$ metaObjectAccessWithConstraints$1 (Lcom/mendix/systemwideinterfaces/core/meta/IMetaObject;)Lscala/collection/mutable/Buffer; 15 <appendix> argL0 ; # com/mendix/datastorage/model/ModelConverter$$$Lambda+0x00000217d27d8ee8
instanceKlass  @bci com/mendix/datastorage/model/ModelConverter$ getUniqueConstraints (Lcom/mendix/systemwideinterfaces/core/meta/IMetaObject;)Lscala/collection/immutable/List; 74 <appendix> argL0 ; # com/mendix/datastorage/model/ModelConverter$$$Lambda+0x00000217d27d8b30
instanceKlass com/mendix/datastorage/model/UniqueConstraint
instanceKlass  @bci com/mendix/datastorage/model/ModelConverter$ getUniqueConstraints (Lcom/mendix/systemwideinterfaces/core/meta/IMetaObject;)Lscala/collection/immutable/List; 29 <appendix> argL0 ; # com/mendix/datastorage/model/ModelConverter$$$Lambda+0x00000217d27d8778
instanceKlass  @bci com/mendix/datastorage/model/ModelConverter$ getUniqueConstraints (Lcom/mendix/systemwideinterfaces/core/meta/IMetaObject;)Lscala/collection/immutable/List; 21 <appendix> member <vmtarget> ; # com/mendix/datastorage/model/ModelConverter$$$Lambda+0x00000217d27d83b8
instanceKlass  @bci com/mendix/datastorage/model/ModelConverter$ toEntityType (Lcom/mendix/systemwideinterfaces/core/meta/IMetaObject;)Lcom/mendix/datastorage/model/EntityType; 171 <appendix> argL0 ; # com/mendix/datastorage/model/ModelConverter$$$Lambda+0x00000217d27d8000
instanceKlass com/mendix/datastorage/model/Index
instanceKlass  @bci com/mendix/datastorage/model/ModelConverter$ toEntityType (Lcom/mendix/systemwideinterfaces/core/meta/IMetaObject;)Lcom/mendix/datastorage/model/EntityType; 141 <appendix> argL0 ; # com/mendix/datastorage/model/ModelConverter$$$Lambda+0x00000217d27d7608
instanceKlass com/mendix/datastorage/model/MemberDataType$Long$
instanceKlass com/mendix/datastorage/model/Model$
instanceKlass com/mendix/datastorage/model/NameValidation$
instanceKlass  @bci com/mendix/datastorage/model/AttributeType <init> (Ljava/util/UUID;Ljava/lang/String;Lcom/mendix/datastorage/model/MemberDataType;Lscala/Option;)V 84 <appendix> argL0 ; # com/mendix/datastorage/model/AttributeType$$Lambda+0x00000217d27d6b10
instanceKlass  @bci com/mendix/datastorage/model/AttributeType <init> (Ljava/util/UUID;Ljava/lang/String;Lcom/mendix/datastorage/model/MemberDataType;Lscala/Option;)V 63 <appendix> argL0 ; # com/mendix/datastorage/model/AttributeType$$Lambda+0x00000217d27d6868
instanceKlass  @bci com/mendix/datastorage/model/AttributeType <init> (Ljava/util/UUID;Ljava/lang/String;Lcom/mendix/datastorage/model/MemberDataType;Lscala/Option;)V 42 <appendix> argL0 ; # com/mendix/datastorage/model/AttributeType$$Lambda+0x00000217d27d65c0
instanceKlass  @bci com/mendix/datastorage/model/ModelConverter$ dataType (Lcom/mendix/systemwideinterfaces/core/meta/IMetaPrimitive;)Lcom/mendix/datastorage/model/MemberDataType; 483 <appendix> member <vmtarget> ; # com/mendix/datastorage/model/ModelConverter$$$Lambda+0x00000217d27d6200
instanceKlass  @bci com/mendix/datastorage/model/ModelConverter$ dataType (Lcom/mendix/systemwideinterfaces/core/meta/IMetaPrimitive;)Lcom/mendix/datastorage/model/MemberDataType; 476 <appendix> argL0 ; # com/mendix/datastorage/model/ModelConverter$$$Lambda+0x00000217d27d5b68
instanceKlass com/mendix/datastorage/DsMetaPrimitive
instanceKlass  @bci com/mendix/datastorage/model/ModelConverter$ dataType (Lcom/mendix/systemwideinterfaces/core/meta/IMetaPrimitive;)Lcom/mendix/datastorage/model/MemberDataType; 12 <appendix> argL0 ; # com/mendix/datastorage/model/ModelConverter$$$Lambda+0x00000217d27d51a0
instanceKlass  @bci com/mendix/datastorage/model/ModelConverter$ toAttributeType (Lcom/mendix/systemwideinterfaces/core/meta/IMetaPrimitive;)Lcom/mendix/datastorage/model/AttributeType; 22 <appendix> argL0 ; # com/mendix/datastorage/model/ModelConverter$$$Lambda+0x00000217d27d4de8
instanceKlass  @bci com/mendix/datastorage/model/ModelConverter$ toEntityType (Lcom/mendix/systemwideinterfaces/core/meta/IMetaObject;)Lcom/mendix/datastorage/model/EntityType; 47 <appendix> argL0 ; # com/mendix/datastorage/model/ModelConverter$$$Lambda+0x00000217d27d4a30
instanceKlass com/mendix/datastorage/model/AttributeType
instanceKlass  @bci com/mendix/datastorage/model/ModelConverter$ toEntityType (Lcom/mendix/systemwideinterfaces/core/meta/IMetaObject;)Lcom/mendix/datastorage/model/EntityType; 23 <appendix> argL0 ; # com/mendix/datastorage/model/ModelConverter$$$Lambda+0x00000217d27d4390
instanceKlass com/mendix/objectmanagement/meta/metamodel/IMetaObjectSource
instanceKlass scala/jdk/OptionConverters$RichOption$
instanceKlass scala/jdk/OptionConverters$
instanceKlass scala/jdk/OptionConverters$RichOptional$
instanceKlass  @bci com/mendix/datastorage/model/ModelConverter$ convert (Lscala/collection/immutable/Seq;Lscala/collection/immutable/Seq;)Lcom/mendix/datastorage/model/Model; 104 <appendix> argL0 ; # com/mendix/datastorage/model/ModelConverter$$$Lambda+0x00000217d27d3de8
instanceKlass com/mendix/datastorage/model/EntityType
instanceKlass  @bci com/mendix/datastorage/model/ModelConverter$ getAssociationTypes (Lscala/collection/immutable/Seq;)Lscala/Tuple3; 41 <appendix> argL0 ; # com/mendix/datastorage/model/ModelConverter$$$Lambda+0x00000217d27d36b8
instanceKlass  @bci com/mendix/datastorage/model/ModelConverter$ getAssociationTypes (Lscala/collection/immutable/Seq;)Lscala/Tuple3; 26 <appendix> argL0 ; # com/mendix/datastorage/model/ModelConverter$$$Lambda+0x00000217d27d3300
instanceKlass  @bci scala/collection/IterableOps $anonfun$groupMap$1 (Lscala/collection/IterableOps;Lscala/Function1;Lscala/collection/mutable/Map;Lscala/Function1;Ljava/lang/Object;)Lscala/collection/mutable/Builder; 14 <appendix> member <vmtarget> ; # scala/collection/IterableOps$$Lambda+0x00000217d27cc7b8
instanceKlass  @bci scala/collection/IterableOps groupMap (Lscala/Function1;Lscala/Function1;)Lscala/collection/immutable/Map; 15 <appendix> member <vmtarget> ; # scala/collection/IterableOps$$Lambda+0x00000217d27cc3f8
instanceKlass  @bci com/mendix/datastorage/model/ModelConverter$ associationByEntity$1 (Lscala/collection/immutable/Seq;Lscala/Function1;)Lscala/collection/immutable/Map; 15 <appendix> argL0 ; # com/mendix/datastorage/model/ModelConverter$$$Lambda+0x00000217d27d2f48
instanceKlass  @bci com/mendix/datastorage/model/ModelConverter$ associationByEntity$1 (Lscala/collection/immutable/Seq;Lscala/Function1;)Lscala/collection/immutable/Map; 10 <appendix> argL0 ; # com/mendix/datastorage/model/ModelConverter$$$Lambda+0x00000217d27d2b90
instanceKlass  @bci com/mendix/datastorage/model/ModelConverter$ toSideIdsWithInfo$1 (Lcom/mendix/datastorage/model/ModelConverter$AssociationTypeInfo;)Lscala/collection/immutable/Seq; 5 <appendix> member <vmtarget> ; # com/mendix/datastorage/model/ModelConverter$$$Lambda+0x00000217d27d27d0
instanceKlass  @bci com/mendix/datastorage/model/ModelConverter$ getAssociationTypes (Lscala/collection/immutable/Seq;)Lscala/Tuple3; 16 <appendix> argL0 ; # com/mendix/datastorage/model/ModelConverter$$$Lambda+0x00000217d27d2418
instanceKlass com/mendix/datastorage/model/Association$OneToOne$
instanceKlass com/mendix/datastorage/model/Association$ManyToMany$
instanceKlass com/mendix/datastorage/model/DeleteBehavior$Cascade$
instanceKlass com/mendix/datastorage/model/DeleteBehavior$Restrict$
instanceKlass com/mendix/datastorage/model/Association$EntityColumn$
instanceKlass com/mendix/datastorage/model/AssociationType
instanceKlass com/mendix/datastorage/model/Navigability$BothDirections$
instanceKlass com/mendix/datastorage/model/Navigability
instanceKlass com/mendix/datastorage/model/DeleteBehavior$Keep$
instanceKlass com/mendix/datastorage/model/DeleteBehavior
instanceKlass com/mendix/datastorage/model/Association$JoinTable$
instanceKlass com/mendix/datastorage/model/Association$StorageFormat
instanceKlass com/mendix/datastorage/model/Association$OneToMany$
instanceKlass com/mendix/datastorage/model/Association$Cardinality
instanceKlass  @bci com/mendix/datastorage/model/ModelConverter$ getAssociationTypes (Lscala/collection/immutable/Seq;)Lscala/Tuple3; 1 <appendix> argL0 ; # com/mendix/datastorage/model/ModelConverter$$$Lambda+0x00000217d27d0000
instanceKlass com/mendix/datastorage/model/ModelConverter$AssociationTypeInfo
instanceKlass  @bci com/mendix/datastorage/model/ModelConverter$ toSeq$1 (Ljava/lang/Iterable;)Lscala/collection/immutable/Seq; 15 <appendix> argL0 ; # com/mendix/datastorage/model/ModelConverter$$$Lambda+0x00000217d27cb820
instanceKlass scala/collection/convert/AsScalaExtensions$IterableHasAsScala
instanceKlass  @bci com/mendix/datastorage/model/ModelConverter$ toSeq$1 (Ljava/lang/Iterable;)Lscala/collection/immutable/Seq; 7 <appendix> argL0 ; # com/mendix/datastorage/model/ModelConverter$$$Lambda+0x00000217d27cb468
instanceKlass com/mendix/datastorage/model/EntitySource
instanceKlass com/mendix/datastorage/model/DefaultValueDataType
instanceKlass com/mendix/datastorage/model/MemberDataType
instanceKlass com/mendix/datastorage/model/ModelConverter$
instanceKlass com/mendix/basis/util/DatabaseProfilerImpl
instanceKlass com/mendix/basis/impl/MxRuntimeImpl$$anon$1
instanceKlass com/mendix/basis/conf/PerformDeleteFromStorage$AllFiles$
instanceKlass  @bci com/mendix/modules/queue/TaskQueueManager registerActions (Lcom/mendix/basis/actionmanagement/IActionRegistry;)V 8 <appendix> member <vmtarget> ; # com/mendix/modules/queue/TaskQueueManager$$Lambda+0x00000217d27c9a70
instanceKlass com/mendix/languages/mxexpressions/MxExpressionImpl
instanceKlass  @bci com/mendix/languages/mxexpressions/MxExpressionParser parse (Ljava/lang/String;)Lcom/mendix/languages/mxexpressions/MxExpressionImpl; 68 <appendix> argL0 ; # com/mendix/languages/mxexpressions/MxExpressionParser$$Lambda+0x00000217d27c93a0
instanceKlass scala/collection/concurrent/TrieMapIterator$
instanceKlass scala/collection/concurrent/RDCSS_Descriptor
instanceKlass  @bci com/mendix/languages/ExpressionParser binaryExpr (Lorg/antlr/v4/runtime/ParserRuleContext;Lorg/antlr/v4/runtime/Token;)V 9 <appendix> member <vmtarget> ; # com/mendix/languages/ExpressionParser$$Lambda+0x00000217d27c8fe0
instanceKlass  @bci com/mendix/languages/ExpressionParser sequenceExpr (Lorg/antlr/v4/runtime/ParserRuleContext;Lscala/collection/immutable/Seq;)V 46 <appendix> member <vmtarget> ; # com/mendix/languages/ExpressionParser$$Lambda+0x00000217d27c8a40
instanceKlass  @bci com/mendix/languages/ExpressionParser sequenceExpr (Lorg/antlr/v4/runtime/ParserRuleContext;Lscala/collection/immutable/Seq;)V 10 <appendix> member <vmtarget> ; # com/mendix/languages/ExpressionParser$$Lambda+0x00000217d27c8680
instanceKlass  @bci com/mendix/languages/ExpressionParser unaryExpr (Lorg/antlr/v4/runtime/ParserRuleContext;Lorg/antlr/v4/runtime/tree/TerminalNode;)V 9 <appendix> member <vmtarget> ; # com/mendix/languages/ExpressionParser$$Lambda+0x00000217d27c82c0
instanceKlass com/mendix/languages/expressions/SourceRef
instanceKlass org/antlr/v4/runtime/tree/ParseTreeWalker
instanceKlass org/antlr/v4/runtime/tree/TerminalNodeImpl
instanceKlass org/antlr/v4/runtime/misc/DoubleKeyMap
instanceKlass java/util/BitSet
instanceKlass org/antlr/v4/runtime/atn/LL1Analyzer
instanceKlass org/antlr/v4/runtime/CommonToken
instanceKlass org/antlr/v4/runtime/WritableToken
instanceKlass org/antlr/v4/runtime/misc/MurmurHash
instanceKlass  @bci com/mendix/languages/MxErrorHandler <init> (Ljava/lang/String;Lscala/collection/immutable/Seq;)V 11 <appendix> member <vmtarget> ; # com/mendix/languages/MxErrorHandler$$Lambda+0x00000217d27c5640
instanceKlass org/antlr/v4/runtime/atn/ParserATNSimulator$1
instanceKlass org/antlr/v4/runtime/atn/SemanticContext
instanceKlass org/antlr/v4/runtime/DefaultErrorStrategy
instanceKlass org/antlr/v4/runtime/tree/ErrorNode
instanceKlass org/antlr/v4/runtime/tree/TerminalNode
instanceKlass org/antlr/v4/runtime/ANTLRErrorStrategy
instanceKlass org/antlr/v4/runtime/BufferedTokenStream
instanceKlass org/antlr/v4/runtime/atn/LexerATNSimulator$SimState
instanceKlass org/antlr/v4/runtime/misc/AbstractEqualityComparator
instanceKlass org/antlr/v4/runtime/misc/EqualityComparator
instanceKlass org/antlr/v4/runtime/misc/Array2DHashSet
instanceKlass org/antlr/v4/runtime/dfa/DFAState
instanceKlass org/antlr/v4/runtime/atn/ATNConfigSet
instanceKlass org/antlr/v4/runtime/atn/ATNConfig
instanceKlass org/antlr/v4/runtime/misc/IntegerList
instanceKlass org/antlr/v4/runtime/Token
instanceKlass org/antlr/v4/runtime/CommonTokenFactory
instanceKlass org/antlr/v4/runtime/TokenFactory
instanceKlass org/antlr/v4/runtime/BaseErrorListener
instanceKlass org/antlr/v4/runtime/dfa/DFASerializer
instanceKlass org/antlr/v4/runtime/dfa/DFA
instanceKlass org/antlr/v4/runtime/atn/LexerChannelAction
instanceKlass org/antlr/v4/runtime/atn/ATNDeserializer$1
instanceKlass org/antlr/v4/runtime/misc/Interval
instanceKlass org/antlr/v4/runtime/misc/IntervalSet
instanceKlass org/antlr/v4/runtime/misc/Pair
instanceKlass org/antlr/v4/runtime/misc/IntSet
instanceKlass org/antlr/v4/runtime/atn/ATN
instanceKlass org/antlr/v4/runtime/atn/ATNDeserializationOptions
instanceKlass org/antlr/v4/runtime/atn/ATNState
instanceKlass org/antlr/v4/runtime/atn/Transition
instanceKlass org/antlr/v4/runtime/atn/LexerAction
instanceKlass org/antlr/v4/runtime/atn/ATNDeserializer
instanceKlass org/antlr/v4/runtime/VocabularyImpl
instanceKlass org/antlr/v4/runtime/atn/PredictionContext
instanceKlass org/antlr/v4/runtime/atn/PredictionContextCache
instanceKlass org/antlr/v4/runtime/RuntimeMetaData
instanceKlass org/antlr/v4/runtime/Vocabulary
instanceKlass org/antlr/v4/runtime/atn/ATNSimulator
instanceKlass org/antlr/v4/runtime/ANTLRErrorListener
instanceKlass org/antlr/v4/runtime/CodePointCharStream$1
instanceKlass org/antlr/v4/runtime/CodePointCharStream
instanceKlass org/antlr/v4/runtime/CodePointBuffer$1
instanceKlass org/antlr/v4/runtime/CodePointBuffer$Builder
instanceKlass org/antlr/v4/runtime/CodePointBuffer
instanceKlass org/antlr/v4/runtime/CharStreams
instanceKlass  @bci com/mendix/languages/mxexpressions/MxExpressionParser parse (Ljava/lang/String;)Lcom/mendix/languages/mxexpressions/MxExpressionImpl; 21 <appendix> argL0 ; # com/mendix/languages/mxexpressions/MxExpressionParser$$Lambda+0x00000217d27b1770
instanceKlass  @bci com/mendix/languages/mxexpressions/MxExpressionParser parse (Ljava/lang/String;)Lcom/mendix/languages/mxexpressions/MxExpressionImpl; 16 <appendix> argL0 ; # com/mendix/languages/mxexpressions/MxExpressionParser$$Lambda+0x00000217d27b0f30
instanceKlass org/antlr/v4/runtime/TokenStream
instanceKlass  @bci com/mendix/languages/mxexpressions/MxExpressionParser parse (Ljava/lang/String;)Lcom/mendix/languages/mxexpressions/MxExpressionImpl; 11 <appendix> argL0 ; # com/mendix/languages/mxexpressions/MxExpressionParser$$Lambda+0x00000217d27afc20
instanceKlass org/antlr/v4/runtime/Recognizer
instanceKlass org/antlr/v4/runtime/CharStream
instanceKlass org/antlr/v4/runtime/IntStream
instanceKlass org/antlr/v4/runtime/TokenSource
instanceKlass com/mendix/languages/ASTBuilder$
instanceKlass org/antlr/v4/runtime/RuleContext
instanceKlass org/antlr/v4/runtime/tree/RuleNode
instanceKlass org/antlr/v4/runtime/tree/ParseTree
instanceKlass org/antlr/v4/runtime/tree/SyntaxTree
instanceKlass org/antlr/v4/runtime/tree/Tree
instanceKlass com/mendix/languages/expressions/Expr
instanceKlass com/mendix/languages/parsers/MxExpressionsBaseListener
instanceKlass com/mendix/languages/parsers/MxExpressionsListener
instanceKlass org/antlr/v4/runtime/tree/ParseTreeListener
instanceKlass com/mendix/languages/ExpressionParser
instanceKlass com/mendix/languages/mxexpressions/MxExpressionASTBuilder$
instanceKlass  @bci com/mendix/languages/LanguageParserUtil$ parseMxExpression (Lcom/mendix/basis/component/LocalComponent;Ljava/lang/String;)Lcom/mendix/languages/mxexpressions/MxExpressionImpl; 10 <appendix> member <vmtarget> ; # com/mendix/languages/LanguageParserUtil$$$Lambda+0x00000217d27a4638
instanceKlass com/mendix/languages/LanguageParserUtil$ComponentEvaluationContext
instanceKlass com/mendix/languages/expressions/EvaluationContext
instanceKlass com/mendix/languages/LanguageParserUtil$ComponentLookup
instanceKlass com/mendix/languages/ExpressionParser$Lookup
instanceKlass com/mendix/languages/LanguageParserUtil$
instanceKlass  @bci com/mendix/modules/queue/TaskQueues parseQueueConfig (Ljava/lang/String;Lcom/mendix/model/queues/ModelQueueConfig;Lcom/mendix/logging/ILogNode;)Lcom/mendix/modules/queue/QueueConfiguration; 25 <appendix> member <vmtarget> ; # com/mendix/modules/queue/TaskQueues$$Lambda+0x00000217d27a3748
instanceKlass  @bci com/mendix/modules/queue/TaskQueues <init> (Lcom/mendix/basis/component/InternalCore;Lcom/mendix/basis/component/LocalComponent;Lscala/Function2;)V 57 <appendix> member <vmtarget> ; # com/mendix/modules/queue/TaskQueues$$Lambda+0x00000217d27a3388
instanceKlass  @bci com/mendix/basis/impl/MxRuntimeImpl $anonfun$initializeCore$1 (Lcom/mendix/basis/impl/MxRuntimeImpl;)V 300 <appendix> member <vmtarget> ; # com/mendix/basis/impl/MxRuntimeImpl$$Lambda+0x00000217d27a2de8
instanceKlass  @bci com/mendix/integration/webservices/publish/PublishedWebserviceModuleImpl$ apply (Lcom/mendix/integration/internal/InternalIntegration;Lscala/collection/immutable/Map;)Lscala/Option; 13 <appendix> member <vmtarget> ; # com/mendix/integration/webservices/publish/PublishedWebserviceModuleImpl$$$Lambda+0x00000217d27a2b38
instanceKlass com/mendix/integration/webservices/publish/PublishedWebserviceModuleImpl
instanceKlass com/mendix/integration/webservices/publish/PublishedWebserviceModule
instanceKlass com/mendix/integration/webservices/publish/PublishedWebserviceModuleImpl$
instanceKlass  @bci com/mendix/integration/webservices/call/ConsumedWebserviceModuleImpl$ apply (Lcom/mendix/integration/internal/InternalIntegration;Lscala/collection/immutable/Map;)Lscala/Option; 13 <appendix> member <vmtarget> ; # com/mendix/integration/webservices/call/ConsumedWebserviceModuleImpl$$$Lambda+0x00000217d27a2230
instanceKlass com/mendix/integration/webservices/call/ConsumedWebserviceModuleImpl
instanceKlass com/mendix/integration/webservices/call/ConsumedWebserviceModule
instanceKlass com/mendix/integration/webservices/call/ConsumedWebserviceModuleImpl$
instanceKlass  @bci com/mendix/modules/queue/ScheduledEvents$ com$mendix$modules$queue$ScheduledEvents$$createScheduledEventForClusterAction (Ljava/lang/String;Lscala/concurrent/duration/FiniteDuration;Lscala/concurrent/duration/FiniteDuration;)Lcom/mendix/model/scheduledevents/ModelScheduledEvent; 48 <appendix> argL0 ; # com/mendix/modules/queue/ScheduledEvents$$$Lambda+0x00000217d27a19f8
instanceKlass  @bci com/mendix/modules/queue/ScheduledEvents$PeriodicActionSchedule <init> (Lscala/concurrent/duration/FiniteDuration;Lscala/concurrent/duration/FiniteDuration;)V 44 <appendix> argL0 ; # com/mendix/modules/queue/ScheduledEvents$PeriodicActionSchedule$$Lambda+0x00000217d27a17e8
instanceKlass com/mendix/modules/queue/ScheduledEvents$PeriodicActionSchedule
instanceKlass  @bci com/mendix/modules/queue/ScheduledEvents registerPeriodicAction (Ljava/lang/String;Lscala/concurrent/duration/FiniteDuration;Lscala/concurrent/duration/FiniteDuration;)V 15 <appendix> argL0 ; # com/mendix/modules/queue/ScheduledEvents$$Lambda+0x00000217d27a1208
instanceKlass  @bci com/mendix/basis/impl/MxRuntimeImpl scheduledEvents ()Lcom/mendix/modules/queue/ScheduledEvents; 4 <appendix> argL0 ; # com/mendix/basis/impl/MxRuntimeImpl$$Lambda+0x00000217d27a0f60
instanceKlass  @bci com/mendix/basis/actionmanagement/ActionRegistry lambdaUserActionFor (Lscala/Function2;)Lscala/Function3; 1 <appendix> member <vmtarget> ; # com/mendix/basis/actionmanagement/ActionRegistry$$Lambda+0x00000217d27a0d20
instanceKlass  @bci com/mendix/basis/impl/MxRuntimeImpl registerClusterManagementAction (Lcom/mendix/basis/action/system/ClusterManagementAction;Lscala/concurrent/duration/FiniteDuration;Lscala/concurrent/duration/FiniteDuration;)V 12 <appendix> member <vmtarget> ; # com/mendix/basis/impl/MxRuntimeImpl$$Lambda+0x00000217d27a0780
instanceKlass  @bci com/mendix/webui/internal/WebUIImpl scheduleClusterManagement ()V 159 <appendix> member <vmtarget> ; # com/mendix/webui/internal/WebUIImpl$$Lambda+0x00000217d27a03c0
instanceKlass  @bci com/mendix/webui/actions/client/AsyncActionResultStore deleteExpiredJobs ()Lcom/mendix/basis/action/system/ClusterManagementAction; 14 <appendix> member <vmtarget> ; # com/mendix/webui/actions/client/AsyncActionResultStore$$Lambda+0x00000217d27a0000
instanceKlass com/mendix/webui/actions/client/AsyncActionResultConverter
instanceKlass com/mendix/webui/requesthandling/helpers/StateHandling
instanceKlass com/mendix/webui/requesthandling/helpers/ResponseHandling
instanceKlass com/mendix/webui/actions/client/AsyncActionResultStore
instanceKlass com/mendix/webui/actions/client/StoredAsyncActionRunner
instanceKlass  @bci com/mendix/webui/actions/client/offline/internal/SynchronizationHistoryManager$ deleteExpired (Lcom/mendix/basis/component/InternalCore;Lcom/mendix/basis/objectmanagement/SchemeManager;Lscala/concurrent/duration/Duration;)Lcom/mendix/basis/action/system/ClusterManagementAction; 11 <appendix> member <vmtarget> ; # com/mendix/webui/actions/client/offline/internal/SynchronizationHistoryManager$$$Lambda+0x00000217d279f810
instanceKlass com/mendix/webui/actions/client/offline/internal/SynchronizationHistoryManager$
instanceKlass  @bci com/mendix/webui/actions/client/offline/internal/CreatedGuidsManagerImpl$ deleteExpired (Lcom/mendix/basis/component/InternalCore;Lcom/mendix/basis/objectmanagement/SchemeManager;Lscala/concurrent/duration/Duration;)Lcom/mendix/basis/action/system/ClusterManagementAction; 11 <appendix> member <vmtarget> ; # com/mendix/webui/actions/client/offline/internal/CreatedGuidsManagerImpl$$$Lambda+0x00000217d279f258
instanceKlass com/mendix/webui/actions/client/offline/internal/CreatedGuidsManagerImpl$
instanceKlass com/mendix/webui/actions/client/offline/internal/CreatedGuidsManager
instanceKlass  @bci com/mendix/webui/requesthandling/TemporaryDocumentManager$ deleteExpired (Lcom/mendix/basis/component/InternalCore;Lcom/mendix/basis/objectmanagement/SchemeManager;)Lcom/mendix/basis/action/system/ClusterManagementAction; 10 <appendix> member <vmtarget> ; # com/mendix/webui/requesthandling/TemporaryDocumentManager$$$Lambda+0x00000217d279ea78
instanceKlass com/mendix/basis/action/system/ClusterManagementAction$
instanceKlass com/mendix/webui/requesthandling/TemporaryDocumentManager$
instanceKlass scala/concurrent/duration/package$DurationLong$
instanceKlass scala/concurrent/duration/package$DurationLong
instanceKlass  @bci com/mendix/webui/actions/client/SessionData$ loadMicroflows (Lcom/mendix/core/internal/ICore;)V 31 <appendix> member <vmtarget> ; # com/mendix/webui/actions/client/SessionData$$$Lambda+0x00000217d279d818
instanceKlass com/mendix/webui/actions/client/SessionData$
instanceKlass  @bci com/mendix/webui/schemas/SchemaCache$ clearFromCache (Lscala/collection/immutable/List;)V 1 <appendix> argL0 ; # com/mendix/webui/schemas/SchemaCache$$$Lambda+0x00000217d279d268
instanceKlass com/mendix/webui/schemas/SchemaCache$
instanceKlass  @bci com/mendix/webui/internal/WebUIImpl loadOperations ()V 27 <appendix> argL0 ; # com/mendix/webui/internal/WebUIImpl$$Lambda+0x00000217d279c838
instanceKlass  @bci com/mendix/webui/internal/RuntimeOperationConstantsFormat$ read (Lspray/json/JsValue;)Lscala/collection/immutable/Map; 20 <appendix> argL0 ; # com/mendix/webui/internal/RuntimeOperationConstantsFormat$$$Lambda+0x00000217d279c000
instanceKlass  @bci spray/json/CollectionFormats$$anon$3 read (Lspray/json/JsValue;)Lscala/collection/immutable/Map; 21 <appendix> member <vmtarget> ; # spray/json/CollectionFormats$$anon$3$$Lambda+0x00000217d2795a98
instanceKlass spray/json/StandardFormats$OptionFormat
instanceKlass  @bci spray/json/CollectionFormats$$anon$1 read (Lspray/json/JsValue;)Lscala/collection/immutable/List; 28 <appendix> member <vmtarget> ; # spray/json/CollectionFormats$$anon$1$$Lambda+0x00000217d2795468
instanceKlass spray/json/ProductFormatsInstances$$anon$5
instanceKlass scala/Tuple5
instanceKlass scala/Product5
instanceKlass spray/json/ProductFormats$
instanceKlass  @bci spray/json/ProductFormats extractFieldNames (Lscala/reflect/ClassTag;)[Ljava/lang/String; 234 <appendix> argL0 ; # spray/json/ProductFormats$$Lambda+0x00000217d2797c08
instanceKlass  @bci spray/json/ProductFormats extractFieldNames (Lscala/reflect/ClassTag;)[Ljava/lang/String; 176 <appendix> argL0 ; # spray/json/ProductFormats$$Lambda+0x00000217d2797850
instanceKlass  @bci spray/json/ProductFormats extractFieldNames (Lscala/reflect/ClassTag;)[Ljava/lang/String; 75 <appendix> argL0 ; # spray/json/ProductFormats$$Lambda+0x00000217d2797498
instanceKlass  @bci spray/json/ProductFormats $anonfun$extractFieldNames$2 (Ljava/lang/reflect/Method;)I 37 <appendix> argL0 ; # spray/json/ProductFormats$$Lambda+0x00000217d27970e0
instanceKlass scala/math/Ordering$$anon$1
instanceKlass  @bci spray/json/ProductFormats extractFieldNames (Lscala/reflect/ClassTag;)[Ljava/lang/String; 43 <appendix> argL0 ; # spray/json/ProductFormats$$Lambda+0x00000217d2796d28
instanceKlass  @bci spray/json/ProductFormats extractFieldNames (Lscala/reflect/ClassTag;)[Ljava/lang/String; 29 <appendix> argL0 ; # spray/json/ProductFormats$$Lambda+0x00000217d2796970
instanceKlass scala/reflect/ClassManifestFactory$
instanceKlass scala/reflect/package$
instanceKlass spray/json/CollectionFormats$$anon$3
instanceKlass spray/json/CollectionFormats$$anon$1
instanceKlass spray/json/BasicFormats$StringJsonFormat$
instanceKlass  @bci com/mendix/webui/internal/ModelLoaderJSONProtocol$ <clinit> ()V 63 <appendix> argL0 ; # com/mendix/webui/internal/ModelLoaderJSONProtocol$$$Lambda+0x00000217d2796000
instanceKlass  @cpi com/mendix/webui/internal/ModelLoaderJSONProtocol$ 156 form vmentry <vmtarget> ; # java/lang/invoke/LambdaForm$DMH+0x00000217d2794400
instanceKlass com/mendix/webui/internal/RuntimeOperation
instanceKlass scala/Function5
instanceKlass com/mendix/webui/internal/RuntimeOperationConstantsFormat$
instanceKlass spray/json/RootJsonFormat
instanceKlass spray/json/RootJsonWriter
instanceKlass spray/json/RootJsonReader
instanceKlass com/mendix/webui/internal/ModelLoaderJSONProtocol$
instanceKlass spray/json/DefaultJsonProtocol
instanceKlass spray/json/AdditionalFormats
instanceKlass spray/json/ProductFormats
instanceKlass spray/json/ProductFormatsInstances
instanceKlass spray/json/CollectionFormats
instanceKlass spray/json/StandardFormats
instanceKlass spray/json/BasicFormats
# instanceKlass java/lang/invoke/LambdaForm$MH+0x00000217d2794000
instanceKlass spray/json/JsArray$
instanceKlass spray/json/JsObject$
instanceKlass scala/collection/immutable/StrictOptimizedSortedMapOps
instanceKlass scala/collection/StrictOptimizedSortedMapOps
instanceKlass scala/collection/immutable/SortedMap
instanceKlass scala/collection/immutable/SortedMapOps
instanceKlass scala/collection/SortedMap
instanceKlass scala/collection/SortedMapFactoryDefaults
instanceKlass scala/collection/SortedMapOps
instanceKlass scala/math/Ordering$String$
instanceKlass scala/math/Ordering$StringOrdering
instanceKlass scala/collection/immutable/TreeMap$
instanceKlass scala/collection/SortedMapFactory
instanceKlass spray/json/JsonParserSettings$SettingsImpl
instanceKlass spray/json/JsonParserSettings
instanceKlass spray/json/JsonParserSettings$
instanceKlass spray/json/JsonParser
instanceKlass spray/json/ParserInput$DefaultParserInput
instanceKlass spray/json/ParserInput$
instanceKlass spray/json/JsonParser$
instanceKlass spray/json/RichString
instanceKlass spray/json/package$
instanceKlass  @bci scala/io/BufferedSource <init> (Ljava/io/InputStream;ILscala/io/Codec;)V 59 <appendix> argL0 ; # scala/io/BufferedSource$$Lambda+0x00000217d278b730
instanceKlass  @bci scala/io/BufferedSource <init> (Ljava/io/InputStream;ILscala/io/Codec;)V 49 <appendix> argL0 ; # scala/io/BufferedSource$$Lambda+0x00000217d278b358
instanceKlass scala/runtime/java8/JFunction1$mcZI$sp
instanceKlass  @bci scala/io/BufferedSource <init> (Ljava/io/InputStream;ILscala/io/Codec;)V 30 <appendix> member <vmtarget> ; # scala/io/BufferedSource$$Lambda+0x00000217d278ae98
instanceKlass scala/io/Position
instanceKlass scala/io/Source$Positioner
instanceKlass  @bci scala/io/Source$ fromFile (Ljava/io/File;ILscala/io/Codec;)Lscala/io/BufferedSource; 20 <appendix> member <vmtarget> ; # scala/io/Source$$$Lambda+0x00000217d278a090
instanceKlass  @bci scala/io/Source$ fromFile (Ljava/io/File;ILscala/io/Codec;)Lscala/io/BufferedSource; 13 <appendix> member <vmtarget> ; # scala/io/Source$$$Lambda+0x00000217d2789de0
instanceKlass  @bci scala/io/Codec <init> (Ljava/nio/charset/Charset;)V 30 <appendix> argL0 ; # scala/io/Codec$$Lambda+0x00000217d2789a28
instanceKlass scala/io/Codec
instanceKlass scala/io/Codec$
instanceKlass scala/io/LowPriorityCodecImplicits
instanceKlass scala/io/Source$
instanceKlass  @bci com/mendix/webui/internal/WebUIImpl loadJsonArray (Ljava/lang/String;)Lspray/json/JsArray; 37 <appendix> member <vmtarget> ; # com/mendix/webui/internal/WebUIImpl$$Lambda+0x00000217d2786a98
instanceKlass scala/io/Source
instanceKlass  @bci com/mendix/webui/routing/MicroflowsRouter <init> (Lscala/collection/immutable/Seq;Lcom/mendix/logging/ILogNode;)V 34 <appendix> member <vmtarget> ; # com/mendix/webui/routing/MicroflowsRouter$$Lambda+0x00000217d27866d8
instanceKlass  @bci com/mendix/webui/routing/MicroflowsRouter <init> (Lscala/collection/immutable/Seq;Lcom/mendix/logging/ILogNode;)V 20 <appendix> argL0 ; # com/mendix/webui/routing/MicroflowsRouter$$Lambda+0x00000217d2785e58
instanceKlass  @bci com/mendix/webui/routing/MicroflowsRouter <init> (Lscala/collection/immutable/Seq;Lcom/mendix/logging/ILogNode;)V 7 <appendix> argL0 ; # com/mendix/webui/routing/MicroflowsRouter$$Lambda+0x00000217d2785aa0
instanceKlass  @bci com/mendix/webui/routing/PagesRouter <init> (Lscala/collection/immutable/Seq;Lcom/mendix/logging/ILogNode;)V 74 <appendix> member <vmtarget> ; # com/mendix/webui/routing/PagesRouter$$Lambda+0x00000217d27854b8
instanceKlass com/mendix/webui/routing/RegexRouterEntry
instanceKlass scala/math/Ordering$$anon$4
instanceKlass  @bci com/mendix/webui/routing/PagesRouter <init> (Lscala/collection/immutable/Seq;Lcom/mendix/logging/ILogNode;)V 60 <appendix> argL0 ; # com/mendix/webui/routing/PagesRouter$$Lambda+0x00000217d2784a38
instanceKlass  @bci com/mendix/webui/routing/PagesRouter <init> (Lscala/collection/immutable/Seq;Lcom/mendix/logging/ILogNode;)V 47 <appendix> argL0 ; # com/mendix/webui/routing/PagesRouter$$Lambda+0x00000217d2784680
instanceKlass  @bci com/mendix/webui/routing/PagesRouter <init> (Lscala/collection/immutable/Seq;Lcom/mendix/logging/ILogNode;)V 7 <appendix> argL0 ; # com/mendix/webui/routing/PagesRouter$$Lambda+0x00000217d27842c8
instanceKlass com/mendix/webui/routing/RequestResult
instanceKlass com/mendix/webui/routing/Router
instanceKlass  @bci com/mendix/webui/internal/WebUIImpl loadUrls ()V 28 <appendix> argL0 ; # com/mendix/webui/internal/WebUIImpl$$Lambda+0x00000217d275f2e0
instanceKlass  @bci com/mendix/webui/internal/WebUIImpl loadUrls ()V 7 <appendix> argL0 ; # com/mendix/webui/internal/WebUIImpl$$Lambda+0x00000217d275ef28
instanceKlass com/mendix/basis/state/EmptyRuntimeState$
instanceKlass  @bci scala/collection/mutable/ArrayDeque addAll (Lscala/collection/IterableOnce;)Lscala/collection/mutable/ArrayDeque; 42 <appendix> member <vmtarget> ; # scala/collection/mutable/ArrayDeque$$Lambda+0x00000217d274b4d0
instanceKlass scala/collection/mutable/ArrayDeque$
instanceKlass scala/collection/mutable/ArrayDequeOps
instanceKlass scala/runtime/AbstractFunction4
instanceKlass scala/Function4
instanceKlass com/mendix/basis/action/RequestScope$
instanceKlass com/mendix/basis/action/RequestScope$SavePoint
instanceKlass scala/collection/mutable/Stack$
instanceKlass com/mendix/basis/state/RequestState
instanceKlass com/mendix/basis/state/StateListener
instanceKlass com/mendix/basis/state/RuntimeState
instanceKlass com/mendix/basis/action/RequestScope
instanceKlass com/mendix/basis/action/ContextImpl
instanceKlass com/mendix/webui/tokenhandling/TokenHandler
instanceKlass com/mendix/integration/data/odata/ODataServiceRepositoryImpl
instanceKlass com/mendix/integration/data/odata/ODataServiceRepository
instanceKlass com/mendix/basis/connectionbus/data/DataQueryResult
instanceKlass com/mendix/integration/data/odata/ODataGetRequestHandler
instanceKlass com/mendix/integration/data/odata/CountingDataSourceQueryHandler
instanceKlass  @bci com/mendix/integration/data/IntegrationExternalObjectActionsComponent handleEvent (Lorg/osgi/service/event/Event;)V 89 <appendix> member <vmtarget> ; # com/mendix/integration/data/IntegrationExternalObjectActionsComponent$$Lambda+0x00000217d275c438
instanceKlass cats/Applicative
instanceKlass cats/InvariantMonoidal
instanceKlass cats/Apply
instanceKlass cats/ApplyArityFunctions
instanceKlass cats/InvariantSemigroupal
instanceKlass cats/Semigroupal
instanceKlass com/mendix/integration/data/microflow/ExistingMxObjectFinder
instanceKlass com/mendix/integration/data/ODataParameterSerializer
instanceKlass  @bci com/mendix/integration/data/IntegrationDataMicroflowActions$ apply (Lcom/mendix/basis/component/LocalComponent;Lcom/mendix/integration/data/internal/IntegrationDataModel;Lcom/mendix/integration/data/odata/ServiceProvidesFeed;Lcom/mendix/metrics/InternalMetrics;)Lscala/collection/immutable/Seq; 97 <appendix> member <vmtarget> ; # com/mendix/integration/data/IntegrationDataMicroflowActions$$$Lambda+0x00000217d275b1d8
instanceKlass com/mendix/integration/data/microflow/CallExternalAction$
instanceKlass  @bci com/mendix/integration/data/IntegrationDataMicroflowActions$ apply (Lcom/mendix/basis/component/LocalComponent;Lcom/mendix/integration/data/internal/IntegrationDataModel;Lcom/mendix/integration/data/odata/ServiceProvidesFeed;Lcom/mendix/metrics/InternalMetrics;)Lscala/collection/immutable/Seq; 73 <appendix> member <vmtarget> ; # com/mendix/integration/data/IntegrationDataMicroflowActions$$$Lambda+0x00000217d275aac8
instanceKlass com/mendix/integration/data/microflow/DeleteExternalObjectAction$
instanceKlass  @bci com/mendix/integration/data/microflow/ResponseParser$ remoteToLocalFeed$1 (Lcom/mendix/integration/data/internal/IntegrationDataModel;Lscala/Function0;)Lscala/Function1; 2 <appendix> member <vmtarget> ; # com/mendix/integration/data/microflow/ResponseParser$$$Lambda+0x00000217d275a2a8
instanceKlass com/mendix/integration/data/odata/transformer/RemoteToLocalFeed
instanceKlass com/mendix/integration/data/odata/ODataEntity
instanceKlass com/mendix/integration/data/odata/reader/EntryProperty
instanceKlass com/mendix/integration/data/microflow/ResponseParser
instanceKlass cats/Functor
instanceKlass cats/Invariant
instanceKlass com/mendix/integration/data/odata/reader/JsonFeedParser
instanceKlass com/mendix/integration/data/odata/reader/FeedParser
instanceKlass com/mendix/integration/data/odata/change/ChangerImpl
instanceKlass com/mendix/integration/data/microflow/NewMxObjectInstantiator$
instanceKlass com/mendix/integration/data/microflow/ResponseParser$
instanceKlass com/mendix/integration/data/odata/LogNodes$
instanceKlass com/google/common/cache/CacheLoader
instanceKlass com/mendix/integration/data/ActionMetrics
instanceKlass  @bci com/mendix/integration/data/internal/IntegrationDataModelImpl remoteEnumerations$lzycompute ()Lcom/mendix/integration/data/odata/RemoteEnumerations; 22 <appendix> member <vmtarget> ; # com/mendix/integration/data/internal/IntegrationDataModelImpl$$Lambda+0x00000217d2751c10
instanceKlass com/mendix/integration/data/odata/RemoteEnumerationsFromModel
instanceKlass  @bci com/mendix/integration/data/microflow/SendExternalObjectAction$$anon$1 <init> (Lscala/Function0;Lcom/mendix/integration/data/internal/IntegrationDataModel;Lcom/mendix/metrics/InternalMetrics;Lcom/mendix/basis/component/MxRuntime;Lcom/mendix/basis/component/LocalComponent;Lcom/mendix/integration/data/CallHandler;)V 40 <appendix> member <vmtarget> ; # com/mendix/integration/data/microflow/SendExternalObjectAction$$anon$1$$Lambda+0x00000217d2751728
instanceKlass com/mendix/integration/data/odata/transformer/LocalToRemoteIdentifierImpl
instanceKlass com/mendix/integration/data/ODataObjectSerializerImpl
instanceKlass com/mendix/integration/data/odata/transformer/LocalToRemoteIdentifier
instanceKlass com/mendix/integration/data/ODataObjectSerializer
instanceKlass com/mendix/integration/data/microflow/MxObjectInstantiator
instanceKlass  @bci com/mendix/integration/data/IntegrationDataMicroflowActions$ apply (Lcom/mendix/basis/component/LocalComponent;Lcom/mendix/integration/data/internal/IntegrationDataModel;Lcom/mendix/integration/data/odata/ServiceProvidesFeed;Lcom/mendix/metrics/InternalMetrics;)Lscala/collection/immutable/Seq; 43 <appendix> member <vmtarget> ; # com/mendix/integration/data/IntegrationDataMicroflowActions$$$Lambda+0x00000217d27536a8
instanceKlass com/mendix/integration/data/microflow/SendExternalObjectAction$
instanceKlass com/mendix/integration/data/odata/CallWithRetry$Result
instanceKlass com/mendix/integration/data/odata/CallWithRetryImpl
instanceKlass com/mendix/integration/data/CallHandler
instanceKlass com/mendix/integration/data/IntegrationDataMicroflowActions$
instanceKlass com/mendix/integration/model/microflow/ExpressionParser
instanceKlass  @bci com/mendix/integration/model/internal/IntegrationModelImpl <init> (Lcom/mendix/basis/component/InternalCore;Lcom/mendix/modelstorage/ComponentModelStore;Lcom/mendix/model/security/ModelProjectSecurity;Lcom/mendix/basis/objectmanagement/SchemeManager;)V 462 <appendix> argL0 ; # com/mendix/integration/model/internal/IntegrationModelImpl$$Lambda+0x00000217d27523b8
instanceKlass  @bci com/mendix/integration/model/internal/IntegrationModelImpl <init> (Lcom/mendix/basis/component/InternalCore;Lcom/mendix/modelstorage/ComponentModelStore;Lcom/mendix/model/security/ModelProjectSecurity;Lcom/mendix/basis/objectmanagement/SchemeManager;)V 405 <appendix> argL0 ; # com/mendix/integration/model/internal/IntegrationModelImpl$$Lambda+0x00000217d2752000
instanceKlass  @bci com/mendix/integration/model/internal/IntegrationModelImpl <init> (Lcom/mendix/basis/component/InternalCore;Lcom/mendix/modelstorage/ComponentModelStore;Lcom/mendix/model/security/ModelProjectSecurity;Lcom/mendix/basis/objectmanagement/SchemeManager;)V 381 <appendix> argL0 ; # com/mendix/integration/model/internal/IntegrationModelImpl$$Lambda+0x00000217d2757c28
instanceKlass  @bci com/mendix/integration/model/internal/IntegrationModelImpl <init> (Lcom/mendix/basis/component/InternalCore;Lcom/mendix/modelstorage/ComponentModelStore;Lcom/mendix/model/security/ModelProjectSecurity;Lcom/mendix/basis/objectmanagement/SchemeManager;)V 348 <appendix> member <vmtarget> ; # com/mendix/integration/model/internal/IntegrationModelImpl$$Lambda+0x00000217d2757868
instanceKlass  @bci com/mendix/integration/model/internal/IntegrationModelImpl <init> (Lcom/mendix/basis/component/InternalCore;Lcom/mendix/modelstorage/ComponentModelStore;Lcom/mendix/model/security/ModelProjectSecurity;Lcom/mendix/basis/objectmanagement/SchemeManager;)V 319 <appendix> argL0 ; # com/mendix/integration/model/internal/IntegrationModelImpl$$Lambda+0x00000217d27574b0
instanceKlass  @bci com/mendix/integration/model/internal/IntegrationModelImpl <init> (Lcom/mendix/basis/component/InternalCore;Lcom/mendix/modelstorage/ComponentModelStore;Lcom/mendix/model/security/ModelProjectSecurity;Lcom/mendix/basis/objectmanagement/SchemeManager;)V 262 <appendix> argL0 ; # com/mendix/integration/model/internal/IntegrationModelImpl$$Lambda+0x00000217d27570f8
instanceKlass  @bci scala/collection/SeqOps distinct ()Ljava/lang/Object; 1 <appendix> argL0 ; # scala/collection/SeqOps$$Lambda+0x00000217d274a4c8
instanceKlass  @bci com/mendix/integration/model/internal/IntegrationModelImpl <init> (Lcom/mendix/basis/component/InternalCore;Lcom/mendix/modelstorage/ComponentModelStore;Lcom/mendix/model/security/ModelProjectSecurity;Lcom/mendix/basis/objectmanagement/SchemeManager;)V 214 <appendix> argL0 ; # com/mendix/integration/model/internal/IntegrationModelImpl$$Lambda+0x00000217d2756d40
instanceKlass com/mendix/integration/model/HandlerName
instanceKlass com/mendix/integration/model/internal/ProjectSecurity
instanceKlass  @bci com/mendix/integration/model/internal/IntegrationModelImpl <init> (Lcom/mendix/basis/component/InternalCore;Lcom/mendix/modelstorage/ComponentModelStore;Lcom/mendix/model/security/ModelProjectSecurity;Lcom/mendix/basis/objectmanagement/SchemeManager;)V 49 <appendix> argL0 ; # com/mendix/integration/model/internal/IntegrationModelImpl$$Lambda+0x00000217d27563e0
instanceKlass  @bci com/mendix/integration/model/internal/IntegrationModel documentNames (Lscala/reflect/Manifest;)Lscala/collection/immutable/Map; 16 <appendix> argL0 ; # com/mendix/integration/model/internal/IntegrationModel$$Lambda+0x00000217d2756028
instanceKlass  @bci com/mendix/integration/model/internal/IntegrationModel allDocuments ()Lscala/collection/immutable/Vector; 11 <appendix> argL0 ; # com/mendix/integration/model/internal/IntegrationModel$$Lambda+0x00000217d27557f0
instanceKlass com/mendix/integration/data/odata/RemoteEnumerations
instanceKlass com/mendix/integration/data/odata/RemoteEntities
instanceKlass com/mendix/integration/model/internal/IntegrationModelImpl
instanceKlass  @bci com/mendix/http/configuration/ConfigurationImpl handleModelLoadedEvent ()V 70 <appendix> member <vmtarget> ; # com/mendix/http/configuration/ConfigurationImpl$$Lambda+0x00000217d2754970
instanceKlass  @bci com/mendix/http/configuration/ConfigurationImpl serviceClientCertificates ()Lscala/collection/immutable/Map; 135 <appendix> member <vmtarget> ; # com/mendix/http/configuration/ConfigurationImpl$$Lambda+0x00000217d27545b0
instanceKlass  @bci com/mendix/http/configuration/ConfigurationImpl serviceClientCertificates ()Lscala/collection/immutable/Map; 28 <appendix> argL0 ; # com/mendix/http/configuration/ConfigurationImpl$$Lambda+0x00000217d27541f8
instanceKlass com/mendix/integration/util/IteratorUtil$
instanceKlass com/mendix/integration/util/IteratorUtil$RichIterable$
instanceKlass sun/security/ssl/SSLLogger
instanceKlass javax/net/ssl/X509ExtendedTrustManager
instanceKlass javax/net/ssl/X509TrustManager
instanceKlass sun/security/validator/TrustStoreUtil
instanceKlass javax/net/ssl/TrustManagerFactorySpi
instanceKlass javax/net/ssl/TrustManagerFactory
instanceKlass  @bci com/mendix/http/TrustManagers$ apply (Lscala/collection/immutable/List;Ljava/lang/String;Lcom/mendix/model/settings/ModelSslCertificateAlgorithm;)[Ljavax/net/ssl/TrustManager; 79 <appendix> member <vmtarget> ; # com/mendix/http/TrustManagers$$$Lambda+0x00000217d27478c0
# instanceKlass java/lang/invoke/LambdaForm$DMH+0x00000217d2750c00
# instanceKlass java/lang/invoke/LambdaForm$MH+0x00000217d2750800
# instanceKlass java/lang/invoke/LambdaForm$MH+0x00000217d2750400
# instanceKlass java/lang/invoke/LambdaForm$MH+0x00000217d2750000
instanceKlass sun/security/x509/NetscapeCertTypeExtension$MapEntry
instanceKlass sun/security/x509/RFC822Name
instanceKlass sun/security/util/ECUtil
instanceKlass java/security/interfaces/ECPublicKey
instanceKlass java/security/AlgorithmParametersSpi
instanceKlass java/security/AlgorithmParameters
instanceKlass sun/security/pkcs12/PKCS12KeyStore$Entry
instanceKlass jdk/internal/event/EventHelper$ThreadTrackHolder
instanceKlass sun/security/util/IOUtils
instanceKlass  @bci com/mendix/http/TrustManagers$ apply (Lscala/collection/immutable/List;Ljava/lang/String;Lcom/mendix/model/settings/ModelSslCertificateAlgorithm;)[Ljavax/net/ssl/TrustManager; 55 <appendix> member <vmtarget> ; # com/mendix/http/TrustManagers$$$Lambda+0x00000217d2747500
instanceKlass  @bci sun/security/util/KeyStoreDelegator <init> (Ljava/lang/String;Ljava/lang/Class;Ljava/lang/String;Ljava/lang/Class;)V 4 <appendix> argL0 ; # sun/security/util/KeyStoreDelegator$$Lambda+0x00000217d2760000
instanceKlass java/security/KeyStoreSpi
instanceKlass java/security/KeyStore
instanceKlass  @bci com/mendix/http/configuration/ConfigurationImpl javaKeyStorePassword ()Ljava/lang/String; 17 <appendix> member <vmtarget> ; # com/mendix/http/configuration/ConfigurationImpl$$Lambda+0x00000217d2747250
instanceKlass  @bci com/mendix/http/configuration/ConfigurationImpl caCertificatePaths ()Lscala/collection/immutable/List; 31 <appendix> argL0 ; # com/mendix/http/configuration/ConfigurationImpl$$Lambda+0x00000217d2746e98
instanceKlass  @bci com/mendix/configuration/Configuration$Parameter$RichStringParameter$ commaSeparated$extension (Lcom/mendix/configuration/Configuration$Parameter;)[Ljava/lang/String; 34 <appendix> argL0 ; # com/mendix/configuration/Configuration$Parameter$RichStringParameter$$$Lambda+0x00000217d2746ae0
instanceKlass  @bci com/mendix/configuration/Configuration$Parameter$RichStringParameter$ commaSeparated$extension (Lcom/mendix/configuration/Configuration$Parameter;)[Ljava/lang/String; 11 <appendix> argL0 ; # com/mendix/configuration/Configuration$Parameter$RichStringParameter$$$Lambda+0x00000217d2746838
instanceKlass com/mendix/http/TrustManagers$
instanceKlass javax/net/ssl/TrustManager
instanceKlass com/mendix/http/configuration/InternalProxyConfiguration
instanceKlass scala/Array$UnapplySeqWrapper
instanceKlass scala/Array$UnapplySeqWrapper$
instanceKlass  @bci com/mendix/modelstorage/i18n/I18NProcessor retrieveLocale (Ljava/lang/String;)Ljava/util/Locale; 83 <appendix> member <vmtarget> ; # com/mendix/modelstorage/i18n/I18NProcessor$$Lambda+0x00000217d27461a0
instanceKlass  @bci com/mendix/modelstorage/i18n/I18NProcessor retrieveLocale (Ljava/lang/String;)Ljava/util/Locale; 59 <appendix> member <vmtarget> ; # com/mendix/modelstorage/i18n/I18NProcessor$$Lambda+0x00000217d2745ef0
instanceKlass com/mendix/modelstorage/i18n/I18NProcessor$
instanceKlass com/mendix/connectionbus/InternalConnectionBusStatistics$StatCounter
instanceKlass  @bci com/mendix/metrics/micrometer/MicrometerCounter$ builder (Ljava/lang/String;Lio/micrometer/core/instrument/MeterRegistry;Lcom/mendix/logging/ILogNode;)Lcom/mendix/metrics/MetricBuilder; 19 <appendix> member <vmtarget> ; # com/mendix/metrics/micrometer/MicrometerCounter$$$Lambda+0x00000217d2745728
instanceKlass com/mendix/metrics/micrometer/MicrometerCounter
instanceKlass com/mendix/metrics/Counter
instanceKlass com/mendix/metrics/micrometer/MicrometerCounter$
instanceKlass  @bci com/mendix/metrics/MetricsImpl createCounter (Ljava/lang/String;Lcom/mendix/metrics/InternalMetrics$NameCheck;)Lcom/mendix/metrics/MetricBuilder; 4 <appendix> member <vmtarget> ; # com/mendix/metrics/MetricsImpl$$Lambda+0x00000217d2745050
instanceKlass com/mendix/connectionbus/InternalConnectionBusStatistics$
instanceKlass  @bci com/mendix/workflows/external/runtimeintegration/WorkflowsModel <init> (Lcom/mendix/modelstorage/ProjectModelStore;)V 128 <appendix> argL0 ; # com/mendix/workflows/external/runtimeintegration/WorkflowsModel$$Lambda+0x00000217d2744bb0
instanceKlass  @bci com/mendix/workflows/external/runtimeintegration/WorkflowsModel <init> (Lcom/mendix/modelstorage/ProjectModelStore;)V 45 <appendix> argL0 ; # com/mendix/workflows/external/runtimeintegration/WorkflowsModel$$Lambda+0x00000217d2744380
instanceKlass com/mendix/workflows/external/EntityInstance
instanceKlass com/mendix/workflows/external/runtimeintegration/MendixEntityInstanceFactory
instanceKlass com/mendix/workflows/external/runtimeintegration/MendixLogger
instanceKlass com/mendix/workflows/external/runtimeintegration/MendixDatabaseTransactionManager
instanceKlass com/mendix/workflows/external/ExecutionContext
instanceKlass com/mendix/workflows/external/runtimeintegration/microflow/RefreshUtility
instanceKlass com/mendix/workflows/external/runtimeintegration/MendixExpressionParser
instanceKlass com/mendix/workflows/external/runtimeintegration/WorkflowActions
instanceKlass com/mendix/workflows/external/actions/BoundaryEventActions
instanceKlass com/mendix/workflows/external/runtimeintegration/WorkflowHistoryActions
instanceKlass com/mendix/workflows/external/runtimeintegration/WorkflowJumpToActions
instanceKlass com/mendix/workflows/external/runtimeintegration/WorkflowOperationActions
instanceKlass com/mendix/workflows/external/runtimeintegration/WorkflowUserTaskActions
instanceKlass com/mendix/workflows/external/runtimeintegration/WorkflowWorkflowActions
instanceKlass com/mendix/workflows/definition/WorkflowDefinitionFactory
instanceKlass com/mendix/workflows/external/runtimeintegration/WorkflowsModel
instanceKlass com/mendix/workflows/definition/WorkflowDefinition
instanceKlass com/mendix/workflows/external/WorkflowStorageRepository
instanceKlass com/mendix/workflows/definition/WorkflowDefinitionDatabaseRepository$WorkflowSynchronizationResult
instanceKlass com/mendix/workflows/definition/activities/MicroflowCallSettings
instanceKlass com/mendix/workflows/external/Transaction
instanceKlass com/mendix/workflows/external/EntityId
instanceKlass  @bci com/mendix/extensions/projects/ModelModuleExtension getDocuments (Ljava/lang/Class;)Ljava/util/List; 19 <appendix> member <vmtarget> ; # com/mendix/extensions/projects/ModelModuleExtension$$Lambda+0x00000217d2740c58
instanceKlass com/mendix/basis/event/EventConstants
instanceKlass  @bci com/mendix/util/ProviderWirer handleEvent (Lorg/osgi/service/event/Event;)V 66 <appendix> argL0 ; # com/mendix/util/ProviderWirer$$Lambda+0x00000217d2740580
instanceKlass  @bci com/mendix/basis/stats/RuntimeStatistics gaugeAnonymousSessions$lzycompute ()Lcom/mendix/metrics/AutoGauge; 38 <appendix> member <vmtarget> ; # com/mendix/basis/stats/RuntimeStatistics$$Lambda+0x00000217d27402d0
instanceKlass  @bci com/mendix/basis/stats/RuntimeStatistics gaugeAnonymousSessions$lzycompute ()Lcom/mendix/metrics/AutoGauge; 32 <appendix> member <vmtarget> ; # com/mendix/basis/stats/RuntimeStatistics$$Lambda+0x00000217d2740000
instanceKlass  @bci com/mendix/basis/stats/RuntimeStatistics gaugeNamedUserSessions$lzycompute ()Lcom/mendix/metrics/AutoGauge; 38 <appendix> member <vmtarget> ; # com/mendix/basis/stats/RuntimeStatistics$$Lambda+0x00000217d273fc38
instanceKlass  @bci com/mendix/basis/stats/RuntimeStatistics gaugeNamedUserSessions$lzycompute ()Lcom/mendix/metrics/AutoGauge; 32 <appendix> member <vmtarget> ; # com/mendix/basis/stats/RuntimeStatistics$$Lambda+0x00000217d273f968
instanceKlass  @bci com/mendix/metrics/micrometer/MicrometerUtils$TagMapper2 toMicrometerTags ()Ljava/lang/Iterable; 7 <appendix> argL0 ; # com/mendix/metrics/micrometer/MicrometerUtils$TagMapper2$$Lambda+0x00000217d273f5b0
instanceKlass com/mendix/metrics/micrometer/MicrometerUtils$TagMapper2
instanceKlass com/mendix/metrics/micrometer/MicrometerUtils$
instanceKlass  @bci com/mendix/metrics/micrometer/MicrometerGauge$ $anonfun$builder$4 (Lscala/Function0;Lscala/Function0;Lio/micrometer/core/instrument/MeterRegistry;Lcom/mendix/metrics/MetricBuilder;)Lcom/mendix/metrics/AutoGaugeImpl; 17 <appendix> member <vmtarget> ; # com/mendix/metrics/micrometer/MicrometerGauge$$$Lambda+0x00000217d273ef98
instanceKlass  @bci com/mendix/metrics/micrometer/MicrometerGauge$ builder (Ljava/lang/String;Lio/micrometer/core/instrument/MeterRegistry;Lscala/Function0;Lscala/Function0;)Lcom/mendix/metrics/MetricBuilder; 21 <appendix> member <vmtarget> ; # com/mendix/metrics/micrometer/MicrometerGauge$$$Lambda+0x00000217d273ebd8
instanceKlass com/mendix/metrics/AutoGaugeImpl
instanceKlass com/mendix/metrics/AutoGauge
instanceKlass com/mendix/metrics/Metric
instanceKlass com/mendix/metrics/MetricBuilder$
instanceKlass com/mendix/metrics/micrometer/MicrometerGauge$
instanceKlass  @bci com/mendix/metrics/MetricsImpl factory ()Lcom/mendix/metrics/MetricsFactory; 4 <appendix> argL0 ; # com/mendix/metrics/MetricsImpl$$Lambda+0x00000217d273e130
instanceKlass com/mendix/metrics/InternalMetrics$NameCheck$
instanceKlass  @bci com/mendix/metrics/MetricsImpl createGauge (Ljava/lang/String;Lscala/Function0;Lscala/Function0;Lcom/mendix/metrics/InternalMetrics$NameCheck;)Lcom/mendix/metrics/MetricBuilder; 6 <appendix> member <vmtarget> ; # com/mendix/metrics/MetricsImpl$$Lambda+0x00000217d273dc70
instanceKlass com/mendix/metrics/InternalMetrics$NameCheck$InternalPrefixCheck$
instanceKlass  @bci com/mendix/basis/stats/RuntimeStatistics gaugeNamedUsers$lzycompute ()Lcom/mendix/metrics/AutoGauge; 38 <appendix> member <vmtarget> ; # com/mendix/basis/stats/RuntimeStatistics$$Lambda+0x00000217d273d798
instanceKlass  @bci com/mendix/basis/stats/RuntimeStatistics gaugeNamedUsers$lzycompute ()Lcom/mendix/metrics/AutoGauge; 32 <appendix> member <vmtarget> ; # com/mendix/basis/stats/RuntimeStatistics$$Lambda+0x00000217d273d4c8
instanceKlass scala/runtime/java8/JFunction0$mcD$sp
instanceKlass com/mendix/basis/stats/RuntimeStatistics$
instanceKlass  @bci com/mendix/basis/impl/MxRuntimeImpl $anonfun$initializeCore$1 (Lcom/mendix/basis/impl/MxRuntimeImpl;)V 227 <appendix> member <vmtarget> ; # com/mendix/basis/impl/MxRuntimeImpl$$Lambda+0x00000217d273d020
instanceKlass java/time/format/DateTimeFormatterBuilder$DefaultValueParser
instanceKlass  @bci com/mendix/shared/util/DateUtils$ <clinit> ()V 128 <appendix> argL0 ; # com/mendix/shared/util/DateUtils$$$Lambda+0x00000217d273cc68
instanceKlass com/mendix/shared/util/DateUtils$
instanceKlass com/mendix/modules/queue/ScheduledEvents$
instanceKlass com/mendix/jmx/statistics/OpenStreamInfoMBean
instanceKlass  @bci com/mendix/basis/impl/JmxBeanRegistrarImpl registerMXBeans (Lcom/mendix/core/internal/ICore;)V 63 <appendix> argL0 ; # com/mendix/basis/impl/JmxBeanRegistrarImpl$$Lambda+0x00000217d273bff0
instanceKlass com/mendix/jmx/statistics/StorageServiceMXBeanImpl
instanceKlass com/mendix/jmx/statistics/StorageServiceMXBean
instanceKlass  @bci com/mendix/basis/impl/JmxBeanRegistrarImpl registerMXBeans (Lcom/mendix/core/internal/ICore;)V 45 <appendix> member <vmtarget> ; # com/mendix/basis/impl/JmxBeanRegistrarImpl$$Lambda+0x00000217d273b928
instanceKlass com/mendix/jmx/statistics/DataStorageMXBeanImpl
instanceKlass com/mendix/jmx/statistics/DataStorageMXBean
instanceKlass  @bci com/mendix/basis/impl/JmxBeanRegistrarImpl registerMXBeans (Lcom/mendix/core/internal/ICore;)V 26 <appendix> member <vmtarget> ; # com/mendix/basis/impl/JmxBeanRegistrarImpl$$Lambda+0x00000217d273b228
instanceKlass com/mendix/jmx/statistics/GeneralMXBeanImpl
instanceKlass com/mendix/jmx/statistics/GeneralMXBean
instanceKlass  @bci com/mendix/basis/impl/JmxBeanRegistrarImpl registerMXBeans (Lcom/mendix/core/internal/ICore;)V 7 <appendix> member <vmtarget> ; # com/mendix/basis/impl/JmxBeanRegistrarImpl$$Lambda+0x00000217d273ab58
instanceKlass com/mendix/jmx/statistics/SessionInformationMXBeanImpl
instanceKlass com/mendix/jmx/statistics/SessionInformationMXBean
instanceKlass com/mendix/basis/impl/JmxBeanRegistrarImpl$MBeanInfo
instanceKlass com/mendix/basis/impl/JmxBeanRegistrarImpl$MBeanInfo$
instanceKlass com/mendix/basis/impl/JmxBeanRegistrarImpl$
instanceKlass com/mendix/basis/objectmanagement/member/MendixHashStringImpl$
instanceKlass scala/math/Ordered$$anon$1
instanceKlass scala/math/LowPriorityOrderingImplicits$$anon$2
instanceKlass com/mendix/shared/util/DecimalUtils$
instanceKlass  @bci com/mendix/basis/objectmanagement/member/internal/MendixDecimalImpl getValueFromString (Ljava/lang/String;)Ljava/math/BigDecimal; 29 <appendix> member <vmtarget> ; # com/mendix/basis/objectmanagement/member/internal/MendixDecimalImpl$$Lambda+0x00000217d27398a0
instanceKlass  @bci com/mendix/basis/objectmanagement/member/internal/MendixDecimalImpl getValueFromString (Ljava/lang/String;)Ljava/math/BigDecimal; 20 <appendix> argL0 ; # com/mendix/basis/objectmanagement/member/internal/MendixDecimalImpl$$Lambda+0x00000217d27394e8
instanceKlass com/mendix/basis/objectmanagement/member/internal/MendixDecimalImpl$
instanceKlass  @bci com/mendix/basis/objectmanagement/meta/metamodel/MetaPrimitiveRegistry$ExtensibleCreator apply (Lcom/mendix/systemwideinterfaces/core/meta/IMetaPrimitive;)Lcom/mendix/basis/objectmanagement/MendixObjectMember; 66 <appendix> member <vmtarget> ; # com/mendix/basis/objectmanagement/meta/metamodel/MetaPrimitiveRegistry$ExtensibleCreator$$Lambda+0x00000217d2738dc0
instanceKlass com/mendix/basis/objectmanagement/member/MendixBinaryFileStoreImpl$Clean$
instanceKlass  @bci com/mendix/basis/objectmanagement/meta/metamodel/FileStoreBinaryMember$$anonfun$create$1 applyOrElse (Lcom/mendix/systemwideinterfaces/core/meta/IMetaPrimitive;Lscala/Function1;)Ljava/lang/Object; 156 <appendix> argL0 ; # com/mendix/basis/objectmanagement/meta/metamodel/FileStoreBinaryMember$$anonfun$create$1$$Lambda+0x00000217d2738770
instanceKlass  @bci com/mendix/basis/objectmanagement/meta/metamodel/FileStoreBinaryMember$$anonfun$create$1 applyOrElse (Lcom/mendix/systemwideinterfaces/core/meta/IMetaPrimitive;Lscala/Function1;)Ljava/lang/Object; 130 <appendix> argL0 ; # com/mendix/basis/objectmanagement/meta/metamodel/FileStoreBinaryMember$$anonfun$create$1$$Lambda+0x00000217d27383b8
instanceKlass  @bci com/mendix/basis/objectmanagement/meta/metamodel/FileStoreBinaryMember$$anonfun$create$1 applyOrElse (Lcom/mendix/systemwideinterfaces/core/meta/IMetaPrimitive;Lscala/Function1;)Ljava/lang/Object; 104 <appendix> argL0 ; # com/mendix/basis/objectmanagement/meta/metamodel/FileStoreBinaryMember$$anonfun$create$1$$Lambda+0x00000217d2738000
instanceKlass com/mendix/basis/objectmanagement/member/MendixBinaryFileStoreImpl$KeyState
instanceKlass com/mendix/core/objectmanagement/member/MendixBinaryFileStore
instanceKlass  @bci com/mendix/filedocumentprocessor/OldFileMigration$ isMigrationDone (Lcom/mendix/basis/connectionbus/SystemPropertyManager;)Z 9 <appendix> argL0 ; # com/mendix/filedocumentprocessor/OldFileMigration$$$Lambda+0x00000217d2737040
instanceKlass org/apache/commons/pool2/impl/LinkedBlockingDeque$Node
instanceKlass  @bci org/apache/commons/dbcp2/DelegatingStatement close ()V 68 <appendix> member <vmtarget> ; # org/apache/commons/dbcp2/DelegatingStatement$$Lambda+0x00000217d27363f0
instanceKlass  @bci org/apache/commons/dbcp2/DelegatingStatement close ()V 48 <appendix> member <vmtarget> ; # org/apache/commons/dbcp2/DelegatingStatement$$Lambda+0x00000217d27361c8
instanceKlass  @bci com/mendix/connectionbus/connections/jdbc/SystemProperties $anonfun$getProperty$2 (Ljava/sql/ResultSet;)Lscala/Option; 10 <appendix> member <vmtarget> ; # com/mendix/connectionbus/connections/jdbc/SystemProperties$$Lambda+0x00000217d2735f18
instanceKlass  @bci com/mendix/connectionbus/connections/jdbc/SystemProperties $anonfun$getProperty$1 (Ljava/sql/PreparedStatement;)Lscala/Option; 9 <appendix> argL0 ; # com/mendix/connectionbus/connections/jdbc/SystemProperties$$Lambda+0x00000217d2735b60
instanceKlass org/hsqldb/jdbc/JDBCResultSet
instanceKlass  @bci com/mendix/connectionbus/connections/jdbc/SystemProperties createStatement (Ljava/sql/Connection;Lcom/mendix/connectionbus/connections/jdbc/rendering/QueryStringBuilder;)Ljava/sql/PreparedStatement; 33 <appendix> member <vmtarget> ; # com/mendix/connectionbus/connections/jdbc/SystemProperties$$Lambda+0x00000217d2732eb0
instanceKlass org/hsqldb/StatementManager$StatementWrapper
instanceKlass java/sql/ParameterMetaData
instanceKlass java/sql/ResultSetMetaData
instanceKlass org/hsqldb/jdbc/JDBCStatementBase
instanceKlass  @bci com/mendix/connectionbus/connections/jdbc/SystemProperties withStatement (Lcom/mendix/connectionbus/connections/jdbc/rendering/QueryStringBuilder;Lscala/Function1;)Ljava/lang/Object; 15 <appendix> member <vmtarget> ; # com/mendix/connectionbus/connections/jdbc/SystemProperties$$Lambda+0x00000217d2731860
instanceKlass org/apache/commons/pool2/impl/BaseGenericObjectPool$IdentityWrapper
instanceKlass org/apache/commons/pool2/impl/NoOpCallStack
instanceKlass org/apache/commons/pool2/impl/CallStack
instanceKlass org/apache/commons/pool2/impl/DefaultPooledObject
instanceKlass org/apache/commons/dbcp2/ObjectNameWrapper
instanceKlass java/sql/ResultSet
instanceKlass org/apache/commons/dbcp2/Utils
instanceKlass sun/security/provider/ByteArrayAccess$LE
instanceKlass org/hsqldb/Database$TimeoutRunner
instanceKlass org/hsqldb/Database$CheckpointRunner
instanceKlass org/hsqldb/persist/RandomAccessInterface
instanceKlass org/hsqldb/persist/LobStoreRAFile
instanceKlass org/hsqldb/persist/LobManager$1
instanceKlass sun/util/locale/provider/TimeZoneNameUtility$TimeZoneNameGetter
instanceKlass sun/util/locale/provider/TimeZoneNameUtility
instanceKlass sun/nio/cs/Surrogate
instanceKlass sun/nio/cs/Surrogate$Parser
instanceKlass java/io/FileOutputStream$1
instanceKlass  @bci com/mendix/webui/internal/WebUIImpl handleUpdateStylingEvent ()V 4 <appendix> argL0 ; # com/mendix/webui/internal/WebUIImpl$$Lambda+0x00000217d272c1c8
instanceKlass java/text/DontCareFieldPosition$1
instanceKlass java/text/Format$FieldDelegate
instanceKlass org/hsqldb/navigator/RowIterator$EmptyRowIterator
instanceKlass org/hsqldb/lib/FilteredIterator
instanceKlass org/hsqldb/lib/FileUtil$FileSync
instanceKlass org/hsqldb/rowio/RowOutputInterface
instanceKlass  @bci org/apache/logging/log4j/spi/LoggerRegistry putIfAbsent (Ljava/lang/String;Lorg/apache/logging/log4j/message/MessageFactory;Lorg/apache/logging/log4j/spi/ExtendedLogger;)V 42 <appendix> member <vmtarget> ; # org/apache/logging/log4j/spi/LoggerRegistry$$Lambda+0x00000217d272ab70
instanceKlass  @bci org/apache/logging/slf4j/SLF4JLogger <clinit> ()V 17 <appendix> argL0 ; # org/apache/logging/slf4j/SLF4JLogger$$Lambda+0x00000217d272a960
instanceKlass org/apache/logging/slf4j/SLF4JLogBuilder
instanceKlass org/apache/logging/log4j/util/MessageSupplier
instanceKlass org/apache/logging/log4j/util/Supplier
instanceKlass org/apache/logging/log4j/internal/LogManagerStatus
instanceKlass  @bci org/apache/logging/log4j/util/ProviderUtil selectProvider (Lorg/apache/logging/log4j/util/PropertiesUtil;Ljava/util/Collection;Lorg/apache/logging/log4j/Logger;)Lorg/apache/logging/log4j/spi/Provider; 376 <appendix> argL0 ; # org/apache/logging/log4j/util/ProviderUtil$$Lambda+0x00000217d27279a8
instanceKlass  @bci java/util/function/BinaryOperator maxBy (Ljava/util/Comparator;)Ljava/util/function/BinaryOperator; 6 <appendix> member <vmtarget> ; # java/util/function/BinaryOperator$$Lambda+0x00000217d24fc0a0
instanceKlass  @bci java/util/Comparator comparing (Ljava/util/function/Function;)Ljava/util/Comparator; 6 <appendix> member <vmtarget> ; # java/util/Comparator$$Lambda+0x00000217d24fbe10
instanceKlass  @bci org/apache/logging/log4j/util/ProviderUtil selectProvider (Lorg/apache/logging/log4j/util/PropertiesUtil;Ljava/util/Collection;Lorg/apache/logging/log4j/Logger;)Lorg/apache/logging/log4j/spi/Provider; 256 <appendix> argL0 ; # org/apache/logging/log4j/util/ProviderUtil$$Lambda+0x00000217d2727778
instanceKlass  @bci org/apache/logging/log4j/util/ProviderUtil lazyInit ()V 48 <appendix> argL0 ; # org/apache/logging/log4j/util/ProviderUtil$$Lambda+0x00000217d2727558
instanceKlass  @bci org/apache/logging/log4j/util/ProviderUtil lazyInit ()V 38 <appendix> argL0 ; # org/apache/logging/log4j/util/ProviderUtil$$Lambda+0x00000217d2727318
instanceKlass org/apache/logging/log4j/util/ProviderUtil
instanceKlass org/apache/logging/log4j/LogManager
instanceKlass java/util/logging/Formatter
instanceKlass org/hsqldb/lib/FrameworkLogger
instanceKlass  @bci io/micrometer/core/instrument/MeterRegistry$More timeGauge (Lio/micrometer/core/instrument/Meter$Id;Ljava/lang/Object;Ljava/util/concurrent/TimeUnit;Ljava/util/function/ToDoubleFunction;)Lio/micrometer/core/instrument/TimeGauge; 17 <appendix> argL0 ; # io/micrometer/core/instrument/MeterRegistry$More$$Lambda+0x00000217d27262d8
instanceKlass  @bci io/micrometer/core/instrument/MeterRegistry$More timeGauge (Lio/micrometer/core/instrument/Meter$Id;Ljava/lang/Object;Ljava/util/concurrent/TimeUnit;Ljava/util/function/ToDoubleFunction;)Lio/micrometer/core/instrument/TimeGauge; 12 <appendix> member <vmtarget> ; # io/micrometer/core/instrument/MeterRegistry$More$$Lambda+0x00000217d2723bf8
instanceKlass io/micrometer/core/instrument/TimeGauge$Builder
instanceKlass  @bci io/micrometer/core/instrument/binder/commonspool2/CommonsObjectPool2Metrics getJmxAttribute (Lio/micrometer/core/instrument/MeterRegistry;Ljava/util/concurrent/atomic/AtomicReference;Ljavax/management/ObjectName;Ljava/lang/String;)Ljava/util/function/ToDoubleFunction; 6 <appendix> member <vmtarget> ; # io/micrometer/core/instrument/binder/commonspool2/CommonsObjectPool2Metrics$$Lambda+0x00000217d27237b0
instanceKlass  @cpi io/micrometer/core/instrument/binder/commonspool2/CommonsObjectPool2Metrics 708 form vmentry <vmtarget> ; # java/lang/invoke/LambdaForm$DMH+0x00000217d2725400
instanceKlass org/apache/commons/dbcp2/AbandonedTrace
instanceKlass org/apache/commons/pool2/TrackedUse
instanceKlass org/apache/commons/dbcp2/PoolableConnectionMXBean
# instanceKlass java/lang/invoke/LambdaForm$MH+0x00000217d2725000
# instanceKlass java/lang/invoke/LambdaForm$MH+0x00000217d2724c00
# instanceKlass java/lang/invoke/LambdaForm$MH+0x00000217d2724800
instanceKlass sun/reflect/misc/Trampoline
instanceKlass sun/reflect/misc/MethodUtil$1
instanceKlass org/hsqldb/index/IndexAVL$IndexRowIterator
instanceKlass org/hsqldb/persist/ScriptRunner
instanceKlass org/hsqldb/persist/RowInsertSimple
instanceKlass org/hsqldb/persist/RowInsertSimple$DefaultErrorHandler
instanceKlass org/hsqldb/rowio/RowInputInterface
instanceKlass org/hsqldb/lib/LineReader
instanceKlass org/hsqldb/persist/RowInsertInterface
instanceKlass org/hsqldb/persist/RowInsertInterface$ErrorLogger
instanceKlass org/hsqldb/scriptio/ScriptWriterBase
instanceKlass org/hsqldb/scriptio/ScriptReaderBase
instanceKlass org/hsqldb/persist/Log
instanceKlass org/hsqldb/lib/HsqlTimer$Task
instanceKlass org/hsqldb/persist/LockFile$HeartbeatRunner
instanceKlass java/io/DeleteOnExitHook$1
instanceKlass java/io/DeleteOnExitHook
instanceKlass org/hsqldb/persist/LockFile
instanceKlass org/hsqldb/types/HsqlDateTime$SystemTimeString
instanceKlass org/hsqldb/lib/SimpleLog
instanceKlass org/hsqldb/persist/HsqlProperties$PropertyMeta
instanceKlass org/hsqldb/DatabaseType$1
instanceKlass org/hsqldb/index/NodeAVL
instanceKlass org/hsqldb/SetFunction
instanceKlass org/hsqldb/TableUtil
instanceKlass org/hsqldb/result/ResultProperties
instanceKlass org/hsqldb/lib/StringConverter
instanceKlass org/hsqldb/RoutineSchema
instanceKlass org/hsqldb/map/BitMap
instanceKlass org/hsqldb/ParserBase$Recorder
instanceKlass org/hsqldb/resources/ResourceBundleHandler
instanceKlass org/hsqldb/error/Error
instanceKlass org/hsqldb/persist/RowStoreAVL
instanceKlass org/hsqldb/TableWorks
instanceKlass org/hsqldb/lib/BaseList$BaseListIterator
instanceKlass org/hsqldb/RangeVariableResolver
instanceKlass org/hsqldb/SortAndSlice
instanceKlass org/hsqldb/OpTypes
instanceKlass org/hsqldb/Routine
instanceKlass org/hsqldb/types/Types
instanceKlass org/hsqldb/NumberSequence
instanceKlass org/hsqldb/Tokens
instanceKlass org/hsqldb/TransactionManagerCommon
instanceKlass org/hsqldb/map/BaseHashMap$MultiValueKeyIterator
instanceKlass org/hsqldb/map/BaseHashMap$ValueCollectionIterator
instanceKlass org/hsqldb/Constraint$ConstraintCore
instanceKlass org/hsqldb/Row
instanceKlass org/hsqldb/persist/CachedObject
instanceKlass org/hsqldb/index/IndexAVL
instanceKlass org/hsqldb/trigger/Trigger
instanceKlass org/hsqldb/TriggerDef
instanceKlass org/hsqldb/index/Index$IndexUse
instanceKlass org/hsqldb/lib/StringUtil
instanceKlass org/hsqldb/lib/java/JavaSystem
instanceKlass org/hsqldb/lib/LineGroupReader$1
instanceKlass org/hsqldb/lib/LineGroupReader
instanceKlass org/hsqldb/dbinfo/DatabaseInformation
instanceKlass org/hsqldb/Session$TimeoutManager
instanceKlass org/hsqldb/StatementManager$StatementComparator
instanceKlass org/hsqldb/StatementManager
instanceKlass org/hsqldb/persist/PersistentStoreCollectionSession
instanceKlass org/hsqldb/SessionData
instanceKlass org/hsqldb/RangeGroup$RangeGroupEmpty
instanceKlass org/hsqldb/ParserDQL$CompileContext
instanceKlass org/hsqldb/lib/CharArrayWriter
instanceKlass org/hsqldb/Token
instanceKlass org/hsqldb/Scanner
instanceKlass org/hsqldb/QueryExpression
instanceKlass org/hsqldb/ParserBase
instanceKlass org/hsqldb/RangeGroup$RangeGroupSimple
instanceKlass org/hsqldb/RangeVariable$RangeVariableConditions
instanceKlass org/hsqldb/lib/LongDeque
instanceKlass org/hsqldb/RangeVariable$RangeIteratorCheck
instanceKlass org/hsqldb/Expression
instanceKlass org/hsqldb/RangeGroup
instanceKlass org/hsqldb/RangeVariable$RangeIteratorBase
instanceKlass org/hsqldb/RangeVariable
instanceKlass org/hsqldb/navigator/RowSetNavigatorDataChange
instanceKlass org/hsqldb/SessionContext
instanceKlass org/hsqldb/RowActionBase
instanceKlass org/hsqldb/lib/BaseList
instanceKlass org/hsqldb/types/TypedComparator
instanceKlass org/hsqldb/lib/CountUpDownLatch
instanceKlass org/hsqldb/Statement
instanceKlass org/hsqldb/Session
instanceKlass org/hsqldb/SessionManager
instanceKlass org/hsqldb/persist/PersistentStoreCollectionDatabase
instanceKlass org/hsqldb/persist/PersistentStoreCollection
instanceKlass org/hsqldb/Constraint
instanceKlass org/hsqldb/types/UserTypeModifier
instanceKlass org/hsqldb/TypeInvariants
instanceKlass org/hsqldb/SchemaObjectSet
instanceKlass org/hsqldb/Schema
instanceKlass org/hsqldb/SchemaManager$UserSchemaFilter
instanceKlass org/hsqldb/lib/FilteredIterator$Filter
instanceKlass org/hsqldb/TableBase
instanceKlass org/hsqldb/SchemaManager
instanceKlass org/hsqldb/rights/UserManager
instanceKlass org/hsqldb/rights/Right
instanceKlass org/hsqldb/rights/Grantee
instanceKlass org/hsqldb/rights/GranteeManager
instanceKlass org/hsqldb/persist/LobStore
instanceKlass org/hsqldb/persist/LobManager
instanceKlass org/hsqldb/persist/DataFileCache
instanceKlass org/hsqldb/persist/TextTableStorageManager
instanceKlass org/hsqldb/lib/InputStreamInterface
instanceKlass org/hsqldb/persist/PersistentStore
instanceKlass org/hsqldb/index/Index
instanceKlass org/hsqldb/persist/Logger
instanceKlass org/hsqldb/lib/EventLogInterface
instanceKlass org/hsqldb/types/TimestampData
instanceKlass sun/util/calendar/Era
instanceKlass java/text/CalendarBuilder
instanceKlass java/text/ParsePosition
instanceKlass java/text/DigitList
instanceKlass java/text/FieldPosition
instanceKlass sun/util/resources/Bundles$2
instanceKlass java/util/ArrayList$SubList$1
instanceKlass sun/util/resources/LocaleData$LocaleDataResourceBundleProvider
instanceKlass java/util/spi/ResourceBundleProvider
instanceKlass java/text/DateFormatSymbols
instanceKlass java/util/Calendar$Builder
instanceKlass  @bci sun/util/locale/provider/JRELocaleProviderAdapter getCalendarProvider ()Lsun/util/spi/CalendarProvider; 8 <appendix> member <vmtarget> ; # sun/util/locale/provider/JRELocaleProviderAdapter$$Lambda+0x800000063
instanceKlass java/text/AttributedCharacterIterator$Attribute
instanceKlass java/text/Format
instanceKlass org/hsqldb/types/HsqlDateTime
instanceKlass jdk/internal/math/MathUtils
instanceKlass jdk/internal/math/DoubleToDecimal
instanceKlass org/hsqldb/types/BlobData
instanceKlass org/hsqldb/types/ClobData
instanceKlass org/hsqldb/types/LobData
instanceKlass org/hsqldb/ColumnBase
instanceKlass org/hsqldb/result/ResultMetaData
instanceKlass org/hsqldb/map/BaseHashMap$BaseHashIterator
instanceKlass org/hsqldb/lib/AbstractReadOnlyCollection
instanceKlass org/hsqldb/types/Collation
instanceKlass org/hsqldb/types/Charset
instanceKlass org/hsqldb/HsqlNameManager$SimpleName
instanceKlass org/hsqldb/HsqlNameManager
instanceKlass org/hsqldb/SqlInvariants
instanceKlass org/hsqldb/navigator/RowSetNavigator
instanceKlass org/hsqldb/navigator/RangeIterator
instanceKlass org/hsqldb/navigator/RowIterator
instanceKlass org/hsqldb/result/Result
instanceKlass org/hsqldb/TransactionManager
instanceKlass org/hsqldb/lib/List
instanceKlass org/hsqldb/Database
instanceKlass org/hsqldb/lib/FileAccessRes
instanceKlass org/hsqldb/lib/FileAccess$FileSync
instanceKlass org/hsqldb/lib/FileUtil
instanceKlass org/hsqldb/DatabaseManager$1
instanceKlass org/hsqldb/lib/HsqlTimer$TaskRunner
instanceKlass org/hsqldb/lib/HsqlArrayHeap
instanceKlass org/hsqldb/lib/HsqlHeap
instanceKlass org/hsqldb/lib/HsqlTimer
instanceKlass org/hsqldb/lib/ThreadFactory
instanceKlass org/hsqldb/lib/Map
instanceKlass org/hsqldb/DatabaseManager
instanceKlass java/sql/CallableStatement
instanceKlass java/sql/Array
instanceKlass org/hsqldb/types/Type
instanceKlass org/hsqldb/SchemaObject
instanceKlass java/sql/NClob
instanceKlass java/sql/SQLXML
instanceKlass java/sql/Savepoint
instanceKlass java/sql/DatabaseMetaData
instanceKlass java/sql/Clob
instanceKlass java/sql/Blob
instanceKlass org/hsqldb/SessionInterface
instanceKlass org/hsqldb/jdbc/JDBCConnection
instanceKlass org/hsqldb/map/HashIndex
instanceKlass org/hsqldb/lib/Set
instanceKlass org/hsqldb/lib/Collection
instanceKlass org/hsqldb/lib/ArrayUtil
instanceKlass org/hsqldb/lib/ObjectComparator$IdentityComparator
instanceKlass org/hsqldb/lib/ObjectComparator$DefaultComparator
instanceKlass org/hsqldb/lib/ObjectComparator
instanceKlass org/hsqldb/lib/PrimitiveIterator
instanceKlass org/hsqldb/lib/Iterator
instanceKlass org/hsqldb/map/BaseHashMap
instanceKlass org/hsqldb/map/ValuePool
instanceKlass org/hsqldb/lib/FileAccess
instanceKlass org/hsqldb/persist/HsqlProperties
instanceKlass org/hsqldb/DatabaseURL
instanceKlass java/sql/DriverInfo
instanceKlass java/sql/DriverManager
instanceKlass org/hsqldb/jdbc/JDBCDriver$EmptyDiverAction
instanceKlass java/sql/DriverAction
instanceKlass org/hsqldb/jdbc/JDBCDriver
instanceKlass java/sql/Driver
instanceKlass  @bci com/mendix/connectionbus/connections/jdbc/implementations/hsqldb/NonLoggingDataSource getConnection ()Ljava/sql/Connection; 8 <appendix> member <vmtarget> ; # com/mendix/connectionbus/connections/jdbc/implementations/hsqldb/NonLoggingDataSource$$Lambda+0x00000217d26c25d0
instanceKlass  @bci com/mendix/connectionbus/connections/jdbc/JdbcDataSourceConnectionFactory$ConfigurationAuthenticator authenticate ()Lscala/Option; 10 <appendix> member <vmtarget> ; # com/mendix/connectionbus/connections/jdbc/JdbcDataSourceConnectionFactory$ConfigurationAuthenticator$$Lambda+0x00000217d26c2210
instanceKlass  @bci com/mendix/connectionbus/connections/jdbc/SystemProperties retrieveValue$1 (Lcom/mendix/connectionbus/connections/jdbc/rendering/QueryStringBuilder;)Lscala/Option; 2 <appendix> argL0 ; # com/mendix/connectionbus/connections/jdbc/SystemProperties$$Lambda+0x00000217d26c1e58
instanceKlass java/sql/PreparedStatement
instanceKlass java/sql/Statement
instanceKlass  @bci com/mendix/connectionbus/connections/jdbc/SystemProperties getProperty (Ljava/lang/String;)Lscala/util/Try; 15 <appendix> member <vmtarget> ; # com/mendix/connectionbus/connections/jdbc/SystemProperties$$Lambda+0x00000217d26c1ba8
instanceKlass  @bci com/mendix/connectionbus/connections/jdbc/rendering/OqlRenderer renderOrderByTerms (Lcom/mendix/connectionbus/connections/jdbc/rendering/QueryStringBuilder;Lcom/mendix/connectionbus/retrieve/query/oql/OrderByTerms;Z)V 1 <appendix> member <vmtarget> ; # com/mendix/connectionbus/connections/jdbc/rendering/OqlRenderer$$Lambda+0x00000217d26c1990
instanceKlass com/mendix/connectionbus/connections/jdbc/rendering/rendersnippets/ISelectorLocationRenderer
instanceKlass com/mendix/shared/util/StringUtils
instanceKlass  @bci com/mendix/connectionbus/connections/jdbc/rendering/OqlRenderer renderIdentifier (Lcom/mendix/connectionbus/connections/jdbc/rendering/QueryStringBuilder;Ljava/lang/String;)V 33 <adapter> ; # java/lang/invoke/LambdaForm$MH+0x00000217d26df800
# instanceKlass java/lang/invoke/LambdaForm$DMH+0x00000217d26df400
instanceKlass  @bci com/mendix/connectionbus/connections/jdbc/rendering/OqlRenderer renderIdentifier (Lcom/mendix/connectionbus/connections/jdbc/rendering/QueryStringBuilder;Ljava/lang/String;)V 33 <appendix> form vmentry <vmtarget> ; # java/lang/invoke/LambdaForm$MH+0x00000217d26df000
# instanceKlass java/lang/invoke/LambdaForm$MH+0x00000217d26dec00
instanceKlass  @bci com/mendix/connectionbus/connections/jdbc/rendering/OqlRenderer renderIdentifier (Lcom/mendix/connectionbus/connections/jdbc/rendering/QueryStringBuilder;Ljava/lang/String;)V 33 <appendix> form names 7 function resolvedHandle form vmentry <vmtarget> ; # java/lang/invoke/LambdaForm$DMH+0x00000217d26de800
instanceKlass  @bci com/mendix/connectionbus/connections/jdbc/rendering/OqlRenderer renderIdentifier (Lcom/mendix/connectionbus/connections/jdbc/rendering/QueryStringBuilder;Ljava/lang/String;)V 33 <appendix> argL3 form vmentry <vmtarget> ; # java/lang/invoke/LambdaForm$MH+0x00000217d26de400
# instanceKlass java/lang/invoke/LambdaForm$MH+0x00000217d26de000
# instanceKlass java/lang/invoke/LambdaForm$MH+0x00000217d26ddc00
# instanceKlass java/lang/invoke/LambdaForm$MH+0x00000217d26dd800
# instanceKlass java/lang/invoke/LambdaForm$MH+0x00000217d26dd400
instanceKlass  @bci com/mendix/connectionbus/connections/jdbc/rendering/OqlRenderer renderIdentifier (Lcom/mendix/connectionbus/connections/jdbc/rendering/QueryStringBuilder;Ljava/lang/String;)V 33 <appendix> form names 11 function resolvedHandle form vmentry <vmtarget> ; # java/lang/invoke/LambdaForm$DMH+0x00000217d26dd000
instanceKlass  @bci com/mendix/connectionbus/connections/jdbc/rendering/OqlRenderer renderIdentifier (Lcom/mendix/connectionbus/connections/jdbc/rendering/QueryStringBuilder;Ljava/lang/String;)V 33 <appendix> argL1 form vmentry <vmtarget> ; # java/lang/invoke/LambdaForm$MH+0x00000217d26dcc00
# instanceKlass java/lang/invoke/LambdaForm$MH+0x00000217d26dc800
# instanceKlass java/lang/invoke/LambdaForm$MH+0x00000217d26dc400
# instanceKlass java/lang/invoke/LambdaForm$MH+0x00000217d26dc000
instanceKlass  @bci com/mendix/connectionbus/util/SqlWriter$ validateName (Ljava/lang/String;)V 11 <appendix> member <vmtarget> ; # com/mendix/connectionbus/util/SqlWriter$$$Lambda+0x00000217d26c0808
instanceKlass  @bci scala/collection/immutable/BitSet$ newBuilder ()Lscala/collection/mutable/Builder; 6 <appendix> argL0 ; # scala/collection/immutable/BitSet$$$Lambda+0x00000217d26d70a0
instanceKlass scala/collection/mutable/SortedSet
instanceKlass scala/collection/mutable/SortedSetOps
instanceKlass scala/collection/mutable/BitSet$
instanceKlass  @bci com/mendix/connectionbus/util/SqlWriter$ <clinit> ()V 141 <appendix> argL0 ; # com/mendix/connectionbus/util/SqlWriter$$$Lambda+0x00000217d26c0450
instanceKlass scala/collection/BitSet
instanceKlass scala/collection/BitSetOps
instanceKlass scala/collection/immutable/BitSet$
instanceKlass scala/collection/SpecificIterableFactory
instanceKlass  @bci scala/collection/immutable/VectorBuilder addVector (Lscala/collection/immutable/Vector;)Lscala/collection/immutable/VectorBuilder; 109 <appendix> member <vmtarget> ; # scala/collection/immutable/VectorBuilder$$Lambda+0x00000217d26cf1f8
instanceKlass scala/math/Ordering$BigDecimal$
instanceKlass scala/math/Numeric$BigDecimalAsIfIntegral$
instanceKlass scala/math/Ordering$BigDecimalOrdering
instanceKlass scala/math/Numeric$BigDecimalAsIfIntegral
instanceKlass scala/math/Numeric$BigDecimalIsConflicted
instanceKlass scala/math/Numeric$LongIsIntegral$
instanceKlass scala/math/Numeric$LongIsIntegral
instanceKlass scala/math/Ordering$Char$
instanceKlass scala/math/Numeric$CharIsIntegral$
instanceKlass scala/math/Ordering$CharOrdering
instanceKlass scala/math/Numeric$CharIsIntegral
instanceKlass scala/math/Ordering$Byte$
instanceKlass scala/math/Numeric$ByteIsIntegral$
instanceKlass scala/math/Ordering$ByteOrdering
instanceKlass scala/math/Numeric$ByteIsIntegral
instanceKlass scala/math/Ordering$Short$
instanceKlass scala/math/Numeric$ShortIsIntegral$
instanceKlass scala/math/Ordering$ShortOrdering
instanceKlass scala/math/Numeric$ShortIsIntegral
instanceKlass scala/math/Numeric$IntIsIntegral$
instanceKlass scala/math/Numeric$IntIsIntegral
instanceKlass scala/math/Ordering$BigInt$
instanceKlass scala/math/Numeric$NumericOps
instanceKlass scala/math/Numeric$BigIntIsIntegral$
instanceKlass scala/math/Ordering$BigIntOrdering
instanceKlass scala/math/Numeric$BigIntIsIntegral
instanceKlass scala/collection/immutable/NumericRange$
instanceKlass scala/runtime/RichChar
instanceKlass com/mendix/connectionbus/util/SqlWriter$
instanceKlass com/mendix/connectionbus/connections/jdbc/rendering/QueryStringBuilder
instanceKlass  @bci io/micrometer/core/instrument/binder/jvm/JvmGcMetrics$GcMetricsNotificationListener handleNotification (Ljavax/management/Notification;Ljava/lang/Object;)V 360 <appendix> member <vmtarget> ; # io/micrometer/core/instrument/binder/jvm/JvmGcMetrics$GcMetricsNotificationListener$$Lambda+0x00000217d26bfa78
instanceKlass com/mendix/connectionbus/retrieve/query/oql/FromClause
instanceKlass com/google/common/base/ExtraObjectsMethodsForWeb
instanceKlass com/mendix/connectionbus/retrieve/query/oql/SelectColumns
instanceKlass com/mendix/connectionbus/retrieve/query/oql/LocationSplitter
instanceKlass com/mendix/basis/connectionbus/requests/types/GetRequest$NoLocking$
instanceKlass  @bci com/mendix/connectionbus/modelsynchronization/analysis/SystemTablesDefinitions$SystemTableUtils addPrimaryKey (Lscala/collection/immutable/Seq;)V 10 <appendix> member <vmtarget> ; # com/mendix/connectionbus/modelsynchronization/analysis/SystemTablesDefinitions$SystemTableUtils$$Lambda+0x00000217d26baf20
instanceKlass com/mendix/connectionbus/modelsynchronization/changeinfo/databaserepresentation/PrimaryKey
instanceKlass  @bci com/mendix/connectionbus/modelsynchronization/analysis/SystemTablesDefinitions$SystemTableUtils addColumns (Lscala/collection/immutable/Seq;)V 2 <appendix> member <vmtarget> ; # com/mendix/connectionbus/modelsynchronization/analysis/SystemTablesDefinitions$SystemTableUtils$$Lambda+0x00000217d26ba928
instanceKlass com/mendix/connectionbus/modelsynchronization/changeinfo/databaserepresentation/Column
instanceKlass  @bci com/mendix/connectionbus/mapping/Mapper getOrCreateColumnName (Ljava/lang/String;Lscala/Option;ZLscala/Function1;)Ljava/lang/String; 1 <appendix> argL0 ; # com/mendix/connectionbus/mapping/Mapper$$Lambda+0x00000217d26ba1e0
instanceKlass  @bci com/mendix/connectionbus/mapping/Mapper getOrCreateSystemTableColumnName (Ljava/lang/String;Ljava/lang/String;)Ljava/lang/String; 15 <appendix> member <vmtarget> ; # com/mendix/connectionbus/mapping/Mapper$$Lambda+0x00000217d26b9e20
instanceKlass scala/collection/mutable/LinkedHashMap$LinkedEntry
instanceKlass scala/collection/mutable/LinkedHashMap$
instanceKlass  @bci com/mendix/connectionbus/mapping/Mapper getDatabaseName (Ljava/lang/String;II)Ljava/lang/String; 154 <appendix> member <vmtarget> ; # com/mendix/connectionbus/mapping/Mapper$$Lambda+0x00000217d26b9b70
instanceKlass  @bci com/mendix/connectionbus/mapping/Mapper getDatabaseName (Ljava/lang/String;II)Ljava/lang/String; 144 <appendix> member <vmtarget> ; # com/mendix/connectionbus/mapping/Mapper$$Lambda+0x00000217d26b97b0
instanceKlass com/mendix/connectionbus/mapping/names/NameUtil
instanceKlass com/mendix/connectionbus/connections/jdbc/implementations/hsqldb/HsqldbMapper$
instanceKlass  @bci com/mendix/connectionbus/mapping/MappedNameGenerator getOrCreateMappedElementName (Ljava/lang/Object;Ljava/lang/String;Ljava/lang/String;Lcom/google/common/collect/BiMap;ZZ)Ljava/lang/String; 31 <adapter> ; # java/lang/invoke/LambdaForm$MH+0x00000217d26bcc00
# instanceKlass java/lang/invoke/LambdaForm$DMH+0x00000217d26bc800
instanceKlass  @bci com/mendix/connectionbus/mapping/MappedNameGenerator getOrCreateMappedElementName (Ljava/lang/Object;Ljava/lang/String;Ljava/lang/String;Lcom/google/common/collect/BiMap;ZZ)Ljava/lang/String; 31 <appendix> form vmentry <vmtarget> ; # java/lang/invoke/LambdaForm$DMH+0x00000217d26bc400
instanceKlass  @bci com/mendix/connectionbus/mapping/MappedNameGenerator getOrCreateMappedElementName (Ljava/lang/Object;Ljava/lang/String;Ljava/lang/String;Lcom/google/common/collect/BiMap;ZZ)Ljava/lang/String; 31 <appendix> member <vmtarget> ; # com/mendix/connectionbus/mapping/MappedNameGenerator$$Lambda+0x00000217d26b9110
instanceKlass  @cpi com/mendix/connectionbus/mapping/MappedNameGenerator 79 form vmentry <vmtarget> ; # java/lang/invoke/LambdaForm$DMH+0x00000217d26bc000
instanceKlass com/google/common/collect/UnmodifiableIterator
instanceKlass com/google/common/base/Converter
instanceKlass com/google/common/collect/ImmutableMap
instanceKlass com/google/common/collect/Maps$EntryTransformer
instanceKlass com/google/common/base/Function
instanceKlass com/google/common/collect/SortedMapDifference
instanceKlass com/google/common/collect/MapDifference
instanceKlass com/google/common/collect/Maps
instanceKlass com/mendix/connectionbus/modelsynchronization/analysis/mapping/MappingConstants$ObjectNames$Properties$
instanceKlass  @bci com/mendix/connectionbus/modelsynchronization/DdlCommandExecutor <init> (Lcom/mendix/connectionbus/connections/jdbc/ConnectionManager;Lcom/mendix/logging/ILogManager;Lscala/Option;)V 40 <appendix> argL0 ; # com/mendix/connectionbus/modelsynchronization/DdlCommandExecutor$$Lambda+0x00000217d26b6bf0
instanceKlass com/mendix/connectionbus/modelsynchronization/DdlCommandExecutor
instanceKlass com/mendix/connectionbus/modelsynchronization/renderers/ddlrenderers/CopyStrategy
instanceKlass com/mendix/datastorage/oqltree/types/AbstractDataType
instanceKlass com/mendix/connectionbus/connections/jdbc/implementations/hsqldb/HsqldbDdlRenderer
instanceKlass org/apache/commons/dbcp2/PoolingDataSource
instanceKlass org/apache/commons/pool2/impl/EvictionTimer$WeakRunner
instanceKlass  @bci org/apache/commons/pool2/impl/EvictionTimer$EvictorThreadFactory newThread (Ljava/lang/Runnable;)Ljava/lang/Thread; 18 <appendix> member <vmtarget> ; # org/apache/commons/pool2/impl/EvictionTimer$EvictorThreadFactory$$Lambda+0x00000217d26b4328
instanceKlass org/apache/commons/pool2/impl/EvictionTimer$Reaper
instanceKlass org/apache/commons/pool2/impl/EvictionTimer$EvictorThreadFactory
instanceKlass org/apache/commons/pool2/impl/EvictionTimer
instanceKlass org/apache/commons/pool2/impl/BaseGenericObjectPool$Evictor
instanceKlass scala/jdk/javaapi/DurationConverters$
instanceKlass org/apache/commons/pool2/impl/PoolImplUtils
instanceKlass java/lang/StackTraceElement$HashedModules
instanceKlass java/lang/Throwable$PrintStreamOrWriter
instanceKlass  @bci io/micrometer/core/instrument/binder/commonspool2/CommonsObjectPool2Metrics lambda$registerNotificationListener$2 (Ljava/lang/String;Ljava/util/function/BiConsumer;Ljavax/management/Notification;Ljava/lang/Object;)V 8 <appendix> member <vmtarget> ; # io/micrometer/core/instrument/binder/commonspool2/CommonsObjectPool2Metrics$$Lambda+0x00000217d26b2e08
instanceKlass javax/management/NotificationBroadcasterSupport$SendNotifJob
instanceKlass org/apache/commons/pool2/impl/AbandonedConfig
instanceKlass org/apache/commons/pool2/impl/DefaultPooledObjectInfo
instanceKlass org/apache/commons/pool2/impl/DefaultPooledObjectInfoMBean
instanceKlass  @bci org/apache/commons/pool2/impl/BaseGenericObjectPool$StatsStore <init> (I)V 21 <appendix> argL0 ; # org/apache/commons/pool2/impl/BaseGenericObjectPool$StatsStore$$Lambda+0x00000217d26b24d8
instanceKlass org/apache/commons/pool2/impl/BaseGenericObjectPool$StatsStore
instanceKlass org/apache/commons/pool2/impl/DefaultEvictionPolicy
instanceKlass org/apache/commons/pool2/impl/EvictionPolicy
instanceKlass org/apache/commons/pool2/BaseObject
instanceKlass org/apache/commons/pool2/UsageTracking
instanceKlass org/apache/commons/pool2/impl/GenericObjectPoolMXBean
instanceKlass org/apache/commons/logging/impl/Slf4jLogFactory$Slf4jLog
instanceKlass  @bci org/apache/commons/logging/impl/Slf4jLogFactory getInstance (Ljava/lang/String;)Lorg/apache/commons/logging/Log; 5 <appendix> argL0 ; # org/apache/commons/logging/impl/Slf4jLogFactory$$Lambda+0x00000217d26b03e0
instanceKlass org/apache/commons/pool2/PooledObject
instanceKlass org/apache/commons/pool2/KeyedObjectPool
instanceKlass org/apache/commons/pool2/KeyedPooledObjectFactory
instanceKlass org/apache/commons/dbcp2/PoolableConnectionFactory
instanceKlass com/mendix/connectionbus/connections/jdbc/JdbcDataSourceConnectionFactory
instanceKlass  @bci com/mendix/connectionbus/connections/jdbc/JdbcDataStoreConfigurator setJdbcLoginTimeout (Lscala/concurrent/duration/FiniteDuration;)V 5 <appendix> member <vmtarget> ; # com/mendix/connectionbus/connections/jdbc/JdbcDataStoreConfigurator$$Lambda+0x00000217d26af270
instanceKlass com/mendix/connectionbus/connections/jdbc/implementations/hsqldb/NonLoggingDataSource
instanceKlass  @bci com/mendix/connectionbus/connections/jdbc/DatabaseConfiguration basePath ()Ljava/io/File; 6 <appendix> argL0 ; # com/mendix/connectionbus/connections/jdbc/DatabaseConfiguration$$Lambda+0x00000217d26aecb0
instanceKlass  @bci com/mendix/connectionbus/configuration/MainDatabaseConfiguration builtInDatabasePath ()Ljava/io/File; 11 <appendix> member <vmtarget> ; # com/mendix/connectionbus/configuration/MainDatabaseConfiguration$$Lambda+0x00000217d26aea00
instanceKlass  @bci com/mendix/connectionbus/connections/jdbc/implementations/hsqldb/HsqldbDataStoreConfigurator createDefaultDataSource (Z)Ljavax/sql/DataSource; 39 <appendix> argL0 ; # com/mendix/connectionbus/connections/jdbc/implementations/hsqldb/HsqldbDataStoreConfigurator$$Lambda+0x00000217d26ae758
instanceKlass javax/naming/RefAddr
instanceKlass org/hsqldb/jdbc/JDBCCommonDataSource
instanceKlass javax/naming/Referenceable
instanceKlass com/mendix/connectionbus/retrieve/query/oql/UpdateTerms
instanceKlass com/mendix/connectionbus/retrieve/query/oql/FromClauseElement
instanceKlass com/mendix/connectionbus/retrieve/query/oql/Location
instanceKlass com/mendix/connectionbus/retrieve/query/oql/SelectColumnBase
instanceKlass com/mendix/connectionbus/connections/jdbc/rendering/OqlRendererBase
instanceKlass com/mendix/connectionbus/connections/jdbc/rendering/ILikeWorkaround
instanceKlass com/google/common/collect/AbstractMapEntry
instanceKlass com/google/common/collect/Hashing
instanceKlass com/google/common/collect/CollectPreconditions
instanceKlass com/google/common/collect/BiMap
instanceKlass javax/sql/DataSource
instanceKlass javax/sql/CommonDataSource
instanceKlass com/mendix/connectionbus/modelsynchronization/renderers/ddlrenderers/DdlRenderer
instanceKlass com/mendix/connectionbus/modelsynchronization/renderers/ddlrenderers/LegacyDdlRenderer
instanceKlass com/mendix/connectionbus/modelsynchronization/renderers/ddlrenderers/SequenceDefinitionRenderer
instanceKlass com/mendix/connectionbus/modelsynchronization/renderers/ddlrenderers/IndexDefinitionRenderer
instanceKlass com/mendix/connectionbus/modelsynchronization/renderers/ddlrenderers/TableDefinitionRenderer
instanceKlass com/mendix/connectionbus/modelsynchronization/renderers/ddlrenderers/DefaultRenderer
instanceKlass com/mendix/connectionbus/modelsynchronization/renderers/ddlrenderers/ColumnTypeChangeRenderer
instanceKlass com/mendix/connectionbus/modelsynchronization/renderers/ddlrenderers/AddAndFillColumnRenderer
instanceKlass com/mendix/connectionbus/modelsynchronization/renderers/ddlrenderers/QueryExecutor
instanceKlass com/mendix/connectionbus/util/SqlWriter
instanceKlass com/mendix/connectionbus/connections/jdbc/RetrieveQueryExecutor
instanceKlass com/mendix/connectionbus/connections/jdbc/rendering/IOqlRenderer
instanceKlass com/mendix/connectionbus/mapping/Mapper
instanceKlass com/mendix/connectionbus/mapping/SimpleAssociationHelpers
instanceKlass com/mendix/connectionbus/mapping/DbLimitChecker
instanceKlass com/mendix/connectionbus/mapping/MappingCacheUpdater
instanceKlass com/mendix/connectionbus/mapping/ForeignKeyConstraintMapper
instanceKlass com/mendix/connectionbus/mapping/UniqueConstraintMapper
instanceKlass com/mendix/connectionbus/mapping/IndexMapper
instanceKlass com/mendix/connectionbus/mapping/SequenceMapper
instanceKlass com/mendix/connectionbus/mapping/MappedNameGenerator
instanceKlass com/mendix/connectionbus/mapping/ColumnMapper
instanceKlass com/mendix/connectionbus/mapping/TableMapper
instanceKlass com/mendix/connectionbus/mapping/SqlExceptionHandling
instanceKlass org/apache/commons/pool2/ObjectPool
instanceKlass org/apache/commons/pool2/PooledObjectFactory
instanceKlass org/apache/commons/dbcp2/ConnectionFactory
instanceKlass com/mendix/connectionbus/connections/jdbc/JdbcDataSourceConnectionFactory$ConfigurationAuthenticator
instanceKlass  @bci com/mendix/connectionbus/ConnectionMinibus loadJdbcDataStoreConfigurator (Lcom/mendix/connectionbus/connections/jdbc/DatabaseConfiguration;)Lcom/mendix/connectionbus/connections/jdbc/JdbcDataStoreConfigurator; 43 <appendix> argL0 ; # com/mendix/connectionbus/ConnectionMinibus$$Lambda+0x00000217d26a5450
instanceKlass com/mendix/shared/util/MiscUtils$MatchEx$
instanceKlass  @bci com/mendix/connectionbus/ConnectionMinibus loadJdbcDataStoreConfigurator (Lcom/mendix/connectionbus/connections/jdbc/DatabaseConfiguration;)Lcom/mendix/connectionbus/connections/jdbc/JdbcDataStoreConfigurator; 23 <appendix> argL0 ; # com/mendix/connectionbus/ConnectionMinibus$$Lambda+0x00000217d26a4b38
instanceKlass  @bci com/mendix/connectionbus/ConnectionMinibus loadJdbcDataStoreConfigurator (Lcom/mendix/connectionbus/connections/jdbc/DatabaseConfiguration;)Lcom/mendix/connectionbus/connections/jdbc/JdbcDataStoreConfigurator; 6 <appendix> argL0 ; # com/mendix/connectionbus/ConnectionMinibus$$Lambda+0x00000217d26a4890
instanceKlass  @bci com/mendix/connectionbus/ConnectionMinibus connectionManager$lzycompute ()Lcom/mendix/connectionbus/connections/jdbc/ConnectionManager; 20 <appendix> member <vmtarget> ; # com/mendix/connectionbus/ConnectionMinibus$$Lambda+0x00000217d26a44d0
instanceKlass com/mendix/connectionbus/connections/jdbc/ConnectionManager$
instanceKlass com/mendix/connectionbus/modelsynchronization/analysis/mapping/MappingConstants
instanceKlass  @bci com/mendix/connectionbus/ConnectionMinibus systemProperties$lzycompute ()Lcom/mendix/connectionbus/connections/jdbc/SystemProperties; 21 <appendix> member <vmtarget> ; # com/mendix/connectionbus/ConnectionMinibus$$Lambda+0x00000217d26a3c68
instanceKlass com/mendix/connectionbus/retrieve/query/oql/SelectColumn
instanceKlass com/mendix/connectionbus/modelsynchronization/analysis/SystemTablesDefinitions$SystemTableUtils
instanceKlass com/mendix/connectionbus/modelsynchronization/changeinfo/databaserepresentation/Table
instanceKlass com/mendix/connectionbus/connections/jdbc/SystemProperties
instanceKlass com/mendix/filedocumentprocessor/OldFileMigration$
instanceKlass com/mendix/basis/objectmanagement/member/MendixAutoNumberImpl$
instanceKlass  @bci com/mendix/basis/objectmanagement/member/MendixIntegerImpl getValueFromString (Ljava/lang/String;)Ljava/lang/Integer; 15 <appendix> argL0 ; # com/mendix/basis/objectmanagement/member/MendixIntegerImpl$$Lambda+0x00000217d26a23a8
instanceKlass  @bci com/mendix/basis/objectmanagement/member/MendixIntegerImpl getValueFromString (Ljava/lang/String;)Ljava/lang/Integer; 7 <appendix> argL0 ; # com/mendix/basis/objectmanagement/member/MendixIntegerImpl$$Lambda+0x00000217d26a1ff0
instanceKlass com/mendix/basis/objectmanagement/member/MendixIntegerImpl$
instanceKlass  @bci com/mendix/basis/objectmanagement/member/MendixObjectReferenceSetImpl <init> (Lcom/mendix/basis/objectmanagement/MendixObjectMemberImpl;Lcom/mendix/systemwideinterfaces/core/meta/IMetaAssociation;Ljava/lang/String;Lcom/mendix/basis/objectmanagement/member/AccessibilityChecker;)V 33 <appendix> argL0 ; # com/mendix/basis/objectmanagement/member/MendixObjectReferenceSetImpl$$Lambda+0x00000217d26a1b50
instanceKlass com/mendix/core/objectmanagement/member/MendixObjectReferenceSetExt$RefSetChanges
instanceKlass  @bci com/mendix/basis/objectmanagement/member/MendixObjectReferenceImpl <init> (Lcom/mendix/basis/objectmanagement/MendixObjectMemberImpl;Ljava/lang/String;Ljava/lang/Boolean;Lcom/mendix/basis/objectmanagement/meta/metamodel/MetaObject;Lcom/mendix/basis/objectmanagement/member/AccessibilityChecker;)V 39 <appendix> argL0 ; # com/mendix/basis/objectmanagement/member/MendixObjectReferenceImpl$$Lambda+0x00000217d26a16b8
instanceKlass  @bci com/mendix/basis/objectmanagement/MendixObjectFactory createAssociation (Lcom/mendix/basis/objectmanagement/meta/metamodel/MetaAssociation;Lcom/mendix/basis/objectmanagement/MendixObject;Ljava/lang/String;Lcom/mendix/basis/objectmanagement/member/AccessibilityChecker;Lcom/mendix/basis/objectmanagement/meta/metamodel/MetaObject;)Lcom/mendix/basis/objectmanagement/MendixObjectMemberImpl; 35 <appendix> argL0 ; # com/mendix/basis/objectmanagement/MendixObjectFactory$$Lambda+0x00000217d26a1410
instanceKlass  @bci com/mendix/basis/objectmanagement/MendixObjectFactory createAssociation (Lcom/mendix/basis/objectmanagement/meta/metamodel/MetaAssociation;Lcom/mendix/basis/objectmanagement/MendixObject;Ljava/lang/String;Lcom/mendix/basis/objectmanagement/member/AccessibilityChecker;Lcom/mendix/basis/objectmanagement/meta/metamodel/MetaObject;)Lcom/mendix/basis/objectmanagement/MendixObjectMemberImpl; 12 <appendix> argL0 ; # com/mendix/basis/objectmanagement/MendixObjectFactory$$Lambda+0x00000217d26a1168
instanceKlass  @bci com/mendix/basis/objectmanagement/member/MendixBooleanImpl getValueFromString (Ljava/lang/String;)Ljava/lang/Boolean; 15 <appendix> argL0 ; # com/mendix/basis/objectmanagement/member/MendixBooleanImpl$$Lambda+0x00000217d26a0db0
instanceKlass  @bci com/mendix/basis/objectmanagement/member/MendixBooleanImpl getValueFromString (Ljava/lang/String;)Ljava/lang/Boolean; 7 <appendix> argL0 ; # com/mendix/basis/objectmanagement/member/MendixBooleanImpl$$Lambda+0x00000217d26a09f8
instanceKlass com/mendix/basis/objectmanagement/member/MendixBooleanImpl$
instanceKlass  @bci com/mendix/basis/objectmanagement/member/MendixEnumImpl getValueFromString (Ljava/lang/String;)Ljava/lang/String; 7 <appendix> argL0 ; # com/mendix/basis/objectmanagement/member/MendixEnumImpl$$Lambda+0x00000217d26a03c0
instanceKlass java/util/AbstractMap$2$1
instanceKlass  @bci com/mendix/basis/objectmanagement/meta/metamodel/extensions/EntityConversionExtensions$ModelAttributeOps $anonfun$asMetaPrimitive$3 (Lcom/mendix/basis/objectmanagement/meta/metamodel/extensions/EntityConversionExtensions$ModelAttributeOps;Lscala/Function1;)Lscala/Option; 20 <appendix> member <vmtarget> ; # com/mendix/basis/objectmanagement/meta/metamodel/extensions/EntityConversionExtensions$ModelAttributeOps$$Lambda+0x00000217d2694400
instanceKlass com/mendix/basis/objectmanagement/member/MendixEnumImpl$
instanceKlass  @bci com/mendix/basis/objectmanagement/member/MendixLongImpl getValueFromString (Ljava/lang/String;)Ljava/lang/Long; 15 <appendix> argL0 ; # com/mendix/basis/objectmanagement/member/MendixLongImpl$$Lambda+0x00000217d269b440
instanceKlass  @bci com/mendix/basis/objectmanagement/member/MendixLongImpl getValueFromString (Ljava/lang/String;)Ljava/lang/Long; 7 <appendix> argL0 ; # com/mendix/basis/objectmanagement/member/MendixLongImpl$$Lambda+0x00000217d269b088
instanceKlass com/mendix/basis/objectmanagement/member/MendixLongImpl$
instanceKlass  @bci com/mendix/basis/objectmanagement/MendixObjectFactory createPrimitive (Lcom/mendix/systemwideinterfaces/core/meta/IMetaPrimitive;Lcom/mendix/basis/objectmanagement/MendixObject;)Lcom/mendix/basis/objectmanagement/MendixObjectMember; 131 <appendix> member <vmtarget> ; # com/mendix/basis/objectmanagement/MendixObjectFactory$$Lambda+0x00000217d269aad0
instanceKlass  @bci com/mendix/basis/objectmanagement/MendixObjectFactory$ asDate (Ljava/lang/String;)Lscala/Option; 19 <appendix> member <vmtarget> ; # com/mendix/basis/objectmanagement/MendixObjectFactory$$$Lambda+0x00000217d269a820
instanceKlass com/mendix/shared/util/StringUtils$
instanceKlass com/mendix/basis/objectmanagement/MendixObjectFactory$
instanceKlass  @bci com/mendix/basis/objectmanagement/meta/metamodel/MetaPrimitiveImpl shouldLocalizeDate ()Z 4 <appendix> argL0 ; # com/mendix/basis/objectmanagement/meta/metamodel/MetaPrimitiveImpl$$Lambda+0x00000217d269a168
instanceKlass com/mendix/basis/objectmanagement/member/MendixDateTimeImpl$
instanceKlass  @bci com/mendix/basis/objectmanagement/MendixObjectFactory createMembers (Lcom/mendix/basis/objectmanagement/meta/metamodel/MetaObject;Lcom/mendix/basis/objectmanagement/MendixObject;Ljava/util/Map;Lcom/mendix/basis/objectmanagement/member/AccessibilityChecker;)V 91 <appendix> member <vmtarget> ; # com/mendix/basis/objectmanagement/MendixObjectFactory$$Lambda+0x00000217d2699bb0
instanceKlass  @bci com/mendix/basis/objectmanagement/MendixObjectFactory createMembers (Lcom/mendix/basis/objectmanagement/meta/metamodel/MetaObject;Lcom/mendix/basis/objectmanagement/MendixObject;Ljava/util/Map;Lcom/mendix/basis/objectmanagement/member/AccessibilityChecker;)V 76 <appendix> argL0 ; # com/mendix/basis/objectmanagement/MendixObjectFactory$$Lambda+0x00000217d26997f8
instanceKlass  @bci com/mendix/basis/objectmanagement/MendixObjectFactory createMembers (Lcom/mendix/basis/objectmanagement/meta/metamodel/MetaObject;Lcom/mendix/basis/objectmanagement/MendixObject;Ljava/util/Map;Lcom/mendix/basis/objectmanagement/member/AccessibilityChecker;)V 53 <appendix> member <vmtarget> ; # com/mendix/basis/objectmanagement/MendixObjectFactory$$Lambda+0x00000217d2699438
instanceKlass  @bci com/mendix/basis/objectmanagement/meta/metamodel/MetaPrimitiveImpl getLength ()I 4 <appendix> argL0 ; # com/mendix/basis/objectmanagement/meta/metamodel/MetaPrimitiveImpl$$Lambda+0x00000217d2699170
instanceKlass com/mendix/basis/objectmanagement/member/UpdateFailureInfo
instanceKlass com/mendix/basis/objectmanagement/member/MendixStringImpl$
instanceKlass  @bci com/mendix/basis/objectmanagement/MendixObjectFactory createMembers (Lcom/mendix/basis/objectmanagement/meta/metamodel/MetaObject;Lcom/mendix/basis/objectmanagement/MendixObject;Ljava/util/Map;Lcom/mendix/basis/objectmanagement/member/AccessibilityChecker;)V 25 <appendix> member <vmtarget> ; # com/mendix/basis/objectmanagement/MendixObjectFactory$$Lambda+0x00000217d2694aa8
instanceKlass com/mendix/basis/objectmanagement/MendixObjectImpl
instanceKlass  @bci com/mendix/basis/objectmanagement/MendixObjectFactory createInstance (Lcom/mendix/basis/objectmanagement/meta/metamodel/MetaObject;Lcom/mendix/basis/component/LocalComponent;Lcom/mendix/basis/objectmanagement/member/AccessibilityChecker;)Lcom/mendix/basis/objectmanagement/MendixObjectImpl; 12 <appendix> argL0 ; # com/mendix/basis/objectmanagement/MendixObjectFactory$$Lambda+0x00000217d2694800
instanceKlass  @bci com/mendix/basis/objectmanagement/MendixObjectFactory initializeObjectInstances (Lcom/mendix/basis/component/LocalComponent;)V 69 <appendix> member <vmtarget> ; # com/mendix/basis/objectmanagement/MendixObjectFactory$$Lambda+0x00000217d2695aa8
instanceKlass  @bci com/mendix/basis/objectmanagement/Scheme <init> (Lscala/collection/immutable/Map;Lscala/collection/immutable/Map;Lscala/collection/immutable/Seq;Lscala/collection/immutable/Seq;Lscala/collection/immutable/Map;Lscala/collection/immutable/Map;)V 54 <appendix> argL0 ; # com/mendix/basis/objectmanagement/Scheme$$Lambda+0x00000217d26956f0
instanceKlass  @bci com/mendix/basis/objectmanagement/meta/metamodel/MetaEnumeration <init> (Ljava/lang/String;Lscala/collection/immutable/SeqMap;)V 56 <appendix> argL0 ; # com/mendix/basis/objectmanagement/meta/metamodel/MetaEnumeration$$Lambda+0x00000217d2695338
instanceKlass com/mendix/basis/objectmanagement/meta/metamodel/MetaEnumeration$MetaEnumValue
instanceKlass  @bci com/mendix/basis/objectmanagement/meta/metamodel/MetaEnumeration <init> (Ljava/lang/String;Lscala/collection/immutable/SeqMap;)V 21 <appendix> member <vmtarget> ; # com/mendix/basis/objectmanagement/meta/metamodel/MetaEnumeration$$Lambda+0x00000217d268fbc8
instanceKlass scala/collection/MapFactory$ToFactory
instanceKlass scala/collection/MapFactory$
instanceKlass  @bci com/mendix/basis/objectmanagement/meta/metamodel/extensions/ModelConversionExtensions$ModelEnumerationOps asMetaEnumeration ()Lcom/mendix/basis/objectmanagement/meta/metamodel/MetaEnumeration; 18 <appendix> argL0 ; # com/mendix/basis/objectmanagement/meta/metamodel/extensions/ModelConversionExtensions$ModelEnumerationOps$$Lambda+0x00000217d268f810
instanceKlass com/mendix/systemwideinterfaces/core/meta/IMetaEnumValue
instanceKlass com/mendix/basis/objectmanagement/meta/metamodel/MetaEnumeration
instanceKlass com/mendix/basis/objectmanagement/meta/metamodel/extensions/ModelConversionExtensions$ModelEnumerationOps
instanceKlass  @bci com/mendix/basis/objectmanagement/SchemeFactory enumerationsByName$lzycompute ()Lscala/collection/immutable/Map; 30 <appendix> argL0 ; # com/mendix/basis/objectmanagement/SchemeFactory$$Lambda+0x00000217d268ef50
instanceKlass com/mendix/basis/objectmanagement/Scheme
instanceKlass  @bci com/mendix/basis/objectmanagement/SchemeFactory $anonfun$initializeSecurity$3 (Lcom/mendix/basis/objectmanagement/meta/metamodel/MetaObject;)V 93 <appendix> member <vmtarget> ; # com/mendix/basis/objectmanagement/SchemeFactory$$Lambda+0x00000217d268e920
instanceKlass  @cpi com/mendix/basis/objectmanagement/SchemeFactory 1854 form vmentry <vmtarget> ; # java/lang/invoke/LambdaForm$DMH+0x00000217d2694000
instanceKlass  @bci com/mendix/basis/objectmanagement/SchemeFactory $anonfun$initializeSecurity$3 (Lcom/mendix/basis/objectmanagement/meta/metamodel/MetaObject;)V 72 <appendix> argL0 ; # com/mendix/basis/objectmanagement/SchemeFactory$$Lambda+0x00000217d268e568
instanceKlass  @bci com/mendix/basis/objectmanagement/SchemeFactory initializeSecurity (Lscala/collection/immutable/Map;)V 27 <appendix> argL0 ; # com/mendix/basis/objectmanagement/SchemeFactory$$Lambda+0x00000217d268e1b0
instanceKlass  @bci com/mendix/basis/objectmanagement/meta/metamodel/MetaObject isSubClassOf (Ljava/lang/String;)Z 50 <appendix> member <vmtarget> ; # com/mendix/basis/objectmanagement/meta/metamodel/MetaObject$$Lambda+0x00000217d268ddf0
instanceKlass  @bci com/mendix/basis/objectmanagement/meta/metamodel/MetaObject isSubClassOf (Ljava/lang/String;)Z 12 <appendix> argL0 ; # com/mendix/basis/objectmanagement/meta/metamodel/MetaObject$$Lambda+0x00000217d268db48
instanceKlass  @bci com/mendix/basis/objectmanagement/meta/metamodel/MetaObjectAccess getXpathConstraint ()Ljava/lang/String; 4 <appendix> argL0 ; # com/mendix/basis/objectmanagement/meta/metamodel/MetaObjectAccess$$Lambda+0x00000217d268d8a0
instanceKlass  @bci com/mendix/basis/objectmanagement/meta/metamodel/MetaObject addMetaObjectAccess (Lcom/mendix/basis/objectmanagement/meta/metamodel/MetaObjectAccess;)V 137 <appendix> member <vmtarget> ; # com/mendix/basis/objectmanagement/meta/metamodel/MetaObject$$Lambda+0x00000217d268d4e0
instanceKlass  @bci scala/collection/View$Concat iterator ()Lscala/collection/Iterator; 10 <appendix> member <vmtarget> ; # scala/collection/View$Concat$$Lambda+0x00000217d2692988
instanceKlass  @bci com/mendix/basis/objectmanagement/SchemeFactory addFullObjectAccess (Lcom/mendix/basis/objectmanagement/meta/metamodel/MetaObject;)V 101 <appendix> member <vmtarget> ; # com/mendix/basis/objectmanagement/SchemeFactory$$Lambda+0x00000217d268d120
instanceKlass  @bci com/mendix/basis/objectmanagement/SchemeFactory addFullObjectAccess (Lcom/mendix/basis/objectmanagement/meta/metamodel/MetaObject;)V 76 <appendix> member <vmtarget> ; # com/mendix/basis/objectmanagement/SchemeFactory$$Lambda+0x00000217d268cd60
instanceKlass  @bci scala/collection/immutable/VectorMap$$anon$2 iterator ()Lscala/collection/Iterator; 22 <appendix> member <vmtarget> ; # scala/collection/immutable/VectorMap$$anon$2$$Lambda+0x00000217d2691ad0
instanceKlass scala/collection/immutable/VectorMap$$anon$2
instanceKlass com/mendix/basis/objectmanagement/meta/metamodel/MetaObjectAccess
instanceKlass com/mendix/systemwideinterfaces/core/meta/IMetaObjectAccess
instanceKlass com/mendix/basis/objectmanagement/meta/metamodel/MetaObjectAccess$
instanceKlass  @bci com/mendix/basis/objectmanagement/meta/metamodel/MetaObject isRemote ()Z 7 <appendix> argL0 ; # com/mendix/basis/objectmanagement/meta/metamodel/MetaObject$$Lambda+0x00000217d268c3a8
instanceKlass  @bci com/mendix/basis/objectmanagement/SchemeFactory initializeSecurity (Lscala/collection/immutable/Map;)V 13 <appendix> member <vmtarget> ; # com/mendix/basis/objectmanagement/SchemeFactory$$Lambda+0x00000217d268bfe8
instanceKlass  @bci com/mendix/basis/objectmanagement/SchemeFactory initializeSecurity (Lscala/collection/immutable/Map;)V 1 <appendix> argL0 ; # com/mendix/basis/objectmanagement/SchemeFactory$$Lambda+0x00000217d268bc30
instanceKlass com/mendix/basis/value/EmptyValue$
instanceKlass  @bci com/mendix/basis/value/DecimalValue$ apply (Ljava/lang/String;)Lscala/util/Try; 4 <appendix> member <vmtarget> ; # com/mendix/basis/value/DecimalValue$$$Lambda+0x00000217d268b6d8
instanceKlass com/mendix/basis/value/DecimalValue
instanceKlass com/mendix/basis/value/LongValue
instanceKlass com/mendix/basis/value/NumberValue
instanceKlass com/mendix/basis/value/PrimitiveValue
instanceKlass com/mendix/basis/value/NonEmptyValue
instanceKlass  @bci com/mendix/basis/value/MendixValue$Companion of (Ljava/lang/Object;)Lcom/mendix/basis/value/MendixValue; 12 <appendix> argL0 ; # com/mendix/basis/value/MendixValue$Companion$$Lambda+0x00000217d268a248
instanceKlass com/mendix/basis/value/MendixValue$Companion
instanceKlass com/mendix/basis/objectmanagement/meta/datavalidation/DataValidation$
instanceKlass com/mendix/basis/objectmanagement/meta/datavalidation/FixedValue
instanceKlass com/mendix/basis/objectmanagement/meta/datavalidation/ValidationValue
instanceKlass  @bci com/mendix/basis/objectmanagement/meta/metamodel/MetaObject addDataValidation (Lcom/mendix/basis/objectmanagement/meta/datavalidation/DataValidation;)V 30 <appendix> argL0 ; # com/mendix/basis/objectmanagement/meta/metamodel/MetaObject$$Lambda+0x00000217d26890f0
instanceKlass org/apache/commons/lang3/StringUtils
instanceKlass  @bci com/mendix/basis/objectmanagement/SchemeFactory $anonfun$initializeDataValidation$2 (Lcom/mendix/basis/objectmanagement/SchemeFactory;Lscala/Tuple2;)V 68 <appendix> member <vmtarget> ; # com/mendix/basis/objectmanagement/SchemeFactory$$Lambda+0x00000217d2688b38
instanceKlass  @bci com/mendix/basis/objectmanagement/SchemeFactory initializeDataValidation (Lscala/collection/immutable/Map;)V 12 <appendix> member <vmtarget> ; # com/mendix/basis/objectmanagement/SchemeFactory$$Lambda+0x00000217d2688778
instanceKlass  @bci com/mendix/basis/objectmanagement/SchemeFactory initializeDataValidation (Lscala/collection/immutable/Map;)V 1 <appendix> argL0 ; # com/mendix/basis/objectmanagement/SchemeFactory$$Lambda+0x00000217d26883c0
instanceKlass  @bci com/mendix/basis/objectmanagement/SchemeFactory $anonfun$initializeMetaObjectsInheritance$2 (Lcom/mendix/basis/objectmanagement/meta/metamodel/MetaObject;Lcom/mendix/basis/objectmanagement/meta/metamodel/MetaObject;)V 38 <appendix> member <vmtarget> ; # com/mendix/basis/objectmanagement/SchemeFactory$$Lambda+0x00000217d2688000
instanceKlass  @bci com/mendix/basis/objectmanagement/SchemeFactory $anonfun$initializeMetaObjectsInheritance$2 (Lcom/mendix/basis/objectmanagement/meta/metamodel/MetaObject;Lcom/mendix/basis/objectmanagement/meta/metamodel/MetaObject;)V 14 <appendix> member <vmtarget> ; # com/mendix/basis/objectmanagement/SchemeFactory$$Lambda+0x00000217d2687c28
instanceKlass  @bci com/mendix/basis/objectmanagement/SchemeFactory $anonfun$initializeMetaObjectsInheritance$1 (Lcom/mendix/basis/objectmanagement/meta/metamodel/MetaObject;)V 14 <appendix> member <vmtarget> ; # com/mendix/basis/objectmanagement/SchemeFactory$$Lambda+0x00000217d2687868
instanceKlass  @bci com/mendix/basis/objectmanagement/SchemeFactory initializeMetaObjectsInheritance (Lscala/collection/Iterable;)V 1 <appendix> argL0 ; # com/mendix/basis/objectmanagement/SchemeFactory$$Lambda+0x00000217d26874b0
instanceKlass  @bci com/mendix/basis/objectmanagement/SchemeFactory initializeParentChildAssociations (Lscala/collection/Iterable;)V 1 <appendix> argL0 ; # com/mendix/basis/objectmanagement/SchemeFactory$$Lambda+0x00000217d26870f8
instanceKlass com/mendix/basis/objectmanagement/SchemeFactory$
instanceKlass  @bci com/mendix/basis/objectmanagement/SchemeFactory initializeAssociations (Lscala/collection/immutable/Map;)Lscala/collection/Iterable; 15 <appendix> member <vmtarget> ; # com/mendix/basis/objectmanagement/SchemeFactory$$Lambda+0x00000217d2686b40
instanceKlass scala/util/hashing/MurmurHash3$ArrayHashing
instanceKlass  @bci com/mendix/basis/objectmanagement/SchemeFactory $anonfun$initializeIndices$2 (Lcom/mendix/basis/objectmanagement/meta/metamodel/MetaObject;Lcom/mendix/model/domainmodels/ModelIndex;)V 30 <appendix> member <vmtarget> ; # com/mendix/basis/objectmanagement/SchemeFactory$$Lambda+0x00000217d2686780
instanceKlass com/mendix/basis/objectmanagement/meta/metamodel/MetaObjectIndex
instanceKlass com/mendix/systemwideinterfaces/core/meta/IMetaObjectIndex
instanceKlass  @bci com/mendix/basis/objectmanagement/SchemeFactory $anonfun$initializeIndices$1 (Lscala/collection/immutable/Map;Lcom/mendix/basis/objectmanagement/meta/metamodel/MetaObject;)V 17 <appendix> member <vmtarget> ; # com/mendix/basis/objectmanagement/SchemeFactory$$Lambda+0x00000217d26863c0
instanceKlass  @bci com/mendix/basis/objectmanagement/SchemeFactory initializeIndices (Lscala/collection/immutable/Map;Lscala/collection/Iterable;)V 2 <appendix> member <vmtarget> ; # com/mendix/basis/objectmanagement/SchemeFactory$$Lambda+0x00000217d2686000
instanceKlass com/mendix/basis/objectmanagement/meta/metamodel/MetaAssociation
instanceKlass com/mendix/objectmanagement/meta/metamodel/IMetaAssociationExt
instanceKlass  @bci com/mendix/basis/objectmanagement/meta/metamodel/MetaObject getHighestSuperObject ()Lcom/mendix/basis/objectmanagement/meta/metamodel/MetaObject; 8 <appendix> member <vmtarget> ; # com/mendix/basis/objectmanagement/meta/metamodel/MetaObject$$Lambda+0x00000217d2683078
instanceKlass  @bci com/mendix/basis/objectmanagement/SchemeFactory initializeDefaultAttributes (Lscala/collection/immutable/Map;)Lscala/collection/immutable/Seq; 21 <appendix> member <vmtarget> ; # com/mendix/basis/objectmanagement/SchemeFactory$$Lambda+0x00000217d2682cb8
instanceKlass scala/runtime/ObjectRef
instanceKlass  @bci com/mendix/basis/objectmanagement/SchemeFactory $anonfun$initializeAttributes$10 (Lcom/mendix/basis/objectmanagement/SchemeFactory;Lcom/mendix/basis/objectmanagement/meta/metamodel/MetaObject;Lscala/collection/immutable/Map;Lcom/mendix/model/domainmodels/ModelEntity;Lcom/mendix/model/domainmodels/ModelEntity;)V 9 <appendix> member <vmtarget> ; # com/mendix/basis/objectmanagement/SchemeFactory$$Lambda+0x00000217d26828f8
instanceKlass  @bci com/mendix/basis/objectmanagement/meta/metamodel/extensions/EntityConversionExtensions$ModelEntityOps systemPrimitive (Ljava/lang/String;Lcom/mendix/systemwideinterfaces/core/meta/IMetaPrimitive$PrimitiveType;Ljava/lang/String;Lscala/collection/immutable/Set;Lscala/Function0;)Lcom/mendix/basis/objectmanagement/meta/metamodel/MetaPrimitiveImpl; 160 <adapter> ; # java/lang/invoke/LambdaForm$MH+0x00000217d2684c00
# instanceKlass java/lang/invoke/LambdaForm$DMH+0x00000217d2684800
instanceKlass  @bci com/mendix/basis/objectmanagement/meta/metamodel/extensions/EntityConversionExtensions$ModelEntityOps systemPrimitive (Ljava/lang/String;Lcom/mendix/systemwideinterfaces/core/meta/IMetaPrimitive$PrimitiveType;Ljava/lang/String;Lscala/collection/immutable/Set;Lscala/Function0;)Lcom/mendix/basis/objectmanagement/meta/metamodel/MetaPrimitiveImpl; 160 <appendix> form vmentry <vmtarget> ; # java/lang/invoke/LambdaForm$DMH+0x00000217d2684400
instanceKlass  @bci com/mendix/basis/objectmanagement/meta/metamodel/extensions/EntityConversionExtensions$ModelEntityOps systemPrimitive (Ljava/lang/String;Lcom/mendix/systemwideinterfaces/core/meta/IMetaPrimitive$PrimitiveType;Ljava/lang/String;Lscala/collection/immutable/Set;Lscala/Function0;)Lcom/mendix/basis/objectmanagement/meta/metamodel/MetaPrimitiveImpl; 160 <appendix> member <vmtarget> ; # com/mendix/basis/objectmanagement/meta/metamodel/extensions/EntityConversionExtensions$ModelEntityOps$$Lambda+0x00000217d2682648
instanceKlass  @cpi com/mendix/basis/objectmanagement/meta/metamodel/extensions/EntityConversionExtensions$ModelEntityOps 508 form vmentry <vmtarget> ; # java/lang/invoke/LambdaForm$DMH+0x00000217d2684000
instanceKlass com/mendix/basis/objectmanagement/meta/metamodel/MetaPrimitiveImpl$
instanceKlass  @bci com/mendix/basis/objectmanagement/meta/metamodel/extensions/EntityConversionExtensions$ModelEntityOps systemPrimitive (Ljava/lang/String;Lcom/mendix/systemwideinterfaces/core/meta/IMetaPrimitive$PrimitiveType;Ljava/lang/String;Lscala/collection/immutable/Set;Lscala/Function0;)Lcom/mendix/basis/objectmanagement/meta/metamodel/MetaPrimitiveImpl; 82 <appendix> argL0 ; # com/mendix/basis/objectmanagement/meta/metamodel/extensions/EntityConversionExtensions$ModelEntityOps$$Lambda+0x00000217d2682188
instanceKlass com/mendix/shared/util/uuid/NameSpaceUuid
instanceKlass  @bci com/mendix/basis/objectmanagement/SchemeFactory $anonfun$initializeAttributes$3 (Lcom/mendix/basis/objectmanagement/SchemeFactory;Lcom/mendix/model/domainmodels/ModelEntity;Lscala/collection/immutable/Map;Lscala/Tuple2;)V 101 <appendix> member <vmtarget> ; # com/mendix/basis/objectmanagement/SchemeFactory$$Lambda+0x00000217d2681bd0
instanceKlass  @bci com/mendix/basis/objectmanagement/meta/metamodel/extensions/EntityConversionExtensions$ModelEntityOps $anonfun$remotePrimaryKeyPrimitives$1 (Lcom/mendix/basis/objectmanagement/meta/metamodel/extensions/EntityConversionExtensions$ModelEntityOps;Lscala/Function1;Lcom/mendix/model/domainmodels/ModelNoGeneralization;)Lscala/Option; 20 <appendix> member <vmtarget> ; # com/mendix/basis/objectmanagement/meta/metamodel/extensions/EntityConversionExtensions$ModelEntityOps$$Lambda+0x00000217d2681810
instanceKlass  @bci com/mendix/basis/objectmanagement/meta/metamodel/extensions/EntityConversionExtensions$ModelEntityOps $anonfun$remotePrimaryKeyPrimitives$1 (Lcom/mendix/basis/objectmanagement/meta/metamodel/extensions/EntityConversionExtensions$ModelEntityOps;Lscala/Function1;Lcom/mendix/model/domainmodels/ModelNoGeneralization;)Lscala/Option; 10 <appendix> argL0 ; # com/mendix/basis/objectmanagement/meta/metamodel/extensions/EntityConversionExtensions$ModelEntityOps$$Lambda+0x00000217d2681458
instanceKlass  @bci com/mendix/basis/objectmanagement/meta/metamodel/extensions/EntityConversionExtensions$ModelEntityOps remotePrimaryKeyPrimitives (Lscala/Function1;)Lscala/Option; 30 <appendix> member <vmtarget> ; # com/mendix/basis/objectmanagement/meta/metamodel/extensions/EntityConversionExtensions$ModelEntityOps$$Lambda+0x00000217d2681098
instanceKlass  @bci com/mendix/basis/objectmanagement/SchemeFactory $anonfun$initializeAttributes$3 (Lcom/mendix/basis/objectmanagement/SchemeFactory;Lcom/mendix/model/domainmodels/ModelEntity;Lscala/collection/immutable/Map;Lscala/Tuple2;)V 91 <appendix> member <vmtarget> ; # com/mendix/basis/objectmanagement/SchemeFactory$$Lambda+0x00000217d2680cd8
instanceKlass  @bci com/mendix/basis/objectmanagement/SchemeFactory $anonfun$initializeAttributes$3 (Lcom/mendix/basis/objectmanagement/SchemeFactory;Lcom/mendix/model/domainmodels/ModelEntity;Lscala/collection/immutable/Map;Lscala/Tuple2;)V 52 <appendix> member <vmtarget> ; # com/mendix/basis/objectmanagement/SchemeFactory$$Lambda+0x00000217d2680918
instanceKlass  @bci com/mendix/basis/objectmanagement/SchemeFactory getPrimitives$1 (Lcom/mendix/model/domainmodels/ModelEntity;Lscala/collection/immutable/Map;Lcom/mendix/model/domainmodels/ModelEntity;)Lscala/collection/Iterable; 91 <appendix> member <vmtarget> ; # com/mendix/basis/objectmanagement/SchemeFactory$$Lambda+0x00000217d2680668
instanceKlass  @bci com/mendix/basis/objectmanagement/SchemeFactory getPrimitives$1 (Lcom/mendix/model/domainmodels/ModelEntity;Lscala/collection/immutable/Map;Lcom/mendix/model/domainmodels/ModelEntity;)Lscala/collection/Iterable; 64 <appendix> member <vmtarget> ; # com/mendix/basis/objectmanagement/SchemeFactory$$Lambda+0x00000217d26803b8
instanceKlass  @bci com/mendix/basis/objectmanagement/meta/metamodel/extensions/EntityConversionExtensions$ModelAttributeOps asMetaPrimitive (Ljava/lang/String;Lscala/collection/immutable/Set;Lscala/Function0;Lscala/Function1;)Lcom/mendix/basis/objectmanagement/meta/metamodel/MetaPrimitive; 227 <appendix> member <vmtarget> ; # com/mendix/basis/objectmanagement/meta/metamodel/extensions/EntityConversionExtensions$ModelAttributeOps$$Lambda+0x00000217d267fcb8
instanceKlass  @bci com/mendix/basis/objectmanagement/meta/metamodel/extensions/EntityConversionExtensions$ModelAttributeOps asMetaPrimitive (Ljava/lang/String;Lscala/collection/immutable/Set;Lscala/Function0;Lscala/Function1;)Lcom/mendix/basis/objectmanagement/meta/metamodel/MetaPrimitive; 215 <appendix> argL0 ; # com/mendix/basis/objectmanagement/meta/metamodel/extensions/EntityConversionExtensions$ModelAttributeOps$$Lambda+0x00000217d2680000
instanceKlass  @bci com/mendix/basis/objectmanagement/meta/metamodel/extensions/EntityConversionExtensions$ModelAttributeOps asMetaPrimitive (Ljava/lang/String;Lscala/collection/immutable/Set;Lscala/Function0;Lscala/Function1;)Lcom/mendix/basis/objectmanagement/meta/metamodel/MetaPrimitive; 180 <appendix> argL0 ; # com/mendix/basis/objectmanagement/meta/metamodel/extensions/EntityConversionExtensions$ModelAttributeOps$$Lambda+0x00000217d267f900
instanceKlass  @bci com/mendix/basis/objectmanagement/meta/metamodel/extensions/EntityConversionExtensions$ModelAttributeTypeOps shouldLocalizeDate ()Lscala/Option; 24 <appendix> argL0 ; # com/mendix/basis/objectmanagement/meta/metamodel/extensions/EntityConversionExtensions$ModelAttributeTypeOps$$Lambda+0x00000217d267f548
instanceKlass  @bci com/mendix/basis/objectmanagement/meta/metamodel/extensions/EntityConversionExtensions$ModelAttributeTypeOps enumerationName ()Lscala/Option; 24 <appendix> argL0 ; # com/mendix/basis/objectmanagement/meta/metamodel/extensions/EntityConversionExtensions$ModelAttributeTypeOps$$Lambda+0x00000217d267f190
instanceKlass  @bci com/mendix/basis/objectmanagement/meta/metamodel/extensions/EntityConversionExtensions$ModelValueTypeOps actionName ()Lscala/Option; 24 <appendix> argL0 ; # com/mendix/basis/objectmanagement/meta/metamodel/extensions/EntityConversionExtensions$ModelValueTypeOps$$Lambda+0x00000217d267edd8
instanceKlass com/mendix/basis/objectmanagement/meta/metamodel/extensions/EntityConversionExtensions$ModelValueTypeOps
instanceKlass com/mendix/basis/objectmanagement/meta/metamodel/extensions/EntityConversionExtensions$ModelAttributeTypeOps
instanceKlass com/mendix/basis/objectmanagement/meta/metamodel/MetaPrimitiveImpl
instanceKlass scala/collection/SeqFactory$UnapplySeqWrapper
instanceKlass scala/collection/SeqFactory$UnapplySeqWrapper$
instanceKlass  @bci com/mendix/basis/objectmanagement/meta/metamodel/extensions/ModelConversionExtensions$ComponentModelStoreOps $anonfun$rolesWithMetaAccessTo$1 (Ljava/lang/String;Lcom/mendix/model/domainmodels/ModelEntity;)Z 5 <appendix> member <vmtarget> ; # com/mendix/basis/objectmanagement/meta/metamodel/extensions/ModelConversionExtensions$ComponentModelStoreOps$$Lambda+0x00000217d267e110
instanceKlass  @bci com/mendix/basis/objectmanagement/meta/metamodel/extensions/ModelConversionExtensions$ComponentModelStoreOps rolesWithMetaAccessTo (Ljava/lang/String;Ljava/lang/String;Lcom/mendix/model/security/ModelSecurityLevel;Lscala/collection/immutable/Set;)Lscala/collection/immutable/Set; 133 <appendix> member <vmtarget> ; # com/mendix/basis/objectmanagement/meta/metamodel/extensions/ModelConversionExtensions$ComponentModelStoreOps$$Lambda+0x00000217d267dd50
instanceKlass com/mendix/basis/objectmanagement/meta/metamodel/extensions/EntityConversionExtensions$ModelAttributeOps
instanceKlass  @bci com/mendix/basis/objectmanagement/meta/metamodel/extensions/EntityConversionExtensions$ModelEntityOps declaredMetaPrimitives (Lscala/Function1;Lscala/Function0;Lscala/Function1;)Lscala/collection/Iterable; 11 <appendix> member <vmtarget> ; # com/mendix/basis/objectmanagement/meta/metamodel/extensions/EntityConversionExtensions$ModelEntityOps$$Lambda+0x00000217d267d780
instanceKlass  @bci com/mendix/basis/objectmanagement/SchemeFactory getPrimitives$1 (Lcom/mendix/model/domainmodels/ModelEntity;Lscala/collection/immutable/Map;Lcom/mendix/model/domainmodels/ModelEntity;)Lscala/collection/Iterable; 37 <appendix> member <vmtarget> ; # com/mendix/basis/objectmanagement/SchemeFactory$$Lambda+0x00000217d267d3c0
instanceKlass  @bci com/mendix/basis/objectmanagement/SchemeFactory getPrimitives$1 (Lcom/mendix/model/domainmodels/ModelEntity;Lscala/collection/immutable/Map;Lcom/mendix/model/domainmodels/ModelEntity;)Lscala/collection/Iterable; 31 <appendix> member <vmtarget> ; # com/mendix/basis/objectmanagement/SchemeFactory$$Lambda+0x00000217d267d110
instanceKlass  @bci com/mendix/basis/objectmanagement/SchemeFactory getPrimitives$1 (Lcom/mendix/model/domainmodels/ModelEntity;Lscala/collection/immutable/Map;Lcom/mendix/model/domainmodels/ModelEntity;)Lscala/collection/Iterable; 24 <appendix> member <vmtarget> ; # com/mendix/basis/objectmanagement/SchemeFactory$$Lambda+0x00000217d267cd50
instanceKlass  @bci com/mendix/basis/objectmanagement/SchemeFactory $anonfun$initializeAttributes$3 (Lcom/mendix/basis/objectmanagement/SchemeFactory;Lcom/mendix/model/domainmodels/ModelEntity;Lscala/collection/immutable/Map;Lscala/Tuple2;)V 35 <appendix> member <vmtarget> ; # com/mendix/basis/objectmanagement/SchemeFactory$$Lambda+0x00000217d267c990
instanceKlass  @bci com/mendix/basis/objectmanagement/SchemeFactory $anonfun$initializeAttributes$1 (Lcom/mendix/basis/objectmanagement/SchemeFactory;Lscala/collection/immutable/Map;Lcom/mendix/model/domainmodels/ModelEntity;)V 23 <appendix> member <vmtarget> ; # com/mendix/basis/objectmanagement/SchemeFactory$$Lambda+0x00000217d267c5d0
instanceKlass  @bci com/mendix/basis/objectmanagement/meta/metamodel/extensions/EntityConversionExtensions$ModelEntityOps superName ()Lscala/Option; 18 <appendix> argL0 ; # com/mendix/basis/objectmanagement/meta/metamodel/extensions/EntityConversionExtensions$ModelEntityOps$$Lambda+0x00000217d267c218
instanceKlass  @bci com/mendix/basis/objectmanagement/SchemeFactory $anonfun$initializeAttributes$1 (Lcom/mendix/basis/objectmanagement/SchemeFactory;Lscala/collection/immutable/Map;Lcom/mendix/model/domainmodels/ModelEntity;)V 12 <appendix> member <vmtarget> ; # com/mendix/basis/objectmanagement/SchemeFactory$$Lambda+0x00000217d267be58
instanceKlass  @bci com/mendix/basis/objectmanagement/SchemeFactory initializeAttributes (Lscala/collection/immutable/Map;)V 15 <appendix> member <vmtarget> ; # com/mendix/basis/objectmanagement/SchemeFactory$$Lambda+0x00000217d267ba98
instanceKlass com/mendix/systemwideinterfaces/core/meta/IMetaEnumeration
instanceKlass com/mendix/basis/objectmanagement/meta/metamodel/extensions/ModelConversionExtensions$ComponentModelStoreOps
instanceKlass  @bci com/mendix/basis/objectmanagement/SchemeFactory $anonfun$initializeSubNames$1 (Lscala/collection/Iterable;Lscala/collection/immutable/Map;Lcom/mendix/basis/objectmanagement/meta/metamodel/MetaObject;)Lscala/Tuple2; 46 <appendix> argL0 ; # com/mendix/basis/objectmanagement/SchemeFactory$$Lambda+0x00000217d267b4c0
instanceKlass  @bci scala/collection/SeqOps contains (Ljava/lang/Object;)Z 2 <appendix> member <vmtarget> ; # scala/collection/SeqOps$$Lambda+0x00000217d2666190
instanceKlass  @bci com/mendix/basis/objectmanagement/SchemeFactory $anonfun$initializeSubNames$2 (Lscala/collection/immutable/Map;Lcom/mendix/basis/objectmanagement/meta/metamodel/MetaObject;Lcom/mendix/basis/objectmanagement/meta/metamodel/MetaObject;)Lscala/Option; 20 <appendix> member <vmtarget> ; # com/mendix/basis/objectmanagement/SchemeFactory$$Lambda+0x00000217d267b100
instanceKlass scala/Option$WithFilter
instanceKlass  @bci com/mendix/basis/objectmanagement/SchemeFactory $anonfun$initializeSubNames$2 (Lscala/collection/immutable/Map;Lcom/mendix/basis/objectmanagement/meta/metamodel/MetaObject;Lcom/mendix/basis/objectmanagement/meta/metamodel/MetaObject;)Lscala/Option; 11 <appendix> member <vmtarget> ; # com/mendix/basis/objectmanagement/SchemeFactory$$Lambda+0x00000217d267ad40
instanceKlass  @bci com/mendix/basis/objectmanagement/SchemeFactory $anonfun$initializeSubNames$1 (Lscala/collection/Iterable;Lscala/collection/immutable/Map;Lcom/mendix/basis/objectmanagement/meta/metamodel/MetaObject;)Lscala/Tuple2; 3 <appendix> member <vmtarget> ; # com/mendix/basis/objectmanagement/SchemeFactory$$Lambda+0x00000217d267a980
instanceKlass  @bci com/mendix/basis/objectmanagement/SchemeFactory initializeSubNames (Lscala/collection/Iterable;Lscala/collection/immutable/Map;)Lscala/collection/immutable/Map; 3 <appendix> member <vmtarget> ; # com/mendix/basis/objectmanagement/SchemeFactory$$Lambda+0x00000217d267a5c0
instanceKlass  @bci com/mendix/basis/objectmanagement/SchemeFactory $anonfun$initializeSuperNames$1 (Lcom/mendix/basis/objectmanagement/SchemeFactory;Lscala/collection/immutable/Map;Lcom/mendix/basis/objectmanagement/meta/metamodel/MetaObject;)Lscala/Tuple2; 58 <appendix> argL0 ; # com/mendix/basis/objectmanagement/SchemeFactory$$Lambda+0x00000217d267a208
instanceKlass  @bci com/mendix/basis/objectmanagement/SchemeFactory $anonfun$initializeSuperNames$1 (Lcom/mendix/basis/objectmanagement/SchemeFactory;Lscala/collection/immutable/Map;Lcom/mendix/basis/objectmanagement/meta/metamodel/MetaObject;)Lscala/Tuple2; 36 <appendix> member <vmtarget> ; # com/mendix/basis/objectmanagement/SchemeFactory$$Lambda+0x00000217d2679e48
instanceKlass  @bci com/mendix/basis/objectmanagement/SchemeFactory initializeSuperNames (Lscala/collection/immutable/Map;)Lscala/collection/immutable/Map; 8 <appendix> member <vmtarget> ; # com/mendix/basis/objectmanagement/SchemeFactory$$Lambda+0x00000217d2679a88
instanceKlass scala/collection/immutable/VectorMap$
instanceKlass  @bci com/mendix/modelstorage/ModelElement getModule ()Lcom/mendix/model/projects/ModelModule; 30 <appendix> argL0 ; # com/mendix/modelstorage/ModelElement$$Lambda+0x00000217d26796d0
instanceKlass  @bci com/mendix/modelstorage/ModelElementStorage $anonfun$addModelElementContent$1 (Lcom/mendix/modelstorage/ModelElementStorage;Lscala/Option;)Lscala/Option; 2 <appendix> member <vmtarget> ; # com/mendix/modelstorage/ModelElementStorage$$Lambda+0x00000217d2679310
instanceKlass  @bci com/mendix/basis/objectmanagement/meta/metamodel/extensions/EntityConversionExtensions$ModelEntityOps isOqlViewEntity ()Z 7 <appendix> argL0 ; # com/mendix/basis/objectmanagement/meta/metamodel/extensions/EntityConversionExtensions$ModelEntityOps$$Lambda+0x00000217d2678f58
instanceKlass com/mendix/basis/objectmanagement/meta/metamodel/MetaPrimitive
instanceKlass com/mendix/objectmanagement/meta/metamodel/IMetaPrimitiveExt
instanceKlass com/mendix/basis/objectmanagement/meta/metamodel/extensions/EntityConversionExtensions$ModelEntityOps
instanceKlass com/mendix/basis/objectmanagement/meta/metamodel/extensions/ModelConversionExtensions$
instanceKlass com/mendix/basis/objectmanagement/meta/metamodel/extensions/EntityConversionExtensions
instanceKlass com/mendix/basis/objectmanagement/meta/metamodel/MetaObject
instanceKlass com/mendix/objectmanagement/meta/metamodel/IMetaObjectExt
instanceKlass  @bci com/mendix/basis/objectmanagement/SchemeFactory initializeMetaObjects (Lscala/collection/Iterable;)Lscala/collection/immutable/Map; 2 <appendix> member <vmtarget> ; # com/mendix/basis/objectmanagement/SchemeFactory$$Lambda+0x00000217d2677718
instanceKlass com/mendix/basis/objectmanagement/member/AccessibilityCheckerImpl
instanceKlass  @bci com/mendix/basis/impl/MxRuntimeImpl $anonfun$initializeCore$1 (Lcom/mendix/basis/impl/MxRuntimeImpl;)V 42 <appendix> member <vmtarget> ; # com/mendix/basis/impl/MxRuntimeImpl$$Lambda+0x00000217d2677138
instanceKlass com/mendix/modules/debugger/PausedFlow
instanceKlass com/mendix/modules/microflowengine/debugger/MicroflowDebuggerImpl
instanceKlass com/mendix/modules/queue/TaskQueueManager$Uninitialized$
instanceKlass com/mendix/modules/queue/QueueBasedMetrics
instanceKlass com/mendix/modules/queue/MendixTaskQueueMetrics
instanceKlass com/mendix/modules/queue/QueueConfiguration$
instanceKlass com/mendix/modules/queue/TaskQueueManager$
instanceKlass  @bci com/mendix/basis/component/internal/LocalComponentImpl <init> (Lcom/mendix/basis/component/MxRuntime;Lcom/mendix/basis/component/InternalCore;Lcom/mendix/basis/util/license/LicenseUtil;Lcom/mendix/basis/actionmanagement/ActionManager;Lcom/mendix/basis/actionmanagement/IActionRegistry;Lcom/mendix/modelstorage/ProjectModelStore;Lcom/mendix/basis/connectionbus/ConnectionBus;Lcom/mendix/basis/systemmodule/UserManager;Lcom/mendix/basis/session/Languages;Lcom/mendix/modelstorage/time/TimeZoneSettings;Lcom/mendix/modules/microflowengine/actions/impl/MicroflowActionRegistry;Lcom/mendix/basis/conf/MxRuntimeConfiguration;Lcom/mendix/metrics/InternalMetrics;Lcom/mendix/core/actionmanagement/internal/HandlerFactory;)V 344 <appendix> member <vmtarget> ; # com/mendix/basis/component/internal/LocalComponentImpl$$Lambda+0x00000217d2675dd0
instanceKlass com/mendix/modules/queue/TaskQueueManager$State
instanceKlass com/mendix/modules/queue/TaskQueueManager
instanceKlass com/mendix/basis/actionmanagement/ListenersRegistryImpl
instanceKlass com/mendix/modules/debugger/internal/EventPusher
instanceKlass com/mendix/modules/debugger/DebuggerImpl
instanceKlass com/mendix/modules/microflowengine/microflow/impl/ExceptionHandler
instanceKlass com/mendix/modules/microflowengine/microflow/impl/MicroflowObject
instanceKlass com/mendix/modules/microflowengine/microflowstructure/MicroflowStructureFactory
instanceKlass com/mendix/modules/microflowengine/actions/impl/MicroflowActionBuilder
instanceKlass com/mendix/modules/microflowengine/microflow/Microflow
instanceKlass com/mendix/modules/microflowengine/internal/MicroflowEngineModuleImpl
instanceKlass com/mendix/basis/util/license/NotExpired$
instanceKlass  @bci com/mendix/basis/util/license/License checkLicenseExpiry (Ljava/time/Instant;)Lcom/mendix/basis/util/license/LicenseExpiry; 10 <appendix> argL0 ; # com/mendix/basis/util/license/License$$Lambda+0x00000217d2672c10
instanceKlass  @bci com/mendix/basis/util/license/License <init> (Ljava/lang/String;Lscala/Option;Lscala/Option;Ljava/lang/String;Lscala/Option;Lscala/collection/immutable/Set;Lscala/collection/immutable/Map;ZLscala/collection/Iterable;Lscala/Option;Ljava/time/Duration;)V 222 <appendix> member <vmtarget> ; # com/mendix/basis/util/license/License$$Lambda+0x00000217d2672960
instanceKlass com/mendix/basis/util/license/ConcurrentUserLimitation
instanceKlass  @bci com/mendix/basis/util/license/License <init> (Ljava/lang/String;Lscala/Option;Lscala/Option;Ljava/lang/String;Lscala/Option;Lscala/collection/immutable/Set;Lscala/collection/immutable/Map;ZLscala/collection/Iterable;Lscala/Option;Ljava/time/Duration;)V 174 <appendix> argL0 ; # com/mendix/basis/util/license/License$$Lambda+0x00000217d26722a0
instanceKlass  @bci com/mendix/basis/util/license/License <init> (Ljava/lang/String;Lscala/Option;Lscala/Option;Ljava/lang/String;Lscala/Option;Lscala/collection/immutable/Set;Lscala/collection/immutable/Map;ZLscala/collection/Iterable;Lscala/Option;Ljava/time/Duration;)V 164 <appendix> argL0 ; # com/mendix/basis/util/license/License$$Lambda+0x00000217d2671ee8
instanceKlass  @bci com/mendix/basis/util/license/License <init> (Ljava/lang/String;Lscala/Option;Lscala/Option;Ljava/lang/String;Lscala/Option;Lscala/collection/immutable/Set;Lscala/collection/immutable/Map;ZLscala/collection/Iterable;Lscala/Option;Ljava/time/Duration;)V 152 <appendix> argL0 ; # com/mendix/basis/util/license/License$$Lambda+0x00000217d2671b30
instanceKlass  @bci com/mendix/basis/util/license/License <init> (Ljava/lang/String;Lscala/Option;Lscala/Option;Ljava/lang/String;Lscala/Option;Lscala/collection/immutable/Set;Lscala/collection/immutable/Map;ZLscala/collection/Iterable;Lscala/Option;Ljava/time/Duration;)V 142 <appendix> member <vmtarget> ; # com/mendix/basis/util/license/License$$Lambda+0x00000217d2671770
instanceKlass  @bci com/mendix/basis/util/license/License <init> (Ljava/lang/String;Lscala/Option;Lscala/Option;Ljava/lang/String;Lscala/Option;Lscala/collection/immutable/Set;Lscala/collection/immutable/Map;ZLscala/collection/Iterable;Lscala/Option;Ljava/time/Duration;)V 129 <appendix> argL0 ; # com/mendix/basis/util/license/License$$Lambda+0x00000217d26713b8
instanceKlass  @bci com/mendix/basis/util/license/License <init> (Ljava/lang/String;Lscala/Option;Lscala/Option;Ljava/lang/String;Lscala/Option;Lscala/collection/immutable/Set;Lscala/collection/immutable/Map;ZLscala/collection/Iterable;Lscala/Option;Ljava/time/Duration;)V 119 <appendix> member <vmtarget> ; # com/mendix/basis/util/license/License$$Lambda+0x00000217d2670ff8
instanceKlass  @bci com/mendix/basis/util/license/License <init> (Ljava/lang/String;Lscala/Option;Lscala/Option;Ljava/lang/String;Lscala/Option;Lscala/collection/immutable/Set;Lscala/collection/immutable/Map;ZLscala/collection/Iterable;Lscala/Option;Ljava/time/Duration;)V 106 <appendix> argL0 ; # com/mendix/basis/util/license/License$$Lambda+0x00000217d2670c40
instanceKlass com/mendix/basis/util/license/NamedUserLimitation
instanceKlass com/mendix/basis/util/license/UserLimitation
instanceKlass  @bci com/mendix/basis/util/license/License <init> (Ljava/lang/String;Lscala/Option;Lscala/Option;Ljava/lang/String;Lscala/Option;Lscala/collection/immutable/Set;Lscala/collection/immutable/Map;ZLscala/collection/Iterable;Lscala/Option;Ljava/time/Duration;)V 96 <appendix> argL0 ; # com/mendix/basis/util/license/License$$Lambda+0x00000217d26703b8
instanceKlass  @bci com/mendix/basis/util/license/License <init> (Ljava/lang/String;Lscala/Option;Lscala/Option;Ljava/lang/String;Lscala/Option;Lscala/collection/immutable/Set;Lscala/collection/immutable/Map;ZLscala/collection/Iterable;Lscala/Option;Ljava/time/Duration;)V 74 <appendix> argL0 ; # com/mendix/basis/util/license/License$$Lambda+0x00000217d2670000
instanceKlass com/mendix/basis/util/license/UserLimitationType$
instanceKlass com/mendix/basis/util/license/UserLimitationInfo
instanceKlass com/mendix/basis/util/license/LicenseEnums$UserAmountType
instanceKlass com/mendix/basis/util/license/UserLimitationInfo$
instanceKlass com/mendix/basis/util/license/LicenseExpiry
instanceKlass com/mendix/basis/util/license/License
instanceKlass com/mendix/basis/util/license/LicenseConfiguration
instanceKlass com/mendix/basis/util/license/LicenseConfiguration$
instanceKlass com/mendix/basis/util/license/legacy/PredefinedLicenseService$PersistentLicenseStore
instanceKlass com/mendix/basis/util/license/legacy/PredefinedLicenseService$LicenseStore
instanceKlass com/mendix/basis/util/license/legacy/PredefinedLicenseService
instanceKlass  @bci com/mendix/basis/session/SessionManager <init> (Lcom/mendix/basis/component/LocalComponent;Lcom/mendix/core/conf/Configuration;Lcom/mendix/basis/session/SystemSession;Lcom/mendix/metrics/InternalMetrics;)V 206 <appendix> member <vmtarget> ; # com/mendix/basis/session/SessionManager$$Lambda+0x00000217d266e128
instanceKlass  @bci com/mendix/basis/session/SessionManager <init> (Lcom/mendix/basis/component/LocalComponent;Lcom/mendix/core/conf/Configuration;Lcom/mendix/basis/session/SystemSession;Lcom/mendix/metrics/InternalMetrics;)V 197 <appendix> argL0 ; # com/mendix/basis/session/SessionManager$$Lambda+0x00000217d266dd70
instanceKlass java/util/UUID$Holder
instanceKlass  @bci com/mendix/shared/util/TimeZoneUtils$ getOrUTC (Ljava/lang/String;)Ljava/util/TimeZone; 5 <appendix> argL0 ; # com/mendix/shared/util/TimeZoneUtils$$$Lambda+0x00000217d266d230
instanceKlass com/mendix/filedocumentprocessor/FileDocumentProcessor
instanceKlass com/mendix/modules/queue/TaskQueueMetrics
instanceKlass  @bci com/mendix/basis/impl/MxRuntimeImpl initializeCore ()V 18 <appendix> member <vmtarget> ; # com/mendix/basis/impl/MxRuntimeImpl$$Lambda+0x00000217d266cb80
instanceKlass  @bci com/mendix/basis/impl/MxRuntimeImpl$CoreInit$ onEntry ()V 19 <appendix> member <vmtarget> ; # com/mendix/basis/impl/MxRuntimeImpl$CoreInit$$$Lambda+0x00000217d266c8b0
instanceKlass  @bci com/mendix/basis/impl/MxRuntimeImpl com$mendix$basis$impl$MxRuntimeImpl$$onFailureTransitionTo$default$2 ()Lscala/Function1; 0 <appendix> argL0 ; # com/mendix/basis/impl/MxRuntimeImpl$$Lambda+0x00000217d266c4f8
instanceKlass  @bci com/mendix/util/startupmeter/StartUpMeter stop (Ljava/lang/String;Lscala/collection/immutable/Map;Lscala/Option;)V 101 <appendix> member <vmtarget> ; # com/mendix/util/startupmeter/StartUpMeter$$Lambda+0x00000217d266c228
instanceKlass com/mendix/util/startupmeter/Task$Success$
instanceKlass  @bci com/mendix/util/startupmeter/Task updateStateUsing (Lscala/Option;)Lcom/mendix/util/startupmeter/Task$Finished; 9 <appendix> argL0 ; # com/mendix/util/startupmeter/Task$$Lambda+0x00000217d266bcc8
instanceKlass  @bci com/mendix/util/startupmeter/Task updateStateUsing (Lscala/Option;)Lcom/mendix/util/startupmeter/Task$Finished; 1 <appendix> argL0 ; # com/mendix/util/startupmeter/Task$$Lambda+0x00000217d266b910
instanceKlass com/mendix/util/startupmeter/Task$Finished
instanceKlass  @bci com/mendix/util/startupmeter/StartUpMeter stop (Ljava/lang/String;Lscala/collection/immutable/Map;Lscala/Option;)V 91 <appendix> member <vmtarget> ; # com/mendix/util/startupmeter/StartUpMeter$$Lambda+0x00000217d266b298
instanceKlass  @bci com/mendix/storage/s3/internal/TokenServiceTokenHandler handleConfigurationUpdate ()V 21 <appendix> member <vmtarget> ; # com/mendix/storage/s3/internal/TokenServiceTokenHandler$$Lambda+0x00000217d266aed8
instanceKlass com/mendix/storage/s3/internal/TokenServiceConfiguration
instanceKlass com/mendix/storage/s3/internal/TokenServiceConfiguration$RichS3StorageConfiguration
instanceKlass com/mendix/storage/s3/internal/TokenServiceConfiguration$
instanceKlass com/mendix/basis/conf/CertificateProcessor$
instanceKlass  @bci com/mendix/basis/conf/ConfigurationImpl $anonfun$getClientCertificates$1 (Lcom/mendix/basis/conf/ConfigurationImpl;)Ljava/util/List; 14 <appendix> member <vmtarget> ; # com/mendix/basis/conf/ConfigurationImpl$$Lambda+0x00000217d2669d90
instanceKlass  @bci com/mendix/basis/conf/ConfigurationImpl getClientCertificates ()Ljava/util/List; 2 <appendix> member <vmtarget> ; # com/mendix/basis/conf/ConfigurationImpl$$Lambda+0x00000217d2669ae0
instanceKlass scala/collection/convert/AsJavaExtensions$SeqHasAsJava
instanceKlass  @bci com/mendix/basis/conf/ConfigurationImpl $anonfun$getCACertificates$1 (Lcom/mendix/basis/conf/ConfigurationImpl;)Ljava/util/List; 14 <appendix> member <vmtarget> ; # com/mendix/basis/conf/ConfigurationImpl$$Lambda+0x00000217d2669720
instanceKlass  @bci com/mendix/basis/conf/ConfigurationImpl getCACertificates ()Ljava/util/List; 2 <appendix> member <vmtarget> ; # com/mendix/basis/conf/ConfigurationImpl$$Lambda+0x00000217d2669470
instanceKlass  @bci com/mendix/basis/impl/ProjectModelStoreLoaderImpl checkTimeZone$1 (Ljava/lang/String;Ljava/lang/String;)V 40 <appendix> member <vmtarget> ; # com/mendix/basis/impl/ProjectModelStoreLoaderImpl$$Lambda+0x00000217d26690b0
instanceKlass java/time/zone/Ser
instanceKlass java/io/Externalizable
instanceKlass java/time/zone/ZoneRulesProvider$1
instanceKlass java/time/zone/ZoneRulesProvider
instanceKlass  @bci com/mendix/shared/util/TimeZoneUtils$ get (Ljava/lang/String;)Lscala/util/Try; 4 <appendix> member <vmtarget> ; # com/mendix/shared/util/TimeZoneUtils$$$Lambda+0x00000217d2668e00
instanceKlass com/mendix/shared/util/TimeZoneUtils$
instanceKlass  @bci com/mendix/extensions/settings/ModelProjectSettingsExtension modelSettings ()Lcom/mendix/model/settings/ModelRuntimeSettings; 14 <appendix> argL0 ; # com/mendix/extensions/settings/ModelProjectSettingsExtension$$Lambda+0x00000217d2668778
instanceKlass  @bci com/mendix/modelstorage/ProjectModelStoreImpl init (Lcom/mendix/model/projects/ModelProject;)V 142 <appendix> member <vmtarget> ; # com/mendix/modelstorage/ProjectModelStoreImpl$$Lambda+0x00000217d26683b8
instanceKlass  @bci com/mendix/extensions/security/ModelProjectSecurityExtension userRolesByName ()Lscala/collection/immutable/Map; 7 <appendix> argL0 ; # com/mendix/extensions/security/ModelProjectSecurityExtension$$Lambda+0x00000217d2668000
instanceKlass  @bci com/mendix/modelstorage/ProjectModelStoreImpl init (Lcom/mendix/model/projects/ModelProject;)V 88 <appendix> member <vmtarget> ; # com/mendix/modelstorage/ProjectModelStoreImpl$$Lambda+0x00000217d2661400
instanceKlass  @bci com/mendix/extensions/settings/ModelProjectSettingsExtension languageSettings ()Lcom/mendix/model/settings/ModelLanguageSettings; 14 <appendix> argL0 ; # com/mendix/extensions/settings/ModelProjectSettingsExtension$$Lambda+0x00000217d2661bc0
instanceKlass  @bci com/mendix/extensions/settings/ModelProjectSettingsExtension part (Lscala/reflect/ClassTag;)Lscala/Option; 8 <appendix> member <vmtarget> ; # com/mendix/extensions/settings/ModelProjectSettingsExtension$$Lambda+0x00000217d2661800
instanceKlass com/mendix/modelstorage/ComponentModelStoreImpl
instanceKlass  @bci com/mendix/modelstorage/ComponentModelStoreImpl$ $anonfun$collect$3 (Lscala/reflect/ClassTag;Lcom/mendix/model/projects/ModelModule;)Lscala/collection/immutable/Seq; 7 <appendix> argL0 ; # com/mendix/modelstorage/ComponentModelStoreImpl$$$Lambda+0x00000217d2663668
instanceKlass  @bci com/mendix/modelstorage/ComponentModelStoreImpl$ collect (Lscala/collection/immutable/Seq;Lscala/reflect/ClassTag;)Lscala/collection/immutable/Map; 2 <appendix> member <vmtarget> ; # com/mendix/modelstorage/ComponentModelStoreImpl$$$Lambda+0x00000217d26632a8
instanceKlass  @bci com/mendix/modelstorage/ComponentModelStoreImpl$ $anonfun$apply$9 (Lscala/collection/immutable/Map;Lcom/mendix/model/projects/ModelModule;)Lscala/collection/immutable/IndexedSeq; 10 <appendix> member <vmtarget> ; # com/mendix/modelstorage/ComponentModelStoreImpl$$$Lambda+0x00000217d2662ee8
instanceKlass  @bci com/mendix/modelstorage/ComponentModelStoreImpl$ apply (Lcom/mendix/model/projects/ModelProject;)Lcom/mendix/modelstorage/ComponentModelStore; 82 <appendix> member <vmtarget> ; # com/mendix/modelstorage/ComponentModelStoreImpl$$$Lambda+0x00000217d2662b28
instanceKlass  @bci com/mendix/modelstorage/ComponentModelStoreImpl$ apply (Lcom/mendix/model/projects/ModelProject;)Lcom/mendix/modelstorage/ComponentModelStore; 70 <appendix> argL0 ; # com/mendix/modelstorage/ComponentModelStoreImpl$$$Lambda+0x00000217d2662770
instanceKlass  @bci com/mendix/modelstorage/ComponentModelStoreImpl$ apply (Lcom/mendix/model/projects/ModelProject;)Lcom/mendix/modelstorage/ComponentModelStore; 65 <appendix> argL0 ; # com/mendix/modelstorage/ComponentModelStoreImpl$$$Lambda+0x00000217d26623b8
instanceKlass  @bci com/mendix/modelstorage/ComponentModelStoreImpl$ $anonfun$apply$5 (Lcom/mendix/model/images/ModelImageCollection;)Lscala/collection/immutable/IndexedSeq; 4 <appendix> argL0 ; # com/mendix/modelstorage/ComponentModelStoreImpl$$$Lambda+0x00000217d2662000
instanceKlass  @bci com/mendix/modelstorage/ComponentModelStoreImpl$ $anonfun$apply$4 (Lcom/mendix/model/projects/ModelModule;)Lscala/collection/immutable/Seq; 15 <appendix> argL0 ; # com/mendix/modelstorage/ComponentModelStoreImpl$$$Lambda+0x00000217d265b9b0
instanceKlass  @bci scala/collection/StrictOptimizedIterableOps collect (Lscala/PartialFunction;)Ljava/lang/Object; 47 <appendix> member <vmtarget> ; # scala/collection/StrictOptimizedIterableOps$$Lambda+0x00000217d2653a90
instanceKlass  @bci com/mendix/modelstorage/ComponentModelStoreImpl$ apply (Lcom/mendix/model/projects/ModelProject;)Lcom/mendix/modelstorage/ComponentModelStore; 48 <appendix> argL0 ; # com/mendix/modelstorage/ComponentModelStoreImpl$$$Lambda+0x00000217d265b178
instanceKlass  @bci com/mendix/modelstorage/ComponentModelStoreImpl$ apply (Lcom/mendix/model/projects/ModelProject;)Lcom/mendix/modelstorage/ComponentModelStore; 27 <appendix> argL0 ; # com/mendix/modelstorage/ComponentModelStoreImpl$$$Lambda+0x00000217d265adc0
instanceKlass  @bci com/mendix/modelstorage/ComponentModelStoreImpl$ $anonfun$collect$1 (Lscala/Function1;Lscala/Function1;Lcom/mendix/model/projects/ModelModule;)Lscala/collection/immutable/IndexedSeq; 16 <appendix> member <vmtarget> ; # com/mendix/modelstorage/ComponentModelStoreImpl$$$Lambda+0x00000217d265aa00
instanceKlass  @bci com/mendix/modelstorage/ComponentModelStoreImpl$ collect (Lscala/collection/immutable/Seq;Lscala/Function1;Lscala/Function1;)Lscala/collection/immutable/Map; 3 <appendix> member <vmtarget> ; # com/mendix/modelstorage/ComponentModelStoreImpl$$$Lambda+0x00000217d265a640
instanceKlass  @bci com/mendix/modelstorage/ComponentModelStoreImpl$ apply (Lcom/mendix/model/projects/ModelProject;)Lcom/mendix/modelstorage/ComponentModelStore; 12 <appendix> argL0 ; # com/mendix/modelstorage/ComponentModelStoreImpl$$$Lambda+0x00000217d265a288
instanceKlass  @bci com/mendix/modelstorage/ComponentModelStoreImpl$ apply (Lcom/mendix/model/projects/ModelProject;)Lcom/mendix/modelstorage/ComponentModelStore; 7 <appendix> argL0 ; # com/mendix/modelstorage/ComponentModelStoreImpl$$$Lambda+0x00000217d2659ed0
instanceKlass com/mendix/modelstorage/ComponentModelStoreImpl$
instanceKlass  @bci com/mendix/extensions/projects/ModelProjectExtension getDocument (Ljava/lang/Class;)Lcom/mendix/model/projects/ModelProjectDocument; 8 <appendix> member <vmtarget> ; # com/mendix/extensions/projects/ModelProjectExtension$$Lambda+0x00000217d2659918
instanceKlass  @bci com/mendix/basis/impl/ReleaseVersion toString ()Ljava/lang/String; 16 <adapter> ; # java/lang/invoke/LambdaForm$MH+0x00000217d2661000
# instanceKlass java/lang/invoke/LambdaForm$DMH+0x00000217d2660c00
instanceKlass  @bci com/mendix/basis/impl/ReleaseVersion toString ()Ljava/lang/String; 16 <appendix> form vmentry <vmtarget> ; # java/lang/invoke/LambdaForm$MH+0x00000217d2660800
instanceKlass  @bci com/mendix/basis/impl/ReleaseVersion toString ()Ljava/lang/String; 16 <appendix> form names 6 function resolvedHandle form vmentry <vmtarget> ; # java/lang/invoke/LambdaForm$DMH+0x00000217d2660400
instanceKlass  @bci com/mendix/basis/impl/ReleaseVersion toString ()Ljava/lang/String; 16 <appendix> argL3 form vmentry <vmtarget> ; # java/lang/invoke/LambdaForm$MH+0x00000217d2660000
# instanceKlass java/lang/invoke/LambdaForm$MH+0x00000217d265fc00
instanceKlass  @bci com/mendix/basis/impl/ReleaseVersion toString ()Ljava/lang/String; 16 <appendix> argL3 form names 7 function resolvedHandle form vmentry <vmtarget> ; # java/lang/invoke/LambdaForm$DMH+0x00000217d265f800
# instanceKlass java/lang/invoke/LambdaForm$MH+0x00000217d265f400
instanceKlass  @bci com/mendix/basis/impl/ReleaseVersion toString ()Ljava/lang/String; 16 <appendix> argL3 argL2 form vmentry <vmtarget> ; # java/lang/invoke/LambdaForm$MH+0x00000217d265f000
# instanceKlass java/lang/invoke/LambdaForm$MH+0x00000217d265ec00
# instanceKlass java/lang/invoke/LambdaForm$MH+0x00000217d265e800
# instanceKlass java/lang/invoke/LambdaForm$MH+0x00000217d265e400
instanceKlass  @bci com/mendix/basis/impl/ReleaseVersion toString ()Ljava/lang/String; 16 <appendix> form names 10 function resolvedHandle form vmentry <vmtarget> ; # java/lang/invoke/LambdaForm$DMH+0x00000217d265e000
instanceKlass  @bci com/mendix/basis/impl/ReleaseVersion toString ()Ljava/lang/String; 16 <appendix> argL1 form vmentry <vmtarget> ; # java/lang/invoke/LambdaForm$MH+0x00000217d265dc00
# instanceKlass java/lang/invoke/LambdaForm$MH+0x00000217d265d800
instanceKlass  @bci com/mendix/basis/impl/ReleaseVersion toString ()Ljava/lang/String; 16 <appendix> argL1 argL0 form vmentry <vmtarget> ; # java/lang/invoke/LambdaForm$MH+0x00000217d265d400
# instanceKlass java/lang/invoke/LambdaForm$MH+0x00000217d265d000
# instanceKlass java/lang/invoke/LambdaForm$MH+0x00000217d265cc00
# instanceKlass java/lang/invoke/LambdaForm$MH+0x00000217d265c800
# instanceKlass java/lang/invoke/LambdaForm$MH+0x00000217d265c400
instanceKlass  @bci io/micrometer/core/instrument/binder/jvm/JvmGcMetrics$GcMetricsNotificationListener handleNotification (Ljavax/management/Notification;Ljava/lang/Object;)V 243 <appendix> member <vmtarget> ; # io/micrometer/core/instrument/binder/jvm/JvmGcMetrics$GcMetricsNotificationListener$$Lambda+0x00000217d2658a78
instanceKlass java/util/stream/ReduceOps$8ReducingSink
instanceKlass  @bci java/util/stream/LongPipeline sum ()J 2 <appendix> argL0 ; # java/util/stream/LongPipeline$$Lambda+0x00000217d24f3f38
instanceKlass  @bci io/micrometer/core/instrument/binder/jvm/JvmGcMetrics$GcMetricsNotificationListener handleNotification (Ljavax/management/Notification;Ljava/lang/Object;)V 212 <appendix> member <vmtarget> ; # io/micrometer/core/instrument/binder/jvm/JvmGcMetrics$GcMetricsNotificationListener$$Lambda+0x00000217d2658860
instanceKlass  @cpi io/micrometer/core/instrument/binder/jvm/JvmGcMetrics$GcMetricsNotificationListener 296 form vmentry <vmtarget> ; # java/lang/invoke/LambdaForm$DMH+0x00000217d265c000
instanceKlass  @bci io/micrometer/core/instrument/MeterRegistry timer (Lio/micrometer/core/instrument/Meter$Id;Lio/micrometer/core/instrument/distribution/DistributionStatisticConfig;Lio/micrometer/core/instrument/distribution/pause/PauseDetector;)Lio/micrometer/core/instrument/Timer; 12 <appendix> argL0 ; # io/micrometer/core/instrument/MeterRegistry$$Lambda+0x00000217d2657d88
instanceKlass  @bci io/micrometer/core/instrument/MeterRegistry timer (Lio/micrometer/core/instrument/Meter$Id;Lio/micrometer/core/instrument/distribution/DistributionStatisticConfig;Lio/micrometer/core/instrument/distribution/pause/PauseDetector;)Lio/micrometer/core/instrument/Timer; 7 <appendix> member <vmtarget> ; # io/micrometer/core/instrument/MeterRegistry$$Lambda+0x00000217d264fdc0
instanceKlass io/micrometer/core/instrument/AbstractTimerBuilder
instanceKlass  @bci com/mendix/modelstorage/ModelData apply (Ljava/lang/String;Lscala/reflect/ClassTag;)Ljava/lang/Object; 143 <appendix> member <vmtarget> ; # com/mendix/modelstorage/ModelData$$Lambda+0x00000217d2657860
instanceKlass  @bci com/mendix/modelstorage/ModelElementStorage $anonfun$resolve$1 (Lcom/mendix/modelstorage/ModelElementStorage;Lcom/mendix/modelstorage/Content;Lscala/Tuple2;)Lscala/Tuple2; 217 <appendix> member <vmtarget> ; # com/mendix/modelstorage/ModelElementStorage$$Lambda+0x00000217d26574a0
instanceKlass  @bci sun/management/LazyCompositeData isTypeMatched (Ljavax/management/openmbean/CompositeType;Ljavax/management/openmbean/CompositeType;)Z 35 <appendix> member <vmtarget> ; # sun/management/LazyCompositeData$$Lambda+0x00000217d24f3cf0
instanceKlass java/util/TreeMap$TreeMapSpliterator
instanceKlass  @bci com/mendix/modelstorage/ModelElementStorage resolve (Lcom/mendix/modelstorage/Content;)Lcom/mendix/modelstorage/ModelElement; 6 <appendix> member <vmtarget> ; # com/mendix/modelstorage/ModelElementStorage$$Lambda+0x00000217d26570e0
instanceKlass com/sun/management/internal/GarbageCollectionNotifInfoCompositeData$1
instanceKlass  @bci com/mendix/modelstorage/ModelElementStorage toModelElement (Ljava/util/UUID;)Lscala/Option; 14 <appendix> member <vmtarget> ; # com/mendix/modelstorage/ModelElementStorage$$Lambda+0x00000217d2656d20
instanceKlass  @bci com/mendix/modelstorage/ModelElementStorage resolveAll ()V 17 <appendix> member <vmtarget> ; # com/mendix/modelstorage/ModelElementStorage$$Lambda+0x00000217d2656960
instanceKlass javax/management/openmbean/CompositeDataSupport
instanceKlass javax/management/openmbean/TabularDataSupport
instanceKlass com/sun/management/internal/GcInfoCompositeData$2
# instanceKlass java/lang/invoke/LambdaForm$MH+0x00000217d2654800
# instanceKlass java/lang/invoke/LambdaForm$MH+0x00000217d2654400
instanceKlass com/sun/management/internal/GcInfoCompositeData$1
instanceKlass java/lang/reflect/WildcardType
instanceKlass sun/reflect/generics/tree/Wildcard
instanceKlass sun/reflect/generics/tree/BottomSignature
instanceKlass sun/management/MappedMXBeanType$CompositeDataMXBeanType$2
instanceKlass sun/management/MappedMXBeanType$CompositeDataMXBeanType$1
instanceKlass sun/management/MappedMXBeanType
instanceKlass sun/management/LazyCompositeData
instanceKlass  @bci sun/management/ManagementFactoryHelper getAllMemoryPoolNames ()[Ljava/lang/String; 16 <appendix> argL0 ; # sun/management/ManagementFactoryHelper$$Lambda+0x00000217d24f0818
instanceKlass  @bci sun/management/ManagementFactoryHelper getAllMemoryPoolNames ()[Ljava/lang/String; 6 <appendix> argL0 ; # sun/management/ManagementFactoryHelper$$Lambda+0x00000217d24f05e8
instanceKlass com/sun/management/internal/GcInfoBuilder
instanceKlass  @bci com/mendix/modelstorage/FillObjectState objectDone ()Ljava/lang/Object; 62 <appendix> member <vmtarget> ; # com/mendix/modelstorage/FillObjectState$$Lambda+0x00000217d26565a0
instanceKlass  @bci scala/collection/immutable/SetOps diff (Lscala/collection/Set;)Lscala/collection/immutable/SetOps; 8 <appendix> member <vmtarget> ; # scala/collection/immutable/SetOps$$Lambda+0x00000217d261b6b0
instanceKlass  @bci com/mendix/modelstorage/FillObjectState gotPrimitive (Ljava/lang/String;Ljava/lang/Object;)V 4 <appendix> member <vmtarget> ; # com/mendix/modelstorage/FillObjectState$$Lambda+0x00000217d2656000
instanceKlass  @bci com/mendix/modelstorage/ModelLoaderImpl decodeRecursive$1 (Lorg/bson/BasicBSONDecoder;Ljava/io/BufferedInputStream;Lcom/mendix/modelstorage/ModelBuilder;Lcom/mendix/logging/ILogNode;Ljava/lang/String;)Lscala/util/Try; 12 <appendix> member <vmtarget> ; # com/mendix/modelstorage/ModelLoaderImpl$$Lambda+0x00000217d264faf0
instanceKlass  @cpi sun/management/LazyCompositeData 216 form vmentry <vmtarget> ; # java/lang/invoke/LambdaForm$DMH+0x00000217d2654000
instanceKlass  @bci com/mendix/modelstorage/FillObjectState processElement (Ljava/lang/String;Lcom/mendix/modelstorage/ModelElementContent;)V 4 <appendix> member <vmtarget> ; # com/mendix/modelstorage/FillObjectState$$Lambda+0x00000217d264f550
instanceKlass  @bci com/mendix/modelstorage/Content addListItems (Ljava/lang/String;Lscala/collection/immutable/Vector;)V 10 <appendix> argL0 ; # com/mendix/modelstorage/Content$$Lambda+0x00000217d264f2a8
instanceKlass  @bci com/mendix/modelstorage/FillObjectState setValues (Lscala/collection/immutable/Vector;Ljava/lang/String;Lcom/mendix/modelstorage/FieldInfo;)V 8 <appendix> member <vmtarget> ; # com/mendix/modelstorage/FillObjectState$$Lambda+0x00000217d264eee8
instanceKlass  @bci com/mendix/modelstorage/FillObjectState processArray (Ljava/lang/String;Lscala/collection/immutable/Vector;)V 4 <appendix> member <vmtarget> ; # com/mendix/modelstorage/FillObjectState$$Lambda+0x00000217d264e948
instanceKlass com/mendix/modelstorage/Contents$
instanceKlass com/mendix/modelstorage/ArrayState
instanceKlass com/mendix/modelstorage/FillObjectState
instanceKlass  @bci com/mendix/modelstorage/ModelElementStorage addModelElementContent (Ljava/util/UUID;Lscala/Option;Lcom/mendix/modelstorage/ClassInfo;)Lcom/mendix/modelstorage/ModelElementContent; 7 <appendix> member <vmtarget> ; # com/mendix/modelstorage/ModelElementStorage$$Lambda+0x00000217d264ddb0
instanceKlass com/mendix/modelstorage/Content
instanceKlass  @bci com/mendix/modelstorage/ModelClassRegistry classInfo (Ljava/lang/String;)Lscala/Option; 12 <appendix> argL0 ; # com/mendix/modelstorage/ModelClassRegistry$$Lambda+0x00000217d264d360
instanceKlass  @bci com/mendix/modelstorage/InitObjectState enterFillObjectState (Ljava/util/UUID;Ljava/lang/String;)V 30 <appendix> member <vmtarget> ; # com/mendix/modelstorage/InitObjectState$$Lambda+0x00000217d264cfa0
instanceKlass  @bci com/mendix/modelstorage/InitObjectState enterFillObjectState (Ljava/util/UUID;Ljava/lang/String;)V 18 <appendix> member <vmtarget> ; # com/mendix/modelstorage/InitObjectState$$Lambda+0x00000217d264ccf0
instanceKlass  @bci com/mendix/modelstorage/InitObjectState $anonfun$gotPrimitive$1 (Lcom/mendix/modelstorage/InitObjectState;Ljava/util/UUID;)V 6 <appendix> member <vmtarget> ; # com/mendix/modelstorage/InitObjectState$$Lambda+0x00000217d264c930
instanceKlass  @bci com/mendix/modelstorage/InitObjectState gotPrimitive (Ljava/lang/String;Ljava/lang/Object;)V 221 <appendix> member <vmtarget> ; # com/mendix/modelstorage/InitObjectState$$Lambda+0x00000217d264c570
instanceKlass  @bci com/mendix/modelstorage/UuidUtil$RichByteArray$ toUuid$extension ([B)Ljava/util/UUID; 159 <appendix> member <vmtarget> ; # com/mendix/modelstorage/UuidUtil$RichByteArray$$$Lambda+0x00000217d264c190
instanceKlass scala/runtime/LongRef
instanceKlass com/mendix/modelstorage/UuidUtil$
instanceKlass com/mendix/modelstorage/UuidUtil$RichByteArray$
instanceKlass com/mendix/modelstorage/PropertyNames$
instanceKlass org/bson/BsonValue
instanceKlass org/bson/AbstractBsonReader$1
instanceKlass org/bson/AbstractBsonWriter$1
instanceKlass org/bson/BsonBinaryReader$1
instanceKlass com/mendix/modelstorage/InitObjectState
instanceKlass org/bson/assertions/Assertions
instanceKlass org/bson/NoOpFieldNameValidator
instanceKlass org/bson/BsonWriterSettings
instanceKlass org/bson/AbstractBsonWriter$Context
instanceKlass org/bson/FieldNameValidator
instanceKlass org/bson/AbstractBsonWriter
instanceKlass org/bson/ByteBufNIO
instanceKlass org/bson/io/BsonInputMark
instanceKlass org/bson/io/ByteBufferBsonInput
instanceKlass org/bson/BsonReaderMark
instanceKlass org/bson/AbstractBsonReader$Context
instanceKlass org/bson/AbstractBsonReader
instanceKlass org/bson/Bits
instanceKlass org/bson/BsonWriter
instanceKlass org/bson/BsonReader
instanceKlass org/bson/io/BsonInput
instanceKlass org/bson/ByteBuf
instanceKlass org/bson/BasicBSONDecoder
instanceKlass org/bson/BSONDecoder
instanceKlass com/mendix/modelstorage/InitialState
instanceKlass com/mendix/modelstorage/Structure$
instanceKlass com/mendix/modelstorage/ModelBuilderState
instanceKlass com/mendix/modelstorage/ModelElementContent
instanceKlass com/mendix/modelstorage/ModelBuilder
instanceKlass com/mendix/modelstorage/ModelElementStorage
instanceKlass com/mendix/modelstorage/UnhandledBSONCallback
instanceKlass  @bci com/mendix/modelstorage/ModelLoaderImpl loadModel (Lcom/mendix/logging/ILogNode;Lscala/Function0;)Lscala/util/Try; 35 <appendix> member <vmtarget> ; # com/mendix/modelstorage/ModelLoaderImpl$$Lambda+0x00000217d2641f50
instanceKlass  @bci com/mendix/modelstorage/ModelLoaderImpl loadModel (Lcom/mendix/logging/ILogNode;Lscala/Function0;)Lscala/util/Try; 27 <appendix> member <vmtarget> ; # com/mendix/modelstorage/ModelLoaderImpl$$Lambda+0x00000217d2641ca0
instanceKlass  @bci com/mendix/basis/impl/ProjectModelStoreLoaderImpl initializeModelStore (Ljava/io/File;Lcom/mendix/basis/impl/Version;)V 14 <appendix> member <vmtarget> ; # com/mendix/basis/impl/ProjectModelStoreLoaderImpl$$Lambda+0x00000217d26419f0
instanceKlass com/mendix/storage/localfilesystem/internal/FileFinder
instanceKlass  @bci io/micrometer/core/instrument/binder/system/ProcessorMetrics bindTo (Lio/micrometer/core/instrument/MeterRegistry;)V 169 <appendix> member <vmtarget> ; # io/micrometer/core/instrument/binder/system/ProcessorMetrics$$Lambda+0x00000217d26412b8
instanceKlass  @bci io/micrometer/core/instrument/binder/system/ProcessorMetrics bindTo (Lio/micrometer/core/instrument/MeterRegistry;)V 130 <appendix> member <vmtarget> ; # io/micrometer/core/instrument/binder/system/ProcessorMetrics$$Lambda+0x00000217d26410a0
instanceKlass  @bci io/micrometer/core/instrument/binder/system/ProcessorMetrics bindTo (Lio/micrometer/core/instrument/MeterRegistry;)V 91 <appendix> member <vmtarget> ; # io/micrometer/core/instrument/binder/system/ProcessorMetrics$$Lambda+0x00000217d2640e88
instanceKlass  @cpi io/micrometer/core/instrument/binder/system/ProcessorMetrics 290 form vmentry <vmtarget> ; # java/lang/invoke/LambdaForm$DMH+0x00000217d2644800
instanceKlass  @bci io/micrometer/core/instrument/binder/system/ProcessorMetrics bindTo (Lio/micrometer/core/instrument/MeterRegistry;)V 7 <appendix> argL0 ; # io/micrometer/core/instrument/binder/system/ProcessorMetrics$$Lambda+0x00000217d2640c78
instanceKlass  @cpi io/micrometer/core/instrument/binder/system/ProcessorMetrics 281 form vmentry <vmtarget> ; # java/lang/invoke/LambdaForm$DMH+0x00000217d2644400
instanceKlass io/micrometer/core/instrument/binder/system/ProcessorMetrics
instanceKlass  @bci io/micrometer/core/instrument/binder/jvm/JvmThreadMetrics bindTo (Lio/micrometer/core/instrument/MeterRegistry;)V 172 <appendix> member <vmtarget> ; # io/micrometer/core/instrument/binder/jvm/JvmThreadMetrics$$Lambda+0x00000217d2640840
instanceKlass  @cpi io/micrometer/core/instrument/binder/jvm/JvmThreadMetrics 236 form vmentry <vmtarget> ; # java/lang/invoke/LambdaForm$DMH+0x00000217d2644000
instanceKlass java/util/stream/Nodes$LongArrayNode
instanceKlass java/util/stream/Node$Builder$OfLong
instanceKlass java/util/stream/Sink$OfLong
instanceKlass java/util/function/LongConsumer
instanceKlass  @bci java/util/stream/LongPipeline toArray ()[J 1 <appendix> argL0 ; # java/util/stream/LongPipeline$$Lambda+0x00000217d24eeff0
instanceKlass java/util/stream/LongStream
instanceKlass  @bci sun/management/ThreadImpl threadIds ([Ljava/lang/Thread;)[J 4 <appendix> argL0 ; # sun/management/ThreadImpl$$Lambda+0x00000217d24edd38
instanceKlass  @bci io/micrometer/core/instrument/binder/jvm/JvmThreadMetrics bindTo (Lio/micrometer/core/instrument/MeterRegistry;)V 106 <appendix> argL0 ; # io/micrometer/core/instrument/binder/jvm/JvmThreadMetrics$$Lambda+0x00000217d2640630
instanceKlass  @bci io/micrometer/core/instrument/binder/jvm/JvmThreadMetrics bindTo (Lio/micrometer/core/instrument/MeterRegistry;)V 73 <appendix> argL0 ; # io/micrometer/core/instrument/binder/jvm/JvmThreadMetrics$$Lambda+0x00000217d2640420
instanceKlass  @bci io/micrometer/core/instrument/binder/jvm/JvmThreadMetrics bindTo (Lio/micrometer/core/instrument/MeterRegistry;)V 40 <appendix> argL0 ; # io/micrometer/core/instrument/binder/jvm/JvmThreadMetrics$$Lambda+0x00000217d2640210
instanceKlass  @bci io/micrometer/core/instrument/binder/jvm/JvmThreadMetrics bindTo (Lio/micrometer/core/instrument/MeterRegistry;)V 7 <appendix> argL0 ; # io/micrometer/core/instrument/binder/jvm/JvmThreadMetrics$$Lambda+0x00000217d2640000
instanceKlass io/micrometer/core/instrument/binder/jvm/JvmThreadMetrics
instanceKlass  @bci io/micrometer/core/instrument/binder/jvm/JvmMemoryMetrics bindTo (Lio/micrometer/core/instrument/MeterRegistry;)V 309 <appendix> argL0 ; # io/micrometer/core/instrument/binder/jvm/JvmMemoryMetrics$$Lambda+0x00000217d263da50
instanceKlass  @bci io/micrometer/core/instrument/binder/jvm/JvmMemoryMetrics bindTo (Lio/micrometer/core/instrument/MeterRegistry;)V 278 <appendix> argL0 ; # io/micrometer/core/instrument/binder/jvm/JvmMemoryMetrics$$Lambda+0x00000217d263d840
instanceKlass  @bci io/micrometer/core/instrument/binder/jvm/JvmMemoryMetrics bindTo (Lio/micrometer/core/instrument/MeterRegistry;)V 247 <appendix> argL0 ; # io/micrometer/core/instrument/binder/jvm/JvmMemoryMetrics$$Lambda+0x00000217d263d630
instanceKlass  @bci io/micrometer/core/instrument/binder/jvm/JvmMemoryMetrics bindTo (Lio/micrometer/core/instrument/MeterRegistry;)V 122 <appendix> argL0 ; # io/micrometer/core/instrument/binder/jvm/JvmMemoryMetrics$$Lambda+0x00000217d263d420
instanceKlass  @bci io/micrometer/core/instrument/binder/jvm/JvmMemoryMetrics bindTo (Lio/micrometer/core/instrument/MeterRegistry;)V 91 <appendix> argL0 ; # io/micrometer/core/instrument/binder/jvm/JvmMemoryMetrics$$Lambda+0x00000217d263d210
instanceKlass  @bci io/micrometer/core/instrument/binder/jvm/JvmMemoryMetrics bindTo (Lio/micrometer/core/instrument/MeterRegistry;)V 60 <appendix> argL0 ; # io/micrometer/core/instrument/binder/jvm/JvmMemoryMetrics$$Lambda+0x00000217d263d000
instanceKlass io/micrometer/core/instrument/binder/jvm/JvmMemoryMetrics
instanceKlass  @bci io/micrometer/core/instrument/Gauge builder (Ljava/lang/String;Ljava/util/function/Supplier;)Lio/micrometer/core/instrument/Gauge$Builder; 6 <appendix> argL0 ; # io/micrometer/core/instrument/Gauge$$Lambda+0x00000217d263fb68
instanceKlass  @bci io/micrometer/core/instrument/binder/jvm/JvmInfoMetrics bindTo (Lio/micrometer/core/instrument/MeterRegistry;)V 2 <appendix> argL0 ; # io/micrometer/core/instrument/binder/jvm/JvmInfoMetrics$$Lambda+0x00000217d263f958
instanceKlass io/micrometer/core/instrument/binder/jvm/JvmInfoMetrics
instanceKlass  @bci io/micrometer/core/instrument/binder/jvm/JvmGcMetrics bindTo (Lio/micrometer/core/instrument/MeterRegistry;)V 300 <appendix> member <vmtarget> ; # io/micrometer/core/instrument/binder/jvm/JvmGcMetrics$$Lambda+0x00000217d263f528
instanceKlass sun/management/NotificationEmitterSupport$ListenerInfo
instanceKlass  @bci io/micrometer/core/instrument/binder/jvm/JvmGcMetrics bindTo (Lio/micrometer/core/instrument/MeterRegistry;)V 282 <appendix> argL0 ; # io/micrometer/core/instrument/binder/jvm/JvmGcMetrics$$Lambda+0x00000217d263f318
instanceKlass  @bci io/micrometer/core/instrument/binder/jvm/JvmGcMetrics bindTo (Lio/micrometer/core/instrument/MeterRegistry;)V 113 <appendix> argL0 ; # io/micrometer/core/instrument/binder/jvm/JvmGcMetrics$$Lambda+0x00000217d263f108
instanceKlass  @bci io/micrometer/core/instrument/binder/jvm/JvmGcMetrics bindTo (Lio/micrometer/core/instrument/MeterRegistry;)V 66 <appendix> argL0 ; # io/micrometer/core/instrument/binder/jvm/JvmGcMetrics$$Lambda+0x00000217d263eef8
instanceKlass  @cpi io/micrometer/core/instrument/binder/jvm/JvmGcMetrics 494 form vmentry <vmtarget> ; # java/lang/invoke/LambdaForm$DMH+0x00000217d263cc00
instanceKlass  @bci io/micrometer/core/instrument/binder/jvm/JvmGcMetrics lambda$bindTo$0 (Ljava/lang/management/MemoryPoolMXBean;)D 1 <appendix> argL0 ; # io/micrometer/core/instrument/binder/jvm/JvmGcMetrics$$Lambda+0x00000217d263ece8
instanceKlass  @cpi io/micrometer/core/instrument/binder/jvm/JvmGcMetrics 527 form vmentry <vmtarget> ; # java/lang/invoke/LambdaForm$DMH+0x00000217d263c800
instanceKlass java/util/stream/Sink$OfDouble
instanceKlass java/util/function/DoubleConsumer
instanceKlass  @bci java/util/stream/DoublePipeline collect (Ljava/util/function/Supplier;Ljava/util/function/ObjDoubleConsumer;Ljava/util/function/BiConsumer;)Ljava/lang/Object; 6 <appendix> member <vmtarget> ; # java/util/stream/DoublePipeline$$Lambda+0x00000217d24ece88
instanceKlass  @bci java/util/stream/DoublePipeline sum ()D 11 <appendix> argL0 ; # java/util/stream/DoublePipeline$$Lambda+0x00000217d24ecc68
instanceKlass  @bci java/util/stream/DoublePipeline sum ()D 6 <appendix> argL0 ; # java/util/stream/DoublePipeline$$Lambda+0x00000217d24eca58
instanceKlass  @cpi java/util/stream/DoublePipeline 596 form vmentry <vmtarget> ; # java/lang/invoke/LambdaForm$DMH+0x00000217d263c400
instanceKlass java/util/function/ObjDoubleConsumer
instanceKlass  @bci java/util/stream/DoublePipeline sum ()D 1 <appendix> argL0 ; # java/util/stream/DoublePipeline$$Lambda+0x00000217d24ec658
instanceKlass java/util/stream/DoubleStream
instanceKlass  @bci io/micrometer/core/instrument/binder/jvm/JvmGcMetrics bindTo (Lio/micrometer/core/instrument/MeterRegistry;)V 31 <appendix> argL0 ; # io/micrometer/core/instrument/binder/jvm/JvmGcMetrics$$Lambda+0x00000217d263ead8
instanceKlass  @bci io/micrometer/core/instrument/binder/jvm/JvmMemory getLongLivedHeapPools ()Ljava/util/stream/Stream; 18 <appendix> argL0 ; # io/micrometer/core/instrument/binder/jvm/JvmMemory$$Lambda+0x00000217d263e898
instanceKlass  @bci io/micrometer/core/instrument/binder/jvm/JvmMemory getLongLivedHeapPools ()Ljava/util/stream/Stream; 8 <appendix> argL0 ; # io/micrometer/core/instrument/binder/jvm/JvmMemory$$Lambda+0x00000217d263e658
instanceKlass io/micrometer/core/instrument/binder/jvm/JvmGcMetrics$GcMetricsNotificationListener
instanceKlass io/micrometer/core/instrument/binder/jvm/JvmMemory
instanceKlass  @bci java/util/stream/MatchOps makeRef (Ljava/util/function/Predicate;Ljava/util/stream/MatchOps$MatchKind;)Ljava/util/stream/TerminalOp; 20 <appendix> member <vmtarget> ; # java/util/stream/MatchOps$$Lambda+0x00000217d24eaf18
instanceKlass java/util/stream/MatchOps$BooleanTerminalSink
instanceKlass java/util/stream/MatchOps$MatchOp
instanceKlass java/util/stream/MatchOps
instanceKlass  @bci io/micrometer/core/instrument/binder/jvm/JvmGcMetrics isGarbageCollectorNotificationsAvailable ()Z 60 <appendix> argL0 ; # io/micrometer/core/instrument/binder/jvm/JvmGcMetrics$$Lambda+0x00000217d263e000
instanceKlass com/sun/management/GarbageCollectionNotificationInfo
instanceKlass  @bci java/lang/management/ManagementFactory getPlatformMXBeans (Ljava/lang/Class;)Ljava/util/List; 35 <appendix> member <vmtarget> ; # java/lang/management/ManagementFactory$$Lambda+0x00000217d24e9fb0
instanceKlass  @bci java/lang/management/ManagementFactory$PlatformMBeanFinder findFirst (Ljava/lang/Class;)Lsun/management/spi/PlatformMBeanProvider$PlatformComponent; 19 <appendix> member <vmtarget> ; # java/lang/management/ManagementFactory$PlatformMBeanFinder$$Lambda+0x00000217d24e9d68
instanceKlass io/micrometer/core/instrument/binder/jvm/JvmGcMetrics
instanceKlass  @bci io/micrometer/core/instrument/MeterRegistry$More counter (Lio/micrometer/core/instrument/Meter$Id;Ljava/lang/Object;Ljava/util/function/ToDoubleFunction;)Lio/micrometer/core/instrument/FunctionCounter; 15 <appendix> argL0 ; # io/micrometer/core/instrument/MeterRegistry$More$$Lambda+0x00000217d263b7a8
instanceKlass  @bci io/micrometer/core/instrument/MeterRegistry$More counter (Lio/micrometer/core/instrument/Meter$Id;Ljava/lang/Object;Ljava/util/function/ToDoubleFunction;)Lio/micrometer/core/instrument/FunctionCounter; 10 <appendix> member <vmtarget> ; # io/micrometer/core/instrument/MeterRegistry$More$$Lambda+0x00000217d263b2d8
instanceKlass io/micrometer/core/instrument/FunctionCounter$Builder
instanceKlass  @bci io/micrometer/core/instrument/binder/jvm/ClassLoaderMetrics bindTo (Lio/micrometer/core/instrument/MeterRegistry;)V 40 <appendix> argL0 ; # io/micrometer/core/instrument/binder/jvm/ClassLoaderMetrics$$Lambda+0x00000217d263ae98
instanceKlass  @bci io/micrometer/core/instrument/binder/jvm/ClassLoaderMetrics bindTo (Lio/micrometer/core/instrument/MeterRegistry;)V 7 <appendix> argL0 ; # io/micrometer/core/instrument/binder/jvm/ClassLoaderMetrics$$Lambda+0x00000217d263ac88
instanceKlass io/micrometer/core/instrument/binder/jvm/ClassLoaderMetrics
instanceKlass scala/concurrent/duration/Deadline
instanceKlass com/mendix/core/actionmanagement/EventActionInfo
instanceKlass com/mendix/basis/actionmanagement/ScheduledAction
instanceKlass com/mendix/core/actionmanagement/ActionListener
instanceKlass  @bci io/micrometer/core/instrument/binder/jetty/JettyConnectionMetrics <init> (Lio/micrometer/core/instrument/MeterRegistry;Ljava/lang/Iterable;)V 202 <appendix> argL0 ; # io/micrometer/core/instrument/binder/jetty/JettyConnectionMetrics$$Lambda+0x00000217d2639858
instanceKlass  @bci io/micrometer/core/instrument/MeterRegistry gauge (Lio/micrometer/core/instrument/Meter$Id;Ljava/lang/Object;Ljava/util/function/ToDoubleFunction;)Lio/micrometer/core/instrument/Gauge; 12 <appendix> argL0 ; # io/micrometer/core/instrument/MeterRegistry$$Lambda+0x00000217d2639330
instanceKlass  @bci io/micrometer/core/instrument/MeterRegistry gauge (Lio/micrometer/core/instrument/Meter$Id;Ljava/lang/Object;Ljava/util/function/ToDoubleFunction;)Lio/micrometer/core/instrument/Gauge; 7 <appendix> member <vmtarget> ; # io/micrometer/core/instrument/MeterRegistry$$Lambda+0x00000217d2638e60
instanceKlass io/micrometer/core/instrument/StrongReferenceGaugeFunction
instanceKlass io/micrometer/core/instrument/Gauge$Builder
instanceKlass  @bci io/micrometer/core/instrument/binder/jetty/JettyConnectionMetrics <init> (Lio/micrometer/core/instrument/MeterRegistry;Ljava/lang/Iterable;)V 168 <appendix> argL0 ; # io/micrometer/core/instrument/binder/jetty/JettyConnectionMetrics$$Lambda+0x00000217d26387f0
instanceKlass  @cpi io/micrometer/core/instrument/binder/jvm/JvmMemoryMetrics 206 form vmentry <vmtarget> ; # java/lang/invoke/LambdaForm$DMH+0x00000217d263c000
instanceKlass java/util/function/ToDoubleFunction
instanceKlass io/micrometer/core/instrument/distribution/TimeWindowMax
instanceKlass  @bci io/micrometer/core/instrument/MeterRegistry summary (Lio/micrometer/core/instrument/Meter$Id;Lio/micrometer/core/instrument/distribution/DistributionStatisticConfig;D)Lio/micrometer/core/instrument/DistributionSummary; 12 <appendix> argL0 ; # io/micrometer/core/instrument/MeterRegistry$$Lambda+0x00000217d2638000
instanceKlass  @bci io/micrometer/core/instrument/MeterRegistry summary (Lio/micrometer/core/instrument/Meter$Id;Lio/micrometer/core/instrument/distribution/DistributionStatisticConfig;D)Lio/micrometer/core/instrument/DistributionSummary; 7 <appendix> form vmentry <vmtarget> ; # java/lang/invoke/LambdaForm$DMH+0x00000217d2634800
instanceKlass  @bci io/micrometer/core/instrument/MeterRegistry summary (Lio/micrometer/core/instrument/Meter$Id;Lio/micrometer/core/instrument/distribution/DistributionStatisticConfig;D)Lio/micrometer/core/instrument/DistributionSummary; 7 <appendix> member <vmtarget> ; # io/micrometer/core/instrument/MeterRegistry$$Lambda+0x00000217d2635da0
instanceKlass  @cpi io/micrometer/core/instrument/MeterRegistry 873 form vmentry <vmtarget> ; # java/lang/invoke/LambdaForm$DMH+0x00000217d2634400
instanceKlass io/micrometer/core/instrument/distribution/DistributionStatisticConfig$Builder
instanceKlass io/micrometer/core/instrument/DistributionSummary$Builder
instanceKlass io/micrometer/core/instrument/util/MeterEquivalence
instanceKlass  @bci io/micrometer/core/instrument/composite/CompositeMeterRegistry lambda$new$0 (Lio/micrometer/core/instrument/Meter;)V 13 <appendix> member <vmtarget> ; # io/micrometer/core/instrument/composite/CompositeMeterRegistry$$Lambda+0x00000217d2635218
instanceKlass  @bci io/micrometer/core/instrument/composite/CompositeMeterRegistry lambda$new$1 (Lio/micrometer/core/instrument/Meter;)V 14 <appendix> member <vmtarget> ; # io/micrometer/core/instrument/composite/CompositeMeterRegistry$$Lambda+0x00000217d2635000
instanceKlass io/micrometer/core/instrument/composite/CompositeMeter
instanceKlass  @bci io/micrometer/core/instrument/MeterRegistry registerMeterIfNecessary (Ljava/lang/Class;Lio/micrometer/core/instrument/Meter$Id;Ljava/util/function/Function;Ljava/util/function/Function;)Lio/micrometer/core/instrument/Meter; 5 <appendix> member <vmtarget> ; # io/micrometer/core/instrument/MeterRegistry$$Lambda+0x00000217d2637070
instanceKlass io/micrometer/core/instrument/distribution/DistributionStatisticConfig
instanceKlass io/micrometer/core/instrument/internal/Mergeable
instanceKlass  @bci io/micrometer/core/instrument/MeterRegistry counter (Lio/micrometer/core/instrument/Meter$Id;)Lio/micrometer/core/instrument/Counter; 10 <appendix> argL0 ; # io/micrometer/core/instrument/MeterRegistry$$Lambda+0x00000217d26369b8
instanceKlass io/micrometer/core/instrument/AbstractMeter
instanceKlass  @bci io/micrometer/core/instrument/MeterRegistry counter (Lio/micrometer/core/instrument/Meter$Id;)Lio/micrometer/core/instrument/Counter; 5 <appendix> member <vmtarget> ; # io/micrometer/core/instrument/MeterRegistry$$Lambda+0x00000217d2636000
instanceKlass io/micrometer/core/instrument/Meter$Id
instanceKlass io/micrometer/core/instrument/Tags$ArrayIterator
instanceKlass io/micrometer/core/instrument/Counter$Builder
instanceKlass org/eclipse/jetty/io/NetworkTrafficListener
instanceKlass org/eclipse/jetty/io/Connection$Listener
instanceKlass  @bci com/mendix/m2ee/appcontainer/AppContainer $anonfun$configureJettyConnectionMetrics$2 (Lcom/mendix/m2ee/appcontainer/AppContainer;Lorg/eclipse/jetty/server/Connector;)Z 49 <appendix> argL0 ; # com/mendix/m2ee/appcontainer/AppContainer$$Lambda+0x00000217d2632990
instanceKlass io/micrometer/core/instrument/ImmutableTag
instanceKlass  @bci com/mendix/m2ee/appcontainer/AppContainer $anonfun$configureJettyConnectionMetrics$1 (Lcom/mendix/m2ee/appcontainer/AppContainer;Lorg/eclipse/jetty/server/Server;)V 17 <appendix> member <vmtarget> ; # com/mendix/m2ee/appcontainer/AppContainer$$Lambda+0x00000217d2632368
instanceKlass  @bci com/mendix/m2ee/appcontainer/AppContainer configureJettyConnectionMetrics ()V 5 <appendix> member <vmtarget> ; # com/mendix/m2ee/appcontainer/AppContainer$$Lambda+0x00000217d2631bd8
instanceKlass com/mendix/basis/event/EventConstants$
instanceKlass  @bci org/apache/commons/logging/LogFactory newStandardFactory (Ljava/lang/ClassLoader;)Lorg/apache/commons/logging/LogFactory; 36 <appendix> argL0 ; # org/apache/commons/logging/LogFactory$$Lambda+0x00000217d26317d0
instanceKlass org/slf4j/helpers/BasicMarker
instanceKlass org/slf4j/MarkerFactory
instanceKlass org/apache/commons/logging/Log
instanceKlass  @bci org/apache/logging/log4j/util/SortedArrayStringMap <clinit> ()V 0 <appendix> argL0 ; # org/apache/logging/log4j/util/SortedArrayStringMap$$Lambda+0x00000217d2630d00
instanceKlass  @cpi org/apache/logging/log4j/util/SortedArrayStringMap 405 form vmentry <vmtarget> ; # java/lang/invoke/LambdaForm$DMH+0x00000217d2634000
instanceKlass org/apache/logging/log4j/util/TriConsumer
instanceKlass org/apache/logging/log4j/util/SortedArrayStringMap
instanceKlass org/apache/logging/log4j/util/IndexedStringMap
instanceKlass org/apache/logging/log4j/util/IndexedReadOnlyStringMap
instanceKlass org/apache/logging/log4j/util/StringMap
instanceKlass org/apache/logging/log4j/util/ReadOnlyStringMap
instanceKlass org/apache/logging/slf4j/MDCContextMap
instanceKlass org/apache/logging/log4j/spi/CleanableThreadContextMap
instanceKlass org/apache/logging/log4j/spi/ThreadContextMap2
instanceKlass  @bci org/apache/logging/log4j/util/PropertiesUtil$Environment get (Ljava/lang/String;)Ljava/lang/String; 35 <appendix> argL0 ; # org/apache/logging/log4j/util/PropertiesUtil$Environment$$Lambda+0x00000217d262dcb0
instanceKlass  @bci org/apache/logging/log4j/util/PropertiesUtil$Environment get (Ljava/lang/String;)Ljava/lang/String; 25 <appendix> member <vmtarget> ; # org/apache/logging/log4j/util/PropertiesUtil$Environment$$Lambda+0x00000217d262da78
instanceKlass org/apache/logging/log4j/util/PropertySource$Comparator
instanceKlass org/apache/logging/log4j/util/PropertySource$Util
instanceKlass org/apache/logging/log4j/util/Cast
instanceKlass org/apache/logging/log4j/util/LazyUtil$1
instanceKlass org/apache/logging/log4j/util/LazyUtil
instanceKlass org/apache/logging/log4j/util/SystemPropertiesPropertySource
instanceKlass org/apache/logging/log4j/util/EnvironmentPropertySource
instanceKlass  @bci org/apache/logging/log4j/util/PropertiesUtil$Environment <init> (Lorg/apache/logging/log4j/util/PropertySource;)V 99 <appendix> member <vmtarget> ; # org/apache/logging/log4j/util/PropertiesUtil$Environment$$Lambda+0x00000217d262f740
instanceKlass  @bci org/apache/logging/log4j/util/ServiceLoaderUtil safeStream (Ljava/lang/Class;Ljava/util/ServiceLoader;Lorg/apache/logging/log4j/Logger;)Ljava/util/stream/Stream; 71 <appendix> member <vmtarget> ; # org/apache/logging/log4j/util/ServiceLoaderUtil$$Lambda+0x00000217d262f4f8
instanceKlass org/apache/logging/log4j/util/OsgiServiceLocator
instanceKlass  @bci org/apache/logging/log4j/util/StackLocator getCallerClass (I)Ljava/lang/Class; 15 <appendix> argL0 ; # org/apache/logging/log4j/util/StackLocator$$Lambda+0x00000217d262f0d0
instanceKlass java/util/stream/SliceOps
instanceKlass java/lang/StackStreamFactory$FrameBuffer
instanceKlass java/lang/StackStreamFactory
instanceKlass  @bci org/apache/logging/log4j/util/StackLocator getCallerClass (I)Ljava/lang/Class; 4 <appendix> member <vmtarget> ; # org/apache/logging/log4j/util/StackLocator$$Lambda+0x00000217d262eea0
instanceKlass  @cpi org/apache/logging/log4j/util/StackLocator 277 form vmentry <vmtarget> ; # java/lang/invoke/LambdaForm$DMH+0x00000217d262c400
instanceKlass org/apache/logging/log4j/util/StackLocator
instanceKlass org/apache/logging/log4j/util/StackLocatorUtil
instanceKlass java/util/Spliterators$AbstractSpliterator
instanceKlass org/apache/logging/log4j/util/ServiceLoaderUtil
instanceKlass  @bci org/apache/logging/log4j/util/PropertiesUtil$Environment <init> (Lorg/apache/logging/log4j/util/PropertySource;)V 34 <appendix> argL0 ; # org/apache/logging/log4j/util/PropertiesUtil$Environment$$Lambda+0x00000217d262e3f0
instanceKlass org/apache/logging/log4j/util/BiConsumer
instanceKlass org/apache/logging/log4j/util/PropertiesUtil$Environment
instanceKlass org/apache/logging/log4j/util/PropertiesPropertySource
instanceKlass org/apache/logging/log4j/util/LazyUtil$SafeLazy
instanceKlass org/apache/logging/log4j/util/Lazy
instanceKlass  @bci org/apache/logging/log4j/util/PropertiesUtil <clinit> ()V 6 <appendix> argL0 ; # org/apache/logging/log4j/util/PropertiesUtil$$Lambda+0x00000217d262b358
instanceKlass org/apache/logging/log4j/util/PropertySource
instanceKlass org/apache/logging/log4j/util/PropertiesUtil
instanceKlass org/apache/logging/log4j/util/LoaderUtil$ThreadContextClassLoaderGetter
instanceKlass  @bci org/apache/logging/log4j/util/LoaderUtil <clinit> ()V 23 <appendix> argL0 ; # org/apache/logging/log4j/util/LoaderUtil$$Lambda+0x00000217d262ab38
instanceKlass  @cpi org/apache/logging/log4j/util/LoaderUtil 455 form vmentry <vmtarget> ; # java/lang/invoke/LambdaForm$DMH+0x00000217d262c000
instanceKlass org/apache/logging/log4j/util/LazyBoolean
instanceKlass java/util/function/BooleanSupplier
instanceKlass org/apache/logging/log4j/util/LoaderUtil
instanceKlass org/apache/logging/log4j/spi/LoggerRegistry
instanceKlass org/apache/logging/slf4j/SLF4JLoggerContext
instanceKlass org/apache/logging/log4j/spi/LoggerContext
instanceKlass org/apache/logging/slf4j/SLF4JLoggerContextFactory
instanceKlass org/apache/logging/log4j/message/EntryMessage
instanceKlass org/apache/logging/log4j/message/ExitMessage
instanceKlass org/apache/logging/log4j/message/FlowMessage
instanceKlass org/apache/logging/log4j/status/StatusConsoleListener
instanceKlass  @bci java/util/regex/CharPredicates forUnicodeBlock (Ljava/lang/String;)Ljava/util/regex/Pattern$CharPredicate; 6 <appendix> member <vmtarget> ; # java/util/regex/CharPredicates$$Lambda+0x00000217d24e60d8
instanceKlass java/lang/Character$Subset
instanceKlass  @bci org/apache/logging/log4j/status/StatusLogger$PropertiesUtilsDouble normalizeProperties ([Ljava/util/Properties;)Ljava/util/Map; 31 <appendix> member <vmtarget> ; # org/apache/logging/log4j/status/StatusLogger$PropertiesUtilsDouble$$Lambda+0x00000217d2628ed8
instanceKlass org/apache/logging/log4j/status/StatusLogger$PropertiesUtilsDouble
instanceKlass org/apache/logging/log4j/status/StatusLogger$Config
instanceKlass org/apache/logging/log4j/status/StatusLogger$InstanceHolder
instanceKlass  @bci org/apache/logging/log4j/util/Strings <clinit> ()V 0 <appendix> argL0 ; # org/apache/logging/log4j/util/Strings$$Lambda+0x00000217d26283e0
instanceKlass org/apache/logging/log4j/util/Strings
instanceKlass org/apache/logging/log4j/Level
instanceKlass  @bci org/apache/logging/log4j/spi/AbstractLogger <clinit> ()V 142 <appendix> argL0 ; # org/apache/logging/log4j/spi/AbstractLogger$$Lambda+0x00000217d2627660
instanceKlass org/apache/logging/log4j/internal/DefaultLogBuilder
instanceKlass org/apache/logging/log4j/BridgeAware
instanceKlass org/apache/logging/log4j/message/DefaultFlowMessageFactory
instanceKlass org/apache/logging/log4j/message/FlowMessageFactory
instanceKlass org/apache/logging/log4j/message/AbstractMessageFactory
instanceKlass  @bci org/apache/logging/log4j/MarkerManager getMarker (Ljava/lang/String;)Lorg/apache/logging/log4j/Marker; 4 <appendix> argL0 ; # org/apache/logging/log4j/MarkerManager$$Lambda+0x00000217d26261c0
instanceKlass org/apache/logging/log4j/MarkerManager$Log4jMarker
instanceKlass org/apache/logging/log4j/util/StringBuilderFormattable
instanceKlass org/apache/logging/log4j/Marker
instanceKlass org/apache/logging/log4j/MarkerManager
instanceKlass org/apache/logging/log4j/status/StatusListener
instanceKlass org/apache/logging/log4j/LogBuilder
instanceKlass org/apache/logging/log4j/message/Message
instanceKlass org/apache/logging/log4j/message/MessageFactory2
instanceKlass org/apache/logging/log4j/message/MessageFactory
instanceKlass org/apache/logging/log4j/spi/AbstractLogger
instanceKlass org/apache/logging/log4j/spi/LocationAwareLogger
instanceKlass org/apache/logging/log4j/spi/ExtendedLogger
instanceKlass org/apache/logging/log4j/spi/LoggerContextFactory
instanceKlass org/apache/logging/log4j/spi/ThreadContextMap
instanceKlass org/apache/logging/log4j/Logger
instanceKlass org/apache/logging/log4j/spi/Provider
instanceKlass  @bci org/apache/commons/logging/LogFactory isClassAvailable (Ljava/lang/String;Ljava/lang/ClassLoader;)Z 2 <appendix> member <vmtarget> ; # org/apache/commons/logging/LogFactory$$Lambda+0x00000217d261e920
instanceKlass  @bci org/apache/commons/logging/LogFactory getFactory ()Lorg/apache/commons/logging/LogFactory; 240 <appendix> argL0 ; # org/apache/commons/logging/LogFactory$$Lambda+0x00000217d261e710
instanceKlass  @bci org/apache/commons/logging/LogFactory getFactory ()Lorg/apache/commons/logging/LogFactory; 196 <appendix> argL0 ; # org/apache/commons/logging/LogFactory$$Lambda+0x00000217d261e500
instanceKlass  @bci org/apache/commons/logging/LogFactory getResources (Ljava/lang/ClassLoader;Ljava/lang/String;)Ljava/util/Enumeration; 2 <appendix> member <vmtarget> ; # org/apache/commons/logging/LogFactory$$Lambda+0x00000217d261e2e8
instanceKlass org/apache/commons/logging/impl/WeakHashtable$Referenced
instanceKlass  @bci org/apache/commons/logging/LogFactory getContextClassLoaderInternal ()Ljava/lang/ClassLoader; 0 <appendix> argL0 ; # org/apache/commons/logging/LogFactory$$Lambda+0x00000217d261dc98
instanceKlass  @bci org/apache/commons/logging/LogFactory releaseAll ()V 18 <appendix> argL0 ; # org/apache/commons/logging/LogFactory$$Lambda+0x00000217d261da78
instanceKlass  @bci org/apache/commons/logging/LogFactory getSystemProperty (Ljava/lang/String;Ljava/lang/String;)Ljava/lang/String; 2 <appendix> member <vmtarget> ; # org/apache/commons/logging/LogFactory$$Lambda+0x00000217d261d498
instanceKlass org/apache/commons/logging/LogFactory
instanceKlass com/azure/storage/blob/specialized/BlobClientBase
instanceKlass  @bci com/mendix/metrics/micrometer/MicrometerRegistry reconfigure ()V 78 <appendix> member <vmtarget> ; # com/mendix/metrics/micrometer/MicrometerRegistry$$Lambda+0x00000217d261c000
instanceKlass io/micrometer/core/instrument/config/MeterFilter$1
instanceKlass scala/collection/convert/AsJavaExtensions$IterableHasAsJava
instanceKlass  @bci com/mendix/metrics/micrometer/MicrometerRegistry reconfigure ()V 45 <appendix> argL0 ; # com/mendix/metrics/micrometer/MicrometerRegistry$$Lambda+0x00000217d2617650
instanceKlass  @bci com/mendix/metrics/micrometer/MicrometerRegistry reconfigure ()V 19 <appendix> member <vmtarget> ; # com/mendix/metrics/micrometer/MicrometerRegistry$$Lambda+0x00000217d2617290
instanceKlass scala/collection/immutable/HashSet$
instanceKlass scala/collection/immutable/SetNode$
instanceKlass  @bci com/mendix/storage/s3/internal/S3StorageConfiguration isEncryptionConfigurationValid (Z)Z 4 <appendix> argL0 ; # com/mendix/storage/s3/internal/S3StorageConfiguration$$Lambda+0x00000217d2616ed8
instanceKlass  @bci com/mendix/storage/s3/internal/S3StorageConfiguration isTokenServiceConfigValid (Z)Z 47 <appendix> argL0 ; # com/mendix/storage/s3/internal/S3StorageConfiguration$$Lambda+0x00000217d2615da0
instanceKlass  @bci com/mendix/storage/s3/internal/S3StorageConfiguration isTokenServiceConfigValid (Z)Z 36 <appendix> argL0 ; # com/mendix/storage/s3/internal/S3StorageConfiguration$$Lambda+0x00000217d26159e8
instanceKlass  @bci com/mendix/storage/s3/internal/S3StorageConfiguration staticAWSCredentials ()Lscala/Option; 5 <appendix> member <vmtarget> ; # com/mendix/storage/s3/internal/S3StorageConfiguration$$Lambda+0x00000217d2615628
instanceKlass  @bci com/mendix/configuration/Configuration$Parameter$RichStringParameter$ nonEmptyString$extension (Lcom/mendix/configuration/Configuration$Parameter;)Lscala/Option; 10 <appendix> argL0 ; # com/mendix/configuration/Configuration$Parameter$RichStringParameter$$$Lambda+0x00000217d2615270
instanceKlass com/mendix/configuration/Configuration$Parameter$
instanceKlass com/mendix/configuration/Configuration$Parameter$RichStringParameter$
instanceKlass scala/runtime/LazyBoolean
instanceKlass scala/collection/convert/AsScalaExtensions$SetHasAsScala
instanceKlass com/amazonaws/internal/Releasable
instanceKlass com/amazonaws/internal/MetricAware
instanceKlass scala/runtime/RichChar$
instanceKlass com/mendix/metrics/Timers
instanceKlass com/mendix/metrics/Gauges
instanceKlass com/mendix/metrics/Counters
instanceKlass com/mendix/metrics/micrometer/MicrometerMetricsFactory
instanceKlass com/mendix/metrics/MetricsImpl$
instanceKlass com/mendix/metrics/MetricBuilder
instanceKlass  @bci com/mendix/m2ee/appcontainer/AppContainer handleEvent (Lorg/osgi/service/event/Event;)V 91 <appendix> member <vmtarget> ; # com/mendix/m2ee/appcontainer/AppContainer$$Lambda+0x00000217d260b800
instanceKlass java/io/File$TempDirectory
instanceKlass  @bci com/mendix/configuration/Configuration mapFile (Ljava/io/File;Ljava/lang/String;Lcom/mendix/configuration/Configuration$Type;Ljava/lang/Object;)Lscala/Option; 107 <appendix> argL0 ; # com/mendix/configuration/Configuration$$Lambda+0x00000217d260af58
instanceKlass  @bci com/mendix/configuration/Configuration $anonfun$update$2 (Lcom/mendix/configuration/Configuration;Lcom/mendix/logging/ILogNode;Lscala/Tuple2;)V 38 <appendix> argL0 ; # com/mendix/configuration/Configuration$$Lambda+0x00000217d260a9b0
instanceKlass  @bci com/mendix/configuration/Configuration mapFile (Ljava/io/File;Ljava/lang/String;Lcom/mendix/configuration/Configuration$Type;Ljava/lang/Object;)Lscala/Option; 199 <appendix> argL0 ; # com/mendix/configuration/Configuration$$Lambda+0x00000217d260a5f8
instanceKlass  @bci com/mendix/configuration/Configuration mapFile (Ljava/io/File;Ljava/lang/String;Lcom/mendix/configuration/Configuration$Type;Ljava/lang/Object;)Lscala/Option; 182 <appendix> member <vmtarget> ; # com/mendix/configuration/Configuration$$Lambda+0x00000217d260a238
instanceKlass  @bci com/mendix/configuration/Configuration $anonfun$prependRelativePaths$1 (Lcom/mendix/configuration/Configuration;Ljava/io/File;Lcom/mendix/logging/ILogNode;Lcom/mendix/configuration/Configuration$Parameter;)V 40 <appendix> member <vmtarget> ; # com/mendix/configuration/Configuration$$Lambda+0x00000217d2609e78
instanceKlass  @bci com/mendix/configuration/Configuration mapFile (Ljava/io/File;Ljava/lang/String;Lcom/mendix/configuration/Configuration$Type;Ljava/lang/Object;)Lscala/Option; 704 <appendix> argL0 ; # com/mendix/configuration/Configuration$$Lambda+0x00000217d2609ac0
instanceKlass  @bci com/mendix/configuration/Configuration mapFile (Ljava/io/File;Ljava/lang/String;Lcom/mendix/configuration/Configuration$Type;Ljava/lang/Object;)Lscala/Option; 692 <appendix> member <vmtarget> ; # com/mendix/configuration/Configuration$$Lambda+0x00000217d2609700
instanceKlass  @bci com/mendix/configuration/Configuration prependRelativePaths (Lscala/collection/Iterable;Ljava/io/File;Lcom/mendix/logging/ILogNode;)V 4 <appendix> member <vmtarget> ; # com/mendix/configuration/Configuration$$Lambda+0x00000217d2609340
instanceKlass  @bci com/mendix/configuration/Configuration update (Lscala/collection/immutable/Map;Lcom/mendix/logging/ILogNode;)Lscala/collection/immutable/Set; 47 <appendix> member <vmtarget> ; # com/mendix/configuration/Configuration$$Lambda+0x00000217d2608f80
instanceKlass  @bci com/mendix/configuration/Configuration update (Lscala/collection/immutable/Map;Lcom/mendix/logging/ILogNode;)Lscala/collection/immutable/Set; 35 <appendix> argL0 ; # com/mendix/configuration/Configuration$$Lambda+0x00000217d2608bc8
instanceKlass  @bci scala/collection/MapOps addString (Lscala/collection/mutable/StringBuilder;Ljava/lang/String;Ljava/lang/String;Ljava/lang/String;)Lscala/collection/mutable/StringBuilder; 6 <appendix> argL0 ; # scala/collection/MapOps$$Lambda+0x00000217d26125a0
instanceKlass  @bci scala/collection/mutable/ArrayBuffer view ()Lscala/collection/mutable/ArrayBufferView; 6 <appendix> member <vmtarget> ; # scala/collection/mutable/ArrayBuffer$$Lambda+0x00000217d2603bc0
instanceKlass  @bci com/mendix/configuration/ConfigurationRegistry handleUpdateConfig (Lscala/collection/immutable/Map;Lcom/mendix/logging/ILogNode;)V 69 <appendix> member <vmtarget> ; # com/mendix/configuration/ConfigurationRegistry$$Lambda+0x00000217d2608808
instanceKlass  @bci com/mendix/configuration/ConfigurationRegistry handleInitConfig (Ljava/io/File;Lcom/mendix/logging/ILogNode;)V 22 <appendix> argL0 ; # com/mendix/configuration/ConfigurationRegistry$$Lambda+0x00000217d2608560
instanceKlass  @bci com/mendix/basis/conf/ConfigurationImpl ifInitialized (Lcom/mendix/basis/conf/ConfigurationImpl$Setting;)Ljava/lang/Object; 2 <appendix> member <vmtarget> ; # com/mendix/basis/conf/ConfigurationImpl$$Lambda+0x00000217d26082b0
instanceKlass scala/math/Ordering$Long$
instanceKlass scala/math/Ordering$LongOrdering
instanceKlass scala/runtime/RichLong$
instanceKlass scala/runtime/RichLong
instanceKlass scala/runtime/IntegralProxy
instanceKlass scala/runtime/RangedProxy
instanceKlass scala/runtime/ScalaWholeNumberProxy
instanceKlass scala/runtime/ScalaNumberProxy
instanceKlass com/mendix/basis/conf/ConfigurationImpl$
instanceKlass  @bci com/mendix/basis/conf/ConfigurationImpl collectDefault$1 (Lcom/mendix/basis/conf/ConfigurationImpl$Setting;Ljava/lang/Object;Ljava/util/HashMap;)Ljava/lang/Object; 13 <appendix> member <vmtarget> ; # com/mendix/basis/conf/ConfigurationImpl$$Lambda+0x00000217d2608000
instanceKlass com/mendix/shared/util/uuid/RandomUuid$
instanceKlass  @bci com/mendix/basis/impl/MxRuntimeImpl com$mendix$basis$impl$MxRuntimeImpl$$loadModel ()V 58 <appendix> member <vmtarget> ; # com/mendix/basis/impl/MxRuntimeImpl$$Lambda+0x00000217d2607bc8
instanceKlass  @bci com/mendix/basis/impl/MxRuntimeImpl$ModelLoad$ onEntry ()V 18 <appendix> member <vmtarget> ; # com/mendix/basis/impl/MxRuntimeImpl$ModelLoad$$$Lambda+0x00000217d26078f8
instanceKlass  @bci com/mendix/basis/impl/MxRuntimeImpl$ModelLoad$ onEntry ()V 12 <appendix> member <vmtarget> ; # com/mendix/basis/impl/MxRuntimeImpl$ModelLoad$$$Lambda+0x00000217d2607538
instanceKlass com/mendix/util/startupmeter/Task$Running$
instanceKlass com/mendix/util/startupmeter/Task$TaskResult
instanceKlass com/mendix/util/startupmeter/Task
instanceKlass com/mendix/util/startupmeter/Task$TaskState
instanceKlass com/mendix/util/startupmeter/Task$
instanceKlass  @bci com/mendix/basis/impl/MxRuntimeImpl start (Z)Z 20 <appendix> member <vmtarget> ; # com/mendix/basis/impl/MxRuntimeImpl$$Lambda+0x00000217d26066e8
instanceKlass com/mendix/basis/action/admin/JSON$Object$
instanceKlass  @bci scala/collection/mutable/HashMap addAll (Lscala/collection/IterableOnce;)Lscala/collection/mutable/HashMap; 24 <appendix> member <vmtarget> ; # scala/collection/mutable/HashMap$$Lambda+0x00000217d26024b8
instanceKlass  @bci com/mendix/basis/conf/ConfigurationImpl processCertificatesConfiguration (Ljava/util/Map;Z)V 142 <appendix> argL0 ; # com/mendix/basis/conf/ConfigurationImpl$$Lambda+0x00000217d2606120
instanceKlass scala/collection/mutable/ArraySeq$
instanceKlass  @bci com/mendix/basis/conf/ConfigurationImpl processCertificatesConfiguration (Ljava/util/Map;Z)V 81 <appendix> argL0 ; # com/mendix/basis/conf/ConfigurationImpl$$Lambda+0x00000217d2605d68
instanceKlass scala/collection/mutable/ArrayBuilder$
instanceKlass  @bci com/mendix/basis/conf/ConfigurationImpl parseList (Ljava/lang/String;Z)[Ljava/lang/String; 60 <appendix> argL0 ; # com/mendix/basis/conf/ConfigurationImpl$$Lambda+0x00000217d26059b0
instanceKlass  @bci com/mendix/basis/conf/ConfigurationImpl parseList (Ljava/lang/String;Z)[Ljava/lang/String; 20 <appendix> argL0 ; # com/mendix/basis/conf/ConfigurationImpl$$Lambda+0x00000217d26055f8
instanceKlass  @bci com/mendix/basis/conf/ConfigurationImpl get$1 (Ljava/lang/String;Ljava/lang/String;Ljava/util/Map;Z)Ljava/lang/String; 18 <appendix> argL0 ; # com/mendix/basis/conf/ConfigurationImpl$$Lambda+0x00000217d2605350
instanceKlass  @bci com/mendix/basis/conf/ConfigurationImpl processMicroflowConstantsConfiguration (Ljava/util/Map;Z)V 26 <appendix> member <vmtarget> ; # com/mendix/basis/conf/ConfigurationImpl$$Lambda+0x00000217d2605128
instanceKlass  @bci com/mendix/basis/conf/ConfigurationImpl processHeadersConfiguration (Ljava/util/Map;Z)V 26 <appendix> member <vmtarget> ; # com/mendix/basis/conf/ConfigurationImpl$$Lambda+0x00000217d2604f00
instanceKlass  @bci com/mendix/basis/conf/ConfigValueChecker checkMap (Ljava/util/Map;Ljava/lang/String;Ljava/util/Map;Z)Ljava/util/Map; 7 <appendix> member <vmtarget> ; # com/mendix/basis/conf/ConfigValueChecker$$Lambda+0x00000217d2604b40
instanceKlass  @bci com/mendix/basis/conf/ConfigValueChecker checkFile (Ljava/util/Map;Lcom/mendix/basis/conf/Setting;ZZ)Ljava/io/File; 7 <appendix> member <vmtarget> ; # com/mendix/basis/conf/ConfigValueChecker$$Lambda+0x00000217d2604780
instanceKlass  @bci com/mendix/basis/conf/ConfigValueChecker checkFileOrDirectory (Ljava/util/Map;Lcom/mendix/basis/conf/Setting;ZZLscala/Function1;)Ljava/io/File; 9 <appendix> member <vmtarget> ; # com/mendix/basis/conf/ConfigValueChecker$$Lambda+0x00000217d26043c0
instanceKlass  @bci com/mendix/basis/conf/ConfigValueChecker checkDirectory (Ljava/util/Map;Lcom/mendix/basis/conf/Setting;ZZ)Ljava/io/File; 7 <appendix> member <vmtarget> ; # com/mendix/basis/conf/ConfigValueChecker$$Lambda+0x00000217d2604000
instanceKlass  @bci com/mendix/basis/conf/ConfigValueChecker checkLong (Ljava/util/Map;Lcom/mendix/basis/conf/Setting;Z)Ljava/lang/Long; 5 <appendix> member <vmtarget> ; # com/mendix/basis/conf/ConfigValueChecker$$Lambda+0x00000217d25fbba0
instanceKlass  @bci com/mendix/basis/conf/ConfigValueChecker checkDuration (Ljava/util/Map;Lcom/mendix/basis/conf/Setting;ZLcom/mendix/configuration/Configuration$DurationType;)Lscala/concurrent/duration/FiniteDuration; 7 <appendix> member <vmtarget> ; # com/mendix/basis/conf/ConfigValueChecker$$Lambda+0x00000217d25fb7e0
instanceKlass  @bci com/mendix/basis/conf/ConfigValueChecker checkHashAlgorithm (Ljava/util/Map;Lcom/mendix/basis/conf/Setting;Z)Lscala/Tuple2; 17 <appendix> member <vmtarget> ; # com/mendix/basis/conf/ConfigValueChecker$$Lambda+0x00000217d25fb420
instanceKlass  @bci com/mendix/basis/conf/ConfigValueChecker checkBoolean (Ljava/util/Map;Ljava/lang/String;Ljava/lang/Boolean;Z)Ljava/lang/Boolean; 7 <appendix> member <vmtarget> ; # com/mendix/basis/conf/ConfigValueChecker$$Lambda+0x00000217d25fb060
instanceKlass  @bci com/mendix/basis/conf/ConfigValueChecker $anonfun$checkDevelopmentMode$1 (Lcom/mendix/basis/conf/Setting;Ljava/lang/Object;)Ljava/lang/Boolean; 78 <appendix> member <vmtarget> ; # com/mendix/basis/conf/ConfigValueChecker$$Lambda+0x00000217d25fadb0
instanceKlass scala/collection/immutable/VectorMap$Tombstone
instanceKlass  @bci scala/collection/immutable/HashMapBuilder getOrElse (Ljava/lang/Object;Ljava/lang/Object;)Ljava/lang/Object; 31 <appendix> member <vmtarget> ; # scala/collection/immutable/HashMapBuilder$$Lambda+0x00000217d25f4800
instanceKlass  @bci scala/collection/immutable/MapBuilderImpl getOrElse (Ljava/lang/Object;Ljava/lang/Object;)Ljava/lang/Object; 23 <appendix> member <vmtarget> ; # scala/collection/immutable/MapBuilderImpl$$Lambda+0x00000217d25ffc10
instanceKlass scala/collection/immutable/VectorMapBuilder
instanceKlass scala/collection/immutable/SeqMap$EmptySeqMap$
instanceKlass scala/collection/immutable/SeqMap$SeqMapBuilderImpl
instanceKlass scala/collection/immutable/SeqMap$
instanceKlass com/mendix/basis/conf/ConfigValueChecker$
instanceKlass  @bci com/mendix/basis/conf/ConfigValueChecker checkDevelopmentMode (Ljava/util/Map;Lcom/mendix/basis/conf/Setting;Z)Z 8 <appendix> member <vmtarget> ; # com/mendix/basis/conf/ConfigValueChecker$$Lambda+0x00000217d25fa378
instanceKlass  @bci com/mendix/basis/conf/ConfigValueChecker checkString (Ljava/util/Map;Ljava/lang/String;Ljava/lang/String;Z)Ljava/lang/String; 7 <appendix> member <vmtarget> ; # com/mendix/basis/conf/ConfigValueChecker$$Lambda+0x00000217d25f9fb8
instanceKlass scala/collection/convert/JavaCollectionWrappers$MapWrapper$$anon$2$$anon$3$$anon$4
instanceKlass scala/collection/convert/JavaCollectionWrappers$MapWrapper$$anon$2$$anon$3
instanceKlass scala/collection/convert/AsJavaExtensions$MapHasAsJava
instanceKlass  @bci com/mendix/basis/action/admin/UpdateConfigurationAction filterUnknown (Lscala/collection/immutable/Map;)Lscala/collection/immutable/Map; 2 <appendix> member <vmtarget> ; # com/mendix/basis/action/admin/UpdateConfigurationAction$$Lambda+0x00000217d25f9bf8
instanceKlass  @bci scala/collection/MapView$FilterKeys iterator ()Lscala/collection/Iterator; 10 <appendix> member <vmtarget> ; # scala/collection/MapView$FilterKeys$$Lambda+0x00000217d25e37c8
instanceKlass scala/collection/View$
instanceKlass  @bci com/mendix/basis/action/admin/UpdateConfigurationAction updateConfiguration (Lscala/collection/immutable/Map;)Lcom/mendix/thirdparty/org/json/JSONObject; 17 <appendix> argL0 ; # com/mendix/basis/action/admin/UpdateConfigurationAction$$Lambda+0x00000217d25f9840
instanceKlass com/mendix/configuration/ConfigurationRegistry$
instanceKlass  @bci com/mendix/basis/conf/JSONConverter$ convertToMap (Lcom/mendix/thirdparty/org/json/JSONObject;)Lscala/collection/immutable/Map; 19 <appendix> member <vmtarget> ; # com/mendix/basis/conf/JSONConverter$$$Lambda+0x00000217d25f9288
instanceKlass com/mendix/basis/conf/JSONConverter$
instanceKlass  @bci com/mendix/m2ee/appcontainer/jmx/statistics/package$ registerMBeans (Lcom/mendix/m2ee/appcontainer/jmx/statistics/JettyMXBean;Lcom/mendix/m2ee/appcontainer/jmx/statistics/JettyThreadPoolMXBean;)V 5 <appendix> member <vmtarget> ; # com/mendix/m2ee/appcontainer/jmx/statistics/package$$$Lambda+0x00000217d25f8af0
instanceKlass com/mendix/m2ee/appcontainer/jmx/statistics/package$
instanceKlass com/mendix/m2ee/appcontainer/jmx/statistics/JettyThreadPool
instanceKlass com/mendix/m2ee/appcontainer/jmx/statistics/Jetty
instanceKlass  @bci com/mendix/m2ee/appcontainer/actions/UpdateAppContainerConfigurationAction createHandler (Lorg/eclipse/jetty/server/Server;Lscala/Option;)Lorg/eclipse/jetty/server/Handler; 117 <appendix> argL0 ; # com/mendix/m2ee/appcontainer/actions/UpdateAppContainerConfigurationAction$$Lambda+0x00000217d25f5000
instanceKlass  @bci com/mendix/m2ee/appcontainer/actions/UpdateAppContainerConfigurationAction createHandler (Lorg/eclipse/jetty/server/Server;Lscala/Option;)Lorg/eclipse/jetty/server/Handler; 109 <appendix> argL0 ; # com/mendix/m2ee/appcontainer/actions/UpdateAppContainerConfigurationAction$$Lambda+0x00000217d25f7b08
instanceKlass  @bci com/mendix/m2ee/appcontainer/actions/UpdateAppContainerConfigurationAction createHandler (Lorg/eclipse/jetty/server/Server;Lscala/Option;)Lorg/eclipse/jetty/server/Handler; 100 <appendix> member <vmtarget> ; # com/mendix/m2ee/appcontainer/actions/UpdateAppContainerConfigurationAction$$Lambda+0x00000217d25f7728
instanceKlass  @bci com/mendix/m2ee/appcontainer/actions/UpdateAppContainerConfigurationAction createHandler (Lorg/eclipse/jetty/server/Server;Lscala/Option;)Lorg/eclipse/jetty/server/Handler; 89 <appendix> argL0 ; # com/mendix/m2ee/appcontainer/actions/UpdateAppContainerConfigurationAction$$Lambda+0x00000217d25f7370
instanceKlass javax/websocket/server/ServerContainer
instanceKlass javax/websocket/WebSocketContainer
instanceKlass org/eclipse/jetty/ee8/websocket/javax/server/config/JavaxWebSocketServletContainerInitializer
instanceKlass javax/servlet/ServletContainerInitializer
instanceKlass org/eclipse/jetty/ee8/nested/SessionHandler$CookieConfig
instanceKlass  @bci org/eclipse/jetty/util/statistic/CounterStatistic <init> ()V 9 <appendix> argL0 ; # org/eclipse/jetty/util/statistic/CounterStatistic$$Lambda+0x00000217d25f6440
instanceKlass org/eclipse/jetty/util/statistic/CounterStatistic
instanceKlass org/eclipse/jetty/server/Session$API
instanceKlass org/eclipse/jetty/session/SessionIdManager
instanceKlass org/eclipse/jetty/session/SessionDataStore
instanceKlass org/eclipse/jetty/session/SessionDataMap
instanceKlass org/eclipse/jetty/session/SessionCache
instanceKlass org/eclipse/jetty/session/SessionManager
instanceKlass javax/servlet/SessionCookieConfig
instanceKlass org/eclipse/jetty/server/Handler$Collection
instanceKlass  @bci com/mendix/m2ee/appcontainer/actions/UpdateAppContainerConfigurationAction createRuntimeServer (ILscala/Option;Lscala/Option;)Lorg/eclipse/jetty/server/Server; 22 <appendix> member <vmtarget> ; # com/mendix/m2ee/appcontainer/actions/UpdateAppContainerConfigurationAction$$Lambda+0x00000217d25f12f0
instanceKlass  @bci com/mendix/m2ee/appcontainer/actions/UpdateAppContainerConfigurationAction createHttpConfiguration$1 (Lscala/Option;)Lorg/eclipse/jetty/server/HttpConfiguration; 66 <appendix> member <vmtarget> ; # com/mendix/m2ee/appcontainer/actions/UpdateAppContainerConfigurationAction$$Lambda+0x00000217d25f0f10
instanceKlass  @bci com/mendix/m2ee/appcontainer/actions/UpdateAppContainerConfigurationAction createHttpConfiguration$1 (Lscala/Option;)Lorg/eclipse/jetty/server/HttpConfiguration; 56 <appendix> argL0 ; # com/mendix/m2ee/appcontainer/actions/UpdateAppContainerConfigurationAction$$Lambda+0x00000217d25f0b58
instanceKlass  @bci com/mendix/m2ee/appcontainer/actions/UpdateAppContainerConfigurationAction createHttpConfiguration$1 (Lscala/Option;)Lorg/eclipse/jetty/server/HttpConfiguration; 47 <appendix> member <vmtarget> ; # com/mendix/m2ee/appcontainer/actions/UpdateAppContainerConfigurationAction$$Lambda+0x00000217d25f0778
instanceKlass  @cpi com/mendix/modelstorage/UuidUtil$RichByteArray$ 63 form vmentry <vmtarget> ; # java/lang/invoke/LambdaForm$DMH+0x00000217d25f4000
instanceKlass scala/runtime/java8/JFunction1$mcVI$sp
instanceKlass  @bci com/mendix/m2ee/appcontainer/actions/UpdateAppContainerConfigurationAction createHttpConfiguration$1 (Lscala/Option;)Lorg/eclipse/jetty/server/HttpConfiguration; 37 <appendix> argL0 ; # com/mendix/m2ee/appcontainer/actions/UpdateAppContainerConfigurationAction$$Lambda+0x00000217d25efc20
instanceKlass  @bci com/mendix/m2ee/appcontainer/actions/UpdateAppContainerConfigurationAction instantiateServer (Lscala/Option;)Lorg/eclipse/jetty/server/Server; 60 <appendix> argL0 ; # com/mendix/m2ee/appcontainer/actions/UpdateAppContainerConfigurationAction$$Lambda+0x00000217d25ef000
instanceKlass  @bci com/mendix/m2ee/appcontainer/actions/UpdateAppContainerConfigurationAction instantiateServer (Lscala/Option;)Lorg/eclipse/jetty/server/Server; 52 <appendix> member <vmtarget> ; # com/mendix/m2ee/appcontainer/actions/UpdateAppContainerConfigurationAction$$Lambda+0x00000217d25eba80
instanceKlass  @bci com/mendix/m2ee/appcontainer/actions/UpdateAppContainerConfigurationAction instantiateServer (Lscala/Option;)Lorg/eclipse/jetty/server/Server; 43 <appendix> argL0 ; # com/mendix/m2ee/appcontainer/actions/UpdateAppContainerConfigurationAction$$Lambda+0x00000217d25eb6c8
instanceKlass com/mendix/m2ee/appcontainer/actions/UpdateAppContainerConfigurationAction$
instanceKlass  @bci com/mendix/m2ee/appcontainer/actions/UpdateAppContainerConfigurationAction instantiateServer (Lscala/Option;)Lorg/eclipse/jetty/server/Server; 30 <appendix> argL0 ; # com/mendix/m2ee/appcontainer/actions/UpdateAppContainerConfigurationAction$$Lambda+0x00000217d25eb208
instanceKlass  @bci com/mendix/m2ee/appcontainer/actions/UpdateAppContainerConfigurationAction instantiateServer (Lscala/Option;)Lorg/eclipse/jetty/server/Server; 22 <appendix> member <vmtarget> ; # com/mendix/m2ee/appcontainer/actions/UpdateAppContainerConfigurationAction$$Lambda+0x00000217d25eae28
instanceKlass scala/runtime/java8/JFunction1$mcII$sp
instanceKlass  @bci com/mendix/m2ee/appcontainer/actions/UpdateAppContainerConfigurationAction instantiateServer (Lscala/Option;)Lorg/eclipse/jetty/server/Server; 13 <appendix> argL0 ; # com/mendix/m2ee/appcontainer/actions/UpdateAppContainerConfigurationAction$$Lambda+0x00000217d25eaa70
instanceKlass  @bci com/mendix/basis/impl/MxRuntimeImpl$State toString ()Ljava/lang/String; 16 <appendix> argL0 ; # com/mendix/basis/impl/MxRuntimeImpl$State$$Lambda+0x00000217d25ea6b8
instanceKlass  @bci com/mendix/basis/impl/MxRuntimeImpl registerAdminActions ()V 338 <appendix> member <vmtarget> ; # com/mendix/basis/impl/MxRuntimeImpl$$Lambda+0x00000217d25ea408
instanceKlass  @bci com/mendix/basis/impl/MxRuntimeImpl registerAdminActions ()V 283 <appendix> member <vmtarget> ; # com/mendix/basis/impl/MxRuntimeImpl$$Lambda+0x00000217d25ea158
instanceKlass com/mendix/basis/action/admin/ActionStatus
instanceKlass  @bci com/mendix/basis/impl/MxRuntimeImpl registerAdminActions ()V 260 <appendix> member <vmtarget> ; # com/mendix/basis/impl/MxRuntimeImpl$$Lambda+0x00000217d25e9ea8
instanceKlass  @bci com/mendix/basis/impl/MxRuntimeImpl registerAdminActions ()V 238 <appendix> member <vmtarget> ; # com/mendix/basis/impl/MxRuntimeImpl$$Lambda+0x00000217d25e99a8
instanceKlass  @bci com/mendix/basis/impl/MxRuntimeImpl registerAdminActions ()V 198 <appendix> member <vmtarget> ; # com/mendix/basis/impl/MxRuntimeImpl$$Lambda+0x00000217d25e96f8
instanceKlass  @bci com/mendix/basis/impl/MxRuntimeImpl registerAdminActions ()V 176 <appendix> member <vmtarget> ; # com/mendix/basis/impl/MxRuntimeImpl$$Lambda+0x00000217d25e9448
instanceKlass  @bci com/mendix/basis/impl/MxRuntimeImpl registerAdminActions ()V 154 <appendix> member <vmtarget> ; # com/mendix/basis/impl/MxRuntimeImpl$$Lambda+0x00000217d25e9198
instanceKlass  @bci com/mendix/basis/impl/MxRuntimeImpl registerAdminActions ()V 30 <appendix> member <vmtarget> ; # com/mendix/basis/impl/MxRuntimeImpl$$Lambda+0x00000217d25e8ee8
instanceKlass  @bci com/mendix/basis/impl/MxRuntimeImpl initialize (Lcom/mendix/m2ee/api/InternalAppContainer;)V 46 <appendix> member <vmtarget> ; # com/mendix/basis/impl/MxRuntimeImpl$$Lambda+0x00000217d25e8b28
instanceKlass  @bci com/mendix/basis/impl/MxRuntimeImpl getAboutText ()Ljava/lang/String; 44 <appendix> form vmentry <vmtarget> ; # java/lang/invoke/LambdaForm$MH+0x00000217d25eec00
# instanceKlass java/lang/invoke/LambdaForm$MH+0x00000217d25ee800
# instanceKlass java/lang/invoke/LambdaForm$MH+0x00000217d25ee400
instanceKlass  @bci com/mendix/basis/impl/MxRuntimeImpl getAboutText ()Ljava/lang/String; 44 <appendix> argL4 form vmentry <vmtarget> ; # java/lang/invoke/LambdaForm$MH+0x00000217d25ee000
# instanceKlass java/lang/invoke/LambdaForm$MH+0x00000217d25edc00
# instanceKlass java/lang/invoke/LambdaForm$MH+0x00000217d25ed800
# instanceKlass java/lang/invoke/LambdaForm$MH+0x00000217d25ed400
# instanceKlass java/lang/invoke/LambdaForm$MH+0x00000217d25ed000
instanceKlass  @bci com/mendix/basis/impl/MxRuntimeImpl getAboutText ()Ljava/lang/String; 44 <appendix> argL1 form vmentry <vmtarget> ; # java/lang/invoke/LambdaForm$MH+0x00000217d25ecc00
# instanceKlass java/lang/invoke/LambdaForm$MH+0x00000217d25ec800
# instanceKlass java/lang/invoke/LambdaForm$MH+0x00000217d25ec400
# instanceKlass java/lang/invoke/LambdaForm$MH+0x00000217d25ec000
instanceKlass  @bci com/mendix/basis/impl/MxRuntimeImpl about ()Lscala/collection/immutable/Map; 235 <appendix> argL0 ; # com/mendix/basis/impl/MxRuntimeImpl$$Lambda+0x00000217d25e8770
instanceKlass  @bci com/mendix/basis/impl/MxRuntimeImpl $anonfun$about$5 (Lcom/mendix/modelstorage/ProjectModelStore;)Lscala/Option; 12 <appendix> argL0 ; # com/mendix/basis/impl/MxRuntimeImpl$$Lambda+0x00000217d25e83b8
instanceKlass  @bci com/mendix/basis/impl/MxRuntimeImpl about ()Lscala/collection/immutable/Map; 203 <appendix> argL0 ; # com/mendix/basis/impl/MxRuntimeImpl$$Lambda+0x00000217d25e8000
instanceKlass  @bci com/mendix/basis/impl/MxRuntimeImpl about ()Lscala/collection/immutable/Map; 181 <appendix> member <vmtarget> ; # com/mendix/basis/impl/MxRuntimeImpl$$Lambda+0x00000217d25e6c00
instanceKlass  @bci com/mendix/basis/impl/MxRuntimeImpl about ()Lscala/collection/immutable/Map; 154 <appendix> member <vmtarget> ; # com/mendix/basis/impl/MxRuntimeImpl$$Lambda+0x00000217d25e7b40
instanceKlass  @bci scala/collection/StringOps$ format$extension (Ljava/lang/String;Lscala/collection/immutable/Seq;)Ljava/lang/String; 3 <appendix> member <vmtarget> ; # scala/collection/StringOps$$$Lambda+0x00000217d25e2d80
instanceKlass com/mendix/build/BuildInfo$
instanceKlass com/mendix/basis/impl/ReleaseVersion
instanceKlass com/mendix/core/Core
instanceKlass com/mendix/basis/impl/Version
instanceKlass com/mendix/basis/impl/Version$
instanceKlass com/mendix/logging/impl/subscribers/JsonLinesSubscriber$
instanceKlass  @bci com/mendix/m2ee/appcontainer/actions/UpdateAppContainerConfigurationAction execute (Lcom/mendix/m2ee/appcontainer/actions/UpdateAppContainerConfigurationAction$Params;)V 121 <appendix> argL0 ; # com/mendix/m2ee/appcontainer/actions/UpdateAppContainerConfigurationAction$$Lambda+0x00000217d25d7d30
instanceKlass  @bci com/mendix/logging/impl/subscribers/LogMessageToJson$ toJson (Lcom/mendix/logging/LogMessage;Lcom/mendix/thirdparty/org/json/JSONObject;)Ljava/lang/String; 127 <appendix> argL0 ; # com/mendix/logging/impl/subscribers/LogMessageToJson$$$Lambda+0x00000217d25d7a68
instanceKlass  @cpi com/mendix/basis/objectmanagement/meta/metamodel/MetaPrimitiveImpl 211 form vmentry <vmtarget> ; # java/lang/invoke/LambdaForm$DMH+0x00000217d25e6800
instanceKlass scala/runtime/java8/JFunction0$mcZ$sp
instanceKlass  @bci com/mendix/m2ee/appcontainer/actions/UpdateAppContainerConfigurationAction$Params$ jettyOptions$2 (Lcom/mendix/thirdparty/org/json/JSONObject;)Lscala/Option; 12 <appendix> argL0 ; # com/mendix/m2ee/appcontainer/actions/UpdateAppContainerConfigurationAction$Params$$$Lambda+0x00000217d25d76b0
instanceKlass com/mendix/m2ee/appcontainer/config/RuntimeConfig$JettyConfig
instanceKlass  @bci com/mendix/logging/impl/subscribers/LogMessageToJson$ toJson (Lcom/mendix/logging/LogMessage;Lcom/mendix/thirdparty/org/json/JSONObject;)Ljava/lang/String; 112 <appendix> member <vmtarget> ; # com/mendix/logging/impl/subscribers/LogMessageToJson$$$Lambda+0x00000217d25d6fe0
instanceKlass  @bci com/mendix/logging/impl/subscribers/LogMessageToJson$ toJson (Lcom/mendix/logging/LogMessage;Lcom/mendix/thirdparty/org/json/JSONObject;)Ljava/lang/String; 93 <appendix> member <vmtarget> ; # com/mendix/logging/impl/subscribers/LogMessageToJson$$$Lambda+0x00000217d25d6c20
instanceKlass com/mendix/m2ee/appcontainer/util/LegacyJsonHelper$JSONObjectOps
instanceKlass com/mendix/logging/impl/subscribers/LogMessageToJson$
instanceKlass com/mendix/m2ee/appcontainer/util/LegacyJsonHelper$
instanceKlass  @bci com/mendix/logging/impl/LogNode publish (Lcom/mendix/logging/LogMessage;)V 36 <appendix> member <vmtarget> ; # com/mendix/logging/impl/LogNode$$Lambda+0x00000217d25d6258
instanceKlass com/mendix/m2ee/appcontainer/actions/UpdateAppContainerConfigurationAction$Params
instanceKlass com/mendix/m2ee/appcontainer/actions/UpdateAppContainerConfigurationAction$Params$
instanceKlass  @bci com/mendix/logging/impl/LogNode publish (Lcom/mendix/logging/LogMessage;)V 22 <appendix> member <vmtarget> ; # com/mendix/logging/impl/LogNode$$Lambda+0x00000217d25d59b0
instanceKlass scala/collection/convert/AsScalaExtensions$ConcurrentMapHasAsScala
instanceKlass  @bci org/hsqldb/Scanner replaceToken (Ljava/lang/String;)V 25 <appendix> form vmentry <vmtarget> ; # java/lang/invoke/LambdaForm$MH+0x00000217d25e6400
# instanceKlass java/lang/invoke/LambdaForm$MH+0x00000217d25e6000
instanceKlass  @bci org/hsqldb/Scanner replaceToken (Ljava/lang/String;)V 25 <appendix> argL3 form vmentry <vmtarget> ; # java/lang/invoke/LambdaForm$MH+0x00000217d25e5c00
# instanceKlass java/lang/invoke/LambdaForm$MH+0x00000217d25e5800
# instanceKlass java/lang/invoke/LambdaForm$MH+0x00000217d25e5400
# instanceKlass java/lang/invoke/LambdaForm$MH+0x00000217d25e5000
# instanceKlass java/lang/invoke/LambdaForm$MH+0x00000217d25e4c00
instanceKlass  @bci org/hsqldb/Scanner replaceToken (Ljava/lang/String;)V 25 <appendix> argL1 form vmentry <vmtarget> ; # java/lang/invoke/LambdaForm$MH+0x00000217d25e4800
# instanceKlass java/lang/invoke/LambdaForm$MH+0x00000217d25e4400
# instanceKlass java/lang/invoke/LambdaForm$MH+0x00000217d25e4000
# instanceKlass java/lang/invoke/LambdaForm$MH+0x00000217d25cf400
instanceKlass  @bci com/mendix/m2ee/appcontainer/actions/SetLoglevelAction $anonfun$execute$1 (Lcom/mendix/m2ee/appcontainer/actions/SetLoglevelAction;Lscala/collection/immutable/Map;Lcom/mendix/logging/LogSubscriber;)V 13 <appendix> member <vmtarget> ; # com/mendix/m2ee/appcontainer/actions/SetLoglevelAction$$Lambda+0x00000217d25d55f0
instanceKlass  @bci com/mendix/m2ee/appcontainer/actions/SetLoglevelAction $anonfun$execute$1 (Lcom/mendix/m2ee/appcontainer/actions/SetLoglevelAction;Lscala/collection/immutable/Map;Lcom/mendix/logging/LogSubscriber;)V 1 <appendix> argL0 ; # com/mendix/m2ee/appcontainer/actions/SetLoglevelAction$$Lambda+0x00000217d25d5238
instanceKlass  @bci com/mendix/m2ee/appcontainer/actions/SetLoglevelAction execute (Lcom/mendix/thirdparty/org/json/JSONObject;)Lcom/mendix/thirdparty/org/json/JSONObject; 27 <appendix> member <vmtarget> ; # com/mendix/m2ee/appcontainer/actions/SetLoglevelAction$$Lambda+0x00000217d25d4e78
instanceKlass scala/collection/immutable/VectorInline$
instanceKlass  @bci com/mendix/m2ee/appcontainer/actions/SetLoglevelAction determineLogLevel (Lcom/mendix/thirdparty/org/json/JSONObject;)Lcom/mendix/logging/LogLevel; 21 <appendix> member <vmtarget> ; # com/mendix/m2ee/appcontainer/actions/SetLoglevelAction$$Lambda+0x00000217d25d4bc8
instanceKlass  @bci com/mendix/m2ee/appcontainer/actions/SetLoglevelAction determineLogLevel (Lcom/mendix/thirdparty/org/json/JSONObject;)Lcom/mendix/logging/LogLevel; 12 <appendix> member <vmtarget> ; # com/mendix/m2ee/appcontainer/actions/SetLoglevelAction$$Lambda+0x00000217d25d4918
instanceKlass scala/collection/immutable/VectorBuilder
instanceKlass  @bci com/mendix/m2ee/appcontainer/actions/SetLoglevelAction determineNodeLevels (Lcom/mendix/thirdparty/org/json/JSONObject;Z)Lscala/collection/immutable/Map; 129 <appendix> member <vmtarget> ; # com/mendix/m2ee/appcontainer/actions/SetLoglevelAction$$Lambda+0x00000217d25d4558
instanceKlass  @bci com/mendix/m2ee/appcontainer/actions/SetLoglevelAction determineSubscriber (Ljava/lang/String;)Lcom/mendix/logging/LogSubscriber; 17 <appendix> member <vmtarget> ; # com/mendix/m2ee/appcontainer/actions/SetLoglevelAction$$Lambda+0x00000217d25d42a8
instanceKlass  @bci com/mendix/m2ee/appcontainer/actions/GetLogSettingsAction execute (Lcom/mendix/thirdparty/org/json/JSONObject;)Lcom/mendix/thirdparty/org/json/JSONObject; 41 <appendix> argL0 ; # com/mendix/m2ee/appcontainer/actions/GetLogSettingsAction$$Lambda+0x00000217d25d4000
instanceKlass  @bci com/mendix/m2ee/appcontainer/actions/GetLogSettingsAction execute (Lcom/mendix/thirdparty/org/json/JSONObject;)Lcom/mendix/thirdparty/org/json/JSONObject; 33 <appendix> member <vmtarget> ; # com/mendix/m2ee/appcontainer/actions/GetLogSettingsAction$$Lambda+0x00000217d25cbb90
instanceKlass  @bci com/mendix/m2ee/appcontainer/actions/GetLogSettingsAction getNodes (Lcom/mendix/logging/LogSubscriber;)Lcom/mendix/thirdparty/org/json/JSONObject; 98 <appendix> member <vmtarget> ; # com/mendix/m2ee/appcontainer/actions/GetLogSettingsAction$$Lambda+0x00000217d25cb7d0
instanceKlass  @bci com/mendix/m2ee/appcontainer/actions/GetLogSettingsAction getNodes (Lcom/mendix/logging/LogSubscriber;)Lcom/mendix/thirdparty/org/json/JSONObject; 87 <appendix> member <vmtarget> ; # com/mendix/m2ee/appcontainer/actions/GetLogSettingsAction$$Lambda+0x00000217d25cb410
instanceKlass  @bci com/mendix/m2ee/appcontainer/actions/GetLogSettingsAction getNodes (Lcom/mendix/logging/LogSubscriber;)Lcom/mendix/thirdparty/org/json/JSONObject; 76 <appendix> member <vmtarget> ; # com/mendix/m2ee/appcontainer/actions/GetLogSettingsAction$$Lambda+0x00000217d25cb050
instanceKlass  @bci com/mendix/m2ee/appcontainer/actions/GetLogSettingsAction getNodes (Lcom/mendix/logging/LogSubscriber;)Lcom/mendix/thirdparty/org/json/JSONObject; 65 <appendix> argL0 ; # com/mendix/m2ee/appcontainer/actions/GetLogSettingsAction$$Lambda+0x00000217d25cac98
instanceKlass scala/collection/convert/AsScalaExtensions$CollectionHasAsScala
instanceKlass  @bci com/mendix/m2ee/appcontainer/actions/GetLogSettingsAction $anonfun$execute$2 (Lcom/mendix/m2ee/appcontainer/actions/GetLogSettingsAction;Lcom/mendix/thirdparty/org/json/JSONObject;)Lscala/Option; 13 <appendix> member <vmtarget> ; # com/mendix/m2ee/appcontainer/actions/GetLogSettingsAction$$Lambda+0x00000217d25ca8d8
instanceKlass  @bci com/mendix/m2ee/appcontainer/actions/GetLogSettingsAction execute (Lcom/mendix/thirdparty/org/json/JSONObject;)Lcom/mendix/thirdparty/org/json/JSONObject; 23 <appendix> member <vmtarget> ; # com/mendix/m2ee/appcontainer/actions/GetLogSettingsAction$$Lambda+0x00000217d25ca628
instanceKlass  @bci com/mendix/m2ee/appcontainer/actions/GetLogSettingsAction execute (Lcom/mendix/thirdparty/org/json/JSONObject;)Lcom/mendix/thirdparty/org/json/JSONObject; 13 <appendix> member <vmtarget> ; # com/mendix/m2ee/appcontainer/actions/GetLogSettingsAction$$Lambda+0x00000217d25ca268
instanceKlass  @bci com/mendix/logging/impl/subscribers/JsonLinesSubscriber <init> (Ljava/lang/String;Lcom/mendix/logging/LogLevel;Lcom/mendix/logging/ILogNode;Lcom/mendix/logging/impl/subscribers/TcpJsonLinesConfig;Lscala/Function0;Lscala/Function1;Lscala/Function1;)V 152 <appendix> member <vmtarget> ; # com/mendix/logging/impl/subscribers/JsonLinesSubscriber$$Lambda+0x00000217d25ca050
instanceKlass  @bci com/mendix/logging/impl/subscribers/QueueFullErrorHandler$ apply (Ljava/lang/String;Ljava/util/Queue;Lcom/mendix/logging/impl/subscribers/TcpJsonLinesConfig;Lscala/concurrent/duration/FiniteDuration;)Lscala/Function0; 34 <appendix> member <vmtarget> ; # com/mendix/logging/impl/subscribers/QueueFullErrorHandler$$$Lambda+0x00000217d25c9d80
instanceKlass  @bci com/mendix/logging/impl/Logging$ systemErrPrintln ()Lscala/Function1; 0 <appendix> argL0 ; # com/mendix/logging/impl/Logging$$$Lambda+0x00000217d25c99c8
instanceKlass  @bci com/mendix/logging/impl/subscribers/QueueFullErrorHandler$ apply (Ljava/lang/String;Ljava/util/Queue;Lcom/mendix/logging/impl/subscribers/TcpJsonLinesConfig;Lscala/concurrent/duration/FiniteDuration;)Lscala/Function0; 6 <appendix> member <vmtarget> ; # com/mendix/logging/impl/subscribers/QueueFullErrorHandler$$$Lambda+0x00000217d25c96f8
instanceKlass com/mendix/logging/impl/subscribers/QueueFullErrorHandler
instanceKlass com/mendix/logging/impl/subscribers/QueueFullErrorHandler$
instanceKlass  @bci com/mendix/logging/impl/Logging$RichErrorOr getOrThrow ()Ljava/lang/Object; 9 <appendix> argL0 ; # com/mendix/logging/impl/Logging$RichErrorOr$$Lambda+0x00000217d25c8f48
instanceKlass  @bci com/mendix/logging/impl/Logging$RichErrorOr getOrThrow ()Ljava/lang/Object; 4 <appendix> argL0 ; # com/mendix/logging/impl/Logging$RichErrorOr$$Lambda+0x00000217d25c8b90
instanceKlass com/mendix/logging/impl/Logging$RichErrorOr
instanceKlass sun/net/spi/DefaultProxySelector$3
instanceKlass sun/net/spi/DefaultProxySelector$NonProxyInfo
instanceKlass sun/net/spi/DefaultProxySelector$1
instanceKlass java/net/Proxy
instanceKlass java/net/ProxySelector
instanceKlass java/net/SocksSocketImpl$3
instanceKlass java/net/SocksConsts
instanceKlass com/mendix/logging/impl/Logging$
instanceKlass  @bci com/mendix/logging/impl/subscribers/TcpJsonLinesSubscriber getDescription ()Ljava/lang/String; 21 <appendix> form vmentry <vmtarget> ; # java/lang/invoke/LambdaForm$MH+0x00000217d25cf000
# instanceKlass java/lang/invoke/LambdaForm$MH+0x00000217d25cec00
instanceKlass  @bci com/mendix/logging/impl/subscribers/TcpJsonLinesSubscriber getDescription ()Ljava/lang/String; 21 <appendix> form names 8 function resolvedHandle form vmentry <vmtarget> ; # java/lang/invoke/LambdaForm$DMH+0x00000217d25ce800
instanceKlass  @bci com/mendix/logging/impl/subscribers/TcpJsonLinesSubscriber getDescription ()Ljava/lang/String; 21 <appendix> argL3 form vmentry <vmtarget> ; # java/lang/invoke/LambdaForm$MH+0x00000217d25ce400
# instanceKlass java/lang/invoke/LambdaForm$MH+0x00000217d25ce000
# instanceKlass java/lang/invoke/LambdaForm$MH+0x00000217d25cdc00
# instanceKlass java/lang/invoke/LambdaForm$MH+0x00000217d25cd800
# instanceKlass java/lang/invoke/LambdaForm$MH+0x00000217d25cd400
instanceKlass  @bci com/mendix/logging/impl/subscribers/TcpJsonLinesSubscriber getDescription ()Ljava/lang/String; 21 <appendix> form names 12 function resolvedHandle form vmentry <vmtarget> ; # java/lang/invoke/LambdaForm$DMH+0x00000217d25cd000
instanceKlass  @bci com/mendix/logging/impl/subscribers/TcpJsonLinesSubscriber getDescription ()Ljava/lang/String; 21 <appendix> argL1 form vmentry <vmtarget> ; # java/lang/invoke/LambdaForm$MH+0x00000217d25ccc00
# instanceKlass java/lang/invoke/LambdaForm$MH+0x00000217d25cc800
# instanceKlass java/lang/invoke/LambdaForm$MH+0x00000217d25cc400
# instanceKlass java/lang/invoke/LambdaForm$MH+0x00000217d25cc000
instanceKlass scala/Function2$mcVIJ$sp
instanceKlass  @bci scala/collection/immutable/LazyList zip (Lscala/collection/IterableOnce;)Lscala/collection/immutable/LazyList; 56 <appendix> member <vmtarget> ; # scala/collection/immutable/LazyList$$Lambda+0x00000217d256fc90
instanceKlass  @bci scala/collection/immutable/LazyList$ from (II)Lscala/collection/immutable/LazyList; 2 <appendix> member <vmtarget> ; # scala/collection/immutable/LazyList$$$Lambda+0x00000217d256f9e8
instanceKlass  @cpi scala/collection/immutable/LazyList$ 403 form vmentry <vmtarget> ; # java/lang/invoke/LambdaForm$DMH+0x00000217d25c7000
instanceKlass  @bci com/mendix/logging/impl/subscribers/TcpJsonLinesSubscriber$ $anonfun$fromJson$1 (Ljava/lang/String;Lcom/mendix/logging/LogLevel;Lcom/mendix/logging/impl/LogManager;Lcom/mendix/logging/ILogNode;Lcom/mendix/logging/impl/subscribers/TcpJsonLinesConfig;)Lcom/mendix/logging/impl/subscribers/TcpJsonLinesSubscriber; 10 <appendix> argL0 ; # com/mendix/logging/impl/subscribers/TcpJsonLinesSubscriber$$$Lambda+0x00000217d25c3370
instanceKlass  @bci com/mendix/logging/impl/subscribers/TcpJsonLinesSubscriber$ fromJson (Ljava/lang/String;Lcom/mendix/logging/LogLevel;Lcom/mendix/logging/impl/LogManager;Lcom/mendix/logging/ILogNode;Lcom/mendix/thirdparty/org/json/JSONObject;)Lcom/mendix/logging/LogSubscriber; 13 <appendix> member <vmtarget> ; # com/mendix/logging/impl/subscribers/TcpJsonLinesSubscriber$$$Lambda+0x00000217d25c2fb0
instanceKlass  @bci com/mendix/logging/impl/subscribers/TcpJsonLinesConfig$ $anonfun$fromJson$7 (Lcom/mendix/thirdparty/org/json/JSONObject;Ljava/net/InetAddress;ILscala/collection/immutable/LazyList;IJ)Lscala/util/Either; 14 <adapter> ; # java/lang/invoke/LambdaForm$MH+0x00000217d25c6c00
# instanceKlass java/lang/invoke/LambdaForm$DMH+0x00000217d25c6800
instanceKlass  @bci com/mendix/logging/impl/subscribers/TcpJsonLinesConfig$ $anonfun$fromJson$7 (Lcom/mendix/thirdparty/org/json/JSONObject;Ljava/net/InetAddress;ILscala/collection/immutable/LazyList;IJ)Lscala/util/Either; 14 <appendix> form vmentry <vmtarget> ; # java/lang/invoke/LambdaForm$DMH+0x00000217d25c6400
instanceKlass  @bci com/mendix/logging/impl/subscribers/TcpJsonLinesConfig$ $anonfun$fromJson$7 (Lcom/mendix/thirdparty/org/json/JSONObject;Ljava/net/InetAddress;ILscala/collection/immutable/LazyList;IJ)Lscala/util/Either; 14 <appendix> member <vmtarget> ; # com/mendix/logging/impl/subscribers/TcpJsonLinesConfig$$$Lambda+0x00000217d25c2bf0
instanceKlass  @cpi com/mendix/logging/impl/subscribers/TcpJsonLinesConfig$ 582 form vmentry <vmtarget> ; # java/lang/invoke/LambdaForm$DMH+0x00000217d25c6000
instanceKlass com/mendix/logging/impl/subscribers/TcpJsonLinesConfig
instanceKlass  @bci com/mendix/logging/impl/subscribers/TcpJsonLinesConfig$ tcpNoDelay (Lcom/mendix/thirdparty/org/json/JSONObject;)Lscala/util/Either; 12 <appendix> argL0 ; # com/mendix/logging/impl/subscribers/TcpJsonLinesConfig$$$Lambda+0x00000217d25c2530
instanceKlass  @bci com/mendix/logging/impl/subscribers/TcpJsonLinesConfig$ tcpNoDelay (Lcom/mendix/thirdparty/org/json/JSONObject;)Lscala/util/Either; 4 <appendix> member <vmtarget> ; # com/mendix/logging/impl/subscribers/TcpJsonLinesConfig$$$Lambda+0x00000217d25c2280
instanceKlass  @bci com/mendix/logging/impl/subscribers/TcpJsonLinesConfig$ $anonfun$fromJson$6 (Lcom/mendix/thirdparty/org/json/JSONObject;Ljava/net/InetAddress;ILscala/collection/immutable/LazyList;I)Lscala/util/Either; 13 <adapter> ; # java/lang/invoke/LambdaForm$MH+0x00000217d25c5c00
# instanceKlass java/lang/invoke/LambdaForm$DMH+0x00000217d25c5800
instanceKlass  @bci com/mendix/logging/impl/subscribers/TcpJsonLinesConfig$ $anonfun$fromJson$6 (Lcom/mendix/thirdparty/org/json/JSONObject;Ljava/net/InetAddress;ILscala/collection/immutable/LazyList;I)Lscala/util/Either; 13 <appendix> form vmentry <vmtarget> ; # java/lang/invoke/LambdaForm$DMH+0x00000217d25c5400
instanceKlass  @bci com/mendix/logging/impl/subscribers/TcpJsonLinesConfig$ $anonfun$fromJson$6 (Lcom/mendix/thirdparty/org/json/JSONObject;Ljava/net/InetAddress;ILscala/collection/immutable/LazyList;I)Lscala/util/Either; 13 <appendix> member <vmtarget> ; # com/mendix/logging/impl/subscribers/TcpJsonLinesConfig$$$Lambda+0x00000217d25c1ec0
instanceKlass  @cpi com/mendix/logging/impl/subscribers/TcpJsonLinesConfig$ 597 form vmentry <vmtarget> ; # java/lang/invoke/LambdaForm$DMH+0x00000217d25c5000
instanceKlass  @bci com/mendix/logging/impl/subscribers/TcpJsonLinesConfig$ timeOut (Lcom/mendix/thirdparty/org/json/JSONObject;)Lscala/util/Either; 12 <appendix> argL0 ; # com/mendix/logging/impl/subscribers/TcpJsonLinesConfig$$$Lambda+0x00000217d25c1b08
instanceKlass  @bci com/mendix/logging/impl/subscribers/TcpJsonLinesConfig$ timeOut (Lcom/mendix/thirdparty/org/json/JSONObject;)Lscala/util/Either; 4 <appendix> member <vmtarget> ; # com/mendix/logging/impl/subscribers/TcpJsonLinesConfig$$$Lambda+0x00000217d25c1858
instanceKlass  @bci com/mendix/logging/impl/subscribers/TcpJsonLinesConfig$ $anonfun$fromJson$5 (Lcom/mendix/thirdparty/org/json/JSONObject;Ljava/net/InetAddress;ILscala/collection/immutable/LazyList;)Lscala/util/Either; 11 <adapter> ; # java/lang/invoke/LambdaForm$MH+0x00000217d25c4c00
# instanceKlass java/lang/invoke/LambdaForm$DMH+0x00000217d25c4800
instanceKlass  @bci com/mendix/logging/impl/subscribers/TcpJsonLinesConfig$ $anonfun$fromJson$5 (Lcom/mendix/thirdparty/org/json/JSONObject;Ljava/net/InetAddress;ILscala/collection/immutable/LazyList;)Lscala/util/Either; 11 <appendix> form vmentry <vmtarget> ; # java/lang/invoke/LambdaForm$DMH+0x00000217d25c4400
instanceKlass  @bci com/mendix/logging/impl/subscribers/TcpJsonLinesConfig$ $anonfun$fromJson$5 (Lcom/mendix/thirdparty/org/json/JSONObject;Ljava/net/InetAddress;ILscala/collection/immutable/LazyList;)Lscala/util/Either; 11 <appendix> member <vmtarget> ; # com/mendix/logging/impl/subscribers/TcpJsonLinesConfig$$$Lambda+0x00000217d25c1498
instanceKlass  @cpi com/mendix/logging/impl/subscribers/TcpJsonLinesConfig$ 611 form vmentry <vmtarget> ; # java/lang/invoke/LambdaForm$DMH+0x00000217d25c4000
instanceKlass  @bci com/mendix/logging/impl/subscribers/TcpJsonLinesConfig$ bufferSize (Lcom/mendix/thirdparty/org/json/JSONObject;)Lscala/util/Either; 9 <appendix> member <vmtarget> ; # com/mendix/logging/impl/subscribers/TcpJsonLinesConfig$$$Lambda+0x00000217d25c11c8
instanceKlass  @bci com/mendix/logging/impl/subscribers/TcpJsonLinesConfig$ $anonfun$fromJson$4 (Lcom/mendix/thirdparty/org/json/JSONObject;Ljava/net/InetAddress;I)Lscala/util/Either; 10 <appendix> member <vmtarget> ; # com/mendix/logging/impl/subscribers/TcpJsonLinesConfig$$$Lambda+0x00000217d25c0e08
instanceKlass scala/util/control/NonFatal$
instanceKlass  @bci com/mendix/logging/impl/subscribers/TcpJsonLinesConfig$ $anonfun$fromJson$3 (Lcom/mendix/thirdparty/org/json/JSONObject;Ljava/net/InetAddress;)Lscala/util/Either; 9 <appendix> member <vmtarget> ; # com/mendix/logging/impl/subscribers/TcpJsonLinesConfig$$$Lambda+0x00000217d25c0a48
instanceKlass  @bci com/mendix/logging/impl/subscribers/TcpJsonLinesConfig$ $anonfun$port$1 (Ljava/lang/String;)Lscala/util/Either; 19 <appendix> member <vmtarget> ; # com/mendix/logging/impl/subscribers/TcpJsonLinesConfig$$$Lambda+0x00000217d25c0688
instanceKlass  @bci com/mendix/logging/impl/subscribers/TcpJsonLinesConfig$ $anonfun$port$1 (Ljava/lang/String;)Lscala/util/Either; 4 <appendix> member <vmtarget> ; # com/mendix/logging/impl/subscribers/TcpJsonLinesConfig$$$Lambda+0x00000217d25c03b8
instanceKlass  @bci com/mendix/logging/impl/subscribers/TcpJsonLinesConfig$ port (Lcom/mendix/thirdparty/org/json/JSONObject;)Lscala/util/Either; 9 <appendix> argL0 ; # com/mendix/logging/impl/subscribers/TcpJsonLinesConfig$$$Lambda+0x00000217d25c0000
instanceKlass  @bci com/mendix/logging/impl/subscribers/TcpJsonLinesConfig$ $anonfun$fromJson$2 (Lcom/mendix/thirdparty/org/json/JSONObject;)Lscala/util/Either; 8 <appendix> member <vmtarget> ; # com/mendix/logging/impl/subscribers/TcpJsonLinesConfig$$$Lambda+0x00000217d25bd400
instanceKlass  @bci com/mendix/logging/impl/subscribers/TcpJsonLinesConfig$ $anonfun$host$1 (Ljava/lang/String;)Lscala/util/Either; 19 <appendix> member <vmtarget> ; # com/mendix/logging/impl/subscribers/TcpJsonLinesConfig$$$Lambda+0x00000217d25bdbb8
instanceKlass  @bci com/mendix/logging/impl/subscribers/TcpJsonLinesConfig$ $anonfun$host$1 (Ljava/lang/String;)Lscala/util/Either; 4 <appendix> member <vmtarget> ; # com/mendix/logging/impl/subscribers/TcpJsonLinesConfig$$$Lambda+0x00000217d25bfcf0
instanceKlass  @bci com/mendix/logging/impl/subscribers/TcpJsonLinesConfig$ host (Lcom/mendix/thirdparty/org/json/JSONObject;)Lscala/util/Either; 9 <appendix> argL0 ; # com/mendix/logging/impl/subscribers/TcpJsonLinesConfig$$$Lambda+0x00000217d25bd800
instanceKlass  @bci com/mendix/logging/impl/subscribers/TcpJsonLinesConfig$ getValue (Lcom/mendix/thirdparty/org/json/JSONObject;Ljava/lang/String;)Lscala/util/Either; 20 <appendix> member <vmtarget> ; # com/mendix/logging/impl/subscribers/TcpJsonLinesConfig$$$Lambda+0x00000217d25bf930
instanceKlass scala/util/Either$LeftProjection
instanceKlass  @bci com/mendix/logging/impl/subscribers/TcpJsonLinesConfig$ getValue (Lcom/mendix/thirdparty/org/json/JSONObject;Ljava/lang/String;)Lscala/util/Either; 5 <appendix> member <vmtarget> ; # com/mendix/logging/impl/subscribers/TcpJsonLinesConfig$$$Lambda+0x00000217d25bf680
instanceKlass  @bci com/mendix/logging/impl/subscribers/TcpJsonLinesConfig$ fromJson (Lcom/mendix/thirdparty/org/json/JSONObject;)Lscala/util/Either; 15 <appendix> argL0 ; # com/mendix/logging/impl/subscribers/TcpJsonLinesConfig$$$Lambda+0x00000217d25bf2c8
instanceKlass  @bci com/mendix/logging/impl/subscribers/TcpJsonLinesConfig$ fromJson (Lcom/mendix/thirdparty/org/json/JSONObject;)Lscala/util/Either; 7 <appendix> argL0 ; # com/mendix/logging/impl/subscribers/TcpJsonLinesConfig$$$Lambda+0x00000217d25bf020
instanceKlass  @bci scala/collection/immutable/LazyList map (Lscala/Function1;)Lscala/collection/immutable/LazyList; 46 <appendix> member <vmtarget> ; # scala/collection/immutable/LazyList$$Lambda+0x00000217d256f2d8
instanceKlass  @bci com/mendix/logging/impl/subscribers/TcpJsonLinesConfig$ <clinit> ()V 128 <appendix> argL0 ; # com/mendix/logging/impl/subscribers/TcpJsonLinesConfig$$$Lambda+0x00000217d25bec48
instanceKlass  @cpi com/mendix/logging/impl/subscribers/TcpJsonLinesConfig$ 129 form vmentry <vmtarget> ; # java/lang/invoke/LambdaForm$DMH+0x00000217d25bd000
# instanceKlass java/lang/invoke/LambdaForm$DMH+0x00000217d25bcc00
instanceKlass scala/runtime/java8/JFunction1$mcJJ$sp
instanceKlass  @bci scala/collection/immutable/LazyList appendedAll (Lscala/collection/IterableOnce;)Lscala/collection/immutable/LazyList; 54 <appendix> member <vmtarget> ; # scala/collection/immutable/LazyList$$Lambda+0x00000217d256ee38
instanceKlass  @bci scala/collection/immutable/LazyList appendedAll (Lscala/collection/IterableOnce;)Lscala/collection/immutable/LazyList; 42 <appendix> member <vmtarget> ; # scala/collection/immutable/LazyList$$Lambda+0x00000217d256eb88
instanceKlass  @bci scala/collection/immutable/LazyList$ continually (Lscala/Function0;)Lscala/collection/immutable/LazyList; 1 <appendix> member <vmtarget> ; # scala/collection/immutable/LazyList$$$Lambda+0x00000217d256e8d8
instanceKlass  @bci com/mendix/logging/impl/subscribers/TcpJsonLinesConfig$ <clinit> ()V 112 <appendix> argL0 ; # com/mendix/logging/impl/subscribers/TcpJsonLinesConfig$$$Lambda+0x00000217d25be980
instanceKlass  @cpi com/mendix/logging/impl/subscribers/TcpJsonLinesConfig$ 103 form vmentry <vmtarget> ; # java/lang/invoke/LambdaForm$DMH+0x00000217d25bc800
# instanceKlass java/lang/invoke/LambdaForm$DMH+0x00000217d25bc400
instanceKlass scala/runtime/java8/JFunction0$mcJ$sp
instanceKlass  @bci scala/collection/immutable/LazyList$ from (Lscala/collection/IterableOnce;)Lscala/collection/immutable/LazyList; 28 <appendix> member <vmtarget> ; # scala/collection/immutable/LazyList$$$Lambda+0x00000217d256e438
instanceKlass com/mendix/logging/impl/subscribers/TcpJsonLinesConfig$
instanceKlass com/mendix/logging/impl/subscribers/TcpJsonLinesSubscriber$
instanceKlass org/eclipse/jetty/ee8/nested/Authentication$5
instanceKlass org/eclipse/jetty/ee8/nested/Authentication$SendSuccess
instanceKlass org/eclipse/jetty/ee8/nested/Authentication$4
instanceKlass org/eclipse/jetty/ee8/nested/Authentication$Failure
instanceKlass org/eclipse/jetty/ee8/nested/Authentication$3
instanceKlass org/eclipse/jetty/ee8/nested/Authentication$Challenge
instanceKlass org/eclipse/jetty/ee8/nested/Authentication$ResponseSent
instanceKlass org/eclipse/jetty/ee8/nested/Authentication$2
instanceKlass org/eclipse/jetty/ee8/nested/Authentication$1
instanceKlass org/eclipse/jetty/ee8/nested/Authentication
instanceKlass org/eclipse/jetty/http/MultiPartFormData$Parts
instanceKlass org/eclipse/jetty/util/Callback$3
instanceKlass  @bci org/eclipse/jetty/ee8/nested/HttpChannel handle ()Z 700 <appendix> member <vmtarget> ; # org/eclipse/jetty/ee8/nested/HttpChannel$$Lambda+0x00000217d25ba400
instanceKlass  @bci org/eclipse/jetty/ee8/nested/HttpChannel handle ()Z 686 <appendix> member <vmtarget> ; # org/eclipse/jetty/ee8/nested/HttpChannel$$Lambda+0x00000217d25ba1e8
instanceKlass  @bci org/eclipse/jetty/server/handler/ContextResponse$1 succeeded ()V 16 <appendix> member <vmtarget> ; # org/eclipse/jetty/server/handler/ContextResponse$1$$Lambda+0x00000217d25b9fd0
instanceKlass org/eclipse/jetty/util/thread/Invocable$Task$Abstract
instanceKlass  @bci org/eclipse/jetty/server/internal/HttpChannelState$ChannelResponse succeeded ()V 106 <appendix> member <vmtarget> ; # org/eclipse/jetty/server/internal/HttpChannelState$ChannelResponse$$Lambda+0x00000217d25b93f8
instanceKlass  @bci org/eclipse/jetty/io/ArrayByteBufferPool getTotalMemory (Z)J 2 <appendix> argL0 ; # org/eclipse/jetty/io/ArrayByteBufferPool$$Lambda+0x00000217d25b91e8
instanceKlass  @cpi org/eclipse/jetty/io/ArrayByteBufferPool 602 form vmentry <vmtarget> ; # java/lang/invoke/LambdaForm$DMH+0x00000217d25bc000
instanceKlass java/util/function/ToLongFunction
instanceKlass org/eclipse/jetty/util/ConcurrentPool$Holder
instanceKlass org/eclipse/jetty/util/ConcurrentPool$ConcurrentEntry
instanceKlass org/eclipse/jetty/io/WriteFlusher$Listener
instanceKlass sun/nio/ch/IOVecWrapper$Deallocator
instanceKlass sun/nio/ch/NativeObject
instanceKlass sun/nio/ch/IOVecWrapper
instanceKlass org/eclipse/jetty/http/HttpGenerator$1
instanceKlass org/eclipse/jetty/server/handler/ContextResponse$1
instanceKlass org/eclipse/jetty/util/Callback$Nested
instanceKlass org/eclipse/jetty/util/Callback$Completing
instanceKlass com/mendix/thirdparty/org/json/JSONString
instanceKlass com/mendix/m2ee/appcontainer/server/handler/HttpAdminHandlerBase$AdminActionInfo
instanceKlass  @bci com/mendix/m2ee/appcontainer/AppContainer getAdminActionByString (Lcom/mendix/m2ee/appcontainer/AppContainerConstants$Account;Ljava/lang/String;)Lcom/mendix/m2ee/api/internal/AdminAction; 217 <appendix> argL0 ; # com/mendix/m2ee/appcontainer/AppContainer$$Lambda+0x00000217d25b32b8
instanceKlass com/mendix/m2ee/appcontainer/server/Constants
instanceKlass com/mendix/thirdparty/org/json/JSONTokener
instanceKlass  @bci org/eclipse/jetty/io/Retainable$ReferenceCounter release ()Z 5 <appendix> member <vmtarget> ; # org/eclipse/jetty/io/Retainable$ReferenceCounter$$Lambda+0x00000217d25b2e88
instanceKlass org/eclipse/jetty/http/Trailers
instanceKlass org/eclipse/jetty/io/internal/ByteBufferChunk
instanceKlass  @bci org/eclipse/jetty/io/Retainable$ReferenceCounter tryRetain ()Z 4 <appendix> argL0 ; # org/eclipse/jetty/io/Retainable$ReferenceCounter$$Lambda+0x00000217d25b23e0
instanceKlass org/eclipse/jetty/io/Content$Chunk$2
instanceKlass org/eclipse/jetty/io/Content$Chunk$1
instanceKlass org/apache/commons/io/Charsets
instanceKlass  @bci org/apache/commons/io/IOUtils <clinit> ()V 53 <appendix> argL0 ; # org/apache/commons/io/IOUtils$$Lambda+0x00000217d25b1a48
instanceKlass  @bci org/apache/commons/io/IOUtils <clinit> ()V 36 <appendix> argL0 ; # org/apache/commons/io/IOUtils$$Lambda+0x00000217d25b1838
instanceKlass org/apache/commons/io/IOUtils
instanceKlass org/eclipse/jetty/http/ImmutableHttpFields$Listerator
instanceKlass com/mendix/thirdparty/org/json/JSONObject$Null
instanceKlass org/eclipse/jetty/server/internal/ResponseHttpFields$2
instanceKlass org/eclipse/jetty/http/MutableHttpFields$Listerator
instanceKlass javax/servlet/ServletResponseWrapper
instanceKlass javax/servlet/ServletRequestWrapper
instanceKlass org/eclipse/jetty/ee8/nested/HttpChannel$1
instanceKlass  @bci org/eclipse/jetty/ee8/nested/ContextHandler$CoreContextHandler$CoreToNestedHandler handle (Lorg/eclipse/jetty/server/Request;Lorg/eclipse/jetty/server/Response;Lorg/eclipse/jetty/util/Callback;)Z 3 <appendix> argL0 ; # org/eclipse/jetty/ee8/nested/ContextHandler$CoreContextHandler$CoreToNestedHandler$$Lambda+0x00000217d25ab0c0
instanceKlass org/eclipse/jetty/server/Response$Wrapper
instanceKlass org/eclipse/jetty/server/HttpStream$Wrapper
instanceKlass  @bci org/eclipse/jetty/server/Request addCompletionListener (Lorg/eclipse/jetty/server/Request;Ljava/util/function/Consumer;)V 2 <appendix> member <vmtarget> ; # org/eclipse/jetty/server/Request$$Lambda+0x00000217d25aa270
instanceKlass  @bci org/eclipse/jetty/ee8/nested/ContextHandler$CoreContextHandler wrapRequest (Lorg/eclipse/jetty/server/Request;Lorg/eclipse/jetty/server/Response;)Lorg/eclipse/jetty/server/handler/ContextRequest; 153 <appendix> member <vmtarget> ; # org/eclipse/jetty/ee8/nested/ContextHandler$CoreContextHandler$$Lambda+0x00000217d25aa048
instanceKlass org/eclipse/jetty/util/Attributes$Synthetic$1
instanceKlass  @bci org/eclipse/jetty/server/handler/ContextRequest addIdleTimeoutListener (Ljava/util/function/Predicate;)V 3 <appendix> member <vmtarget> ; # org/eclipse/jetty/server/handler/ContextRequest$$Lambda+0x00000217d25a96d0
instanceKlass  @cpi org/eclipse/jetty/server/handler/ContextRequest 96 form vmentry <vmtarget> ; # java/lang/invoke/LambdaForm$DMH+0x00000217d25ac800
instanceKlass  @bci org/eclipse/jetty/ee8/nested/HttpChannel onRequest (Lorg/eclipse/jetty/ee8/nested/ContextHandler$CoreContextRequest;)V 18 <appendix> member <vmtarget> ; # org/eclipse/jetty/ee8/nested/HttpChannel$$Lambda+0x00000217d25a9488
instanceKlass  @cpi org/eclipse/jetty/ee8/nested/HttpChannel 1378 form vmentry <vmtarget> ; # java/lang/invoke/LambdaForm$DMH+0x00000217d25ac400
instanceKlass org/eclipse/jetty/server/Session
instanceKlass org/eclipse/jetty/ee8/nested/HttpChannel$DemandTask
instanceKlass org/eclipse/jetty/ee8/nested/HttpChannel$AsyncDispatchable
instanceKlass org/eclipse/jetty/ee8/nested/HttpChannel$RequestDispatchable
instanceKlass  @bci org/eclipse/jetty/ee8/nested/HttpChannelListeners$NotifyContent <clinit> ()V 0 <appendix> argL0 ; # org/eclipse/jetty/ee8/nested/HttpChannelListeners$NotifyContent$$Lambda+0x00000217d25a89f0
instanceKlass org/eclipse/jetty/ee8/nested/HttpChannelListeners$NotifyContent
instanceKlass  @bci org/eclipse/jetty/ee8/nested/HttpChannelListeners$NotifyFailure <clinit> ()V 0 <appendix> argL0 ; # org/eclipse/jetty/ee8/nested/HttpChannelListeners$NotifyFailure$$Lambda+0x00000217d25a85f0
instanceKlass  @cpi org/eclipse/jetty/ee8/nested/HttpChannelListeners$NotifyContent 31 form vmentry <vmtarget> ; # java/lang/invoke/LambdaForm$DMH+0x00000217d25ac000
instanceKlass org/eclipse/jetty/ee8/nested/HttpChannelListeners$NotifyFailure
instanceKlass  @bci org/eclipse/jetty/ee8/nested/HttpChannelListeners$NotifyRequest <clinit> ()V 0 <appendix> argL0 ; # org/eclipse/jetty/ee8/nested/HttpChannelListeners$NotifyRequest$$Lambda+0x00000217d25a81f0
instanceKlass org/eclipse/jetty/ee8/nested/HttpChannelListeners$NotifyRequest
instanceKlass org/eclipse/jetty/ee8/nested/HttpChannelListeners$1
instanceKlass org/eclipse/jetty/ee8/nested/HttpChannelListeners
instanceKlass org/eclipse/jetty/util/SharedBlockingCallback$Blocker
instanceKlass org/eclipse/jetty/util/SharedBlockingCallback
instanceKlass org/eclipse/jetty/http/HttpCookie
instanceKlass org/eclipse/jetty/ee8/nested/Response
instanceKlass org/eclipse/jetty/ee8/nested/AsyncContentProducer$LockedSemaphore
instanceKlass org/eclipse/jetty/ee8/nested/BlockingContentProducer
instanceKlass org/eclipse/jetty/ee8/nested/HttpInput$Content
instanceKlass org/eclipse/jetty/ee8/nested/AsyncContentProducer
instanceKlass org/eclipse/jetty/ee8/nested/HttpInput$Interceptor
instanceKlass org/eclipse/jetty/ee8/nested/ContentProducer
instanceKlass org/eclipse/jetty/util/Fields
instanceKlass org/eclipse/jetty/http/RFC6265SetCookieParser
instanceKlass org/eclipse/jetty/http/SetCookieParser
instanceKlass org/eclipse/jetty/server/Request$AuthenticationState
instanceKlass javax/servlet/http/PushBuilder
instanceKlass javax/servlet/AsyncContext
instanceKlass org/eclipse/jetty/ee8/nested/Request
instanceKlass javax/servlet/AsyncEvent
instanceKlass org/eclipse/jetty/ee8/nested/HttpChannelState
instanceKlass org/eclipse/jetty/ee8/nested/HttpChannel$Dispatchable
instanceKlass org/eclipse/jetty/ee8/nested/HttpChannel$Listener
instanceKlass org/eclipse/jetty/ee8/nested/HttpChannel
instanceKlass org/eclipse/jetty/ee8/nested/HttpOutput$Interceptor
instanceKlass org/eclipse/jetty/server/Server$DateField
instanceKlass java/util/concurrent/Flow$Subscriber
instanceKlass org/eclipse/jetty/server/internal/HttpChannelState$ChannelResponse
instanceKlass org/eclipse/jetty/server/internal/HttpChannelState$ChannelCallback
instanceKlass org/eclipse/jetty/util/Promise$Invocable
instanceKlass java/util/concurrent/Flow$Publisher
instanceKlass org/eclipse/jetty/util/Promise
instanceKlass org/eclipse/jetty/http/HttpURI$Immutable
instanceKlass org/eclipse/jetty/io/EndPoint$Wrapper
instanceKlass org/eclipse/jetty/server/internal/HttpConnection$1
instanceKlass org/eclipse/jetty/http/HttpURI$Mutable
instanceKlass org/eclipse/jetty/server/internal/HttpConnection$HttpStreamOverHTTP1
instanceKlass org/eclipse/jetty/http/HttpParser$1
instanceKlass org/eclipse/jetty/http/HttpTokens$Token
instanceKlass org/eclipse/jetty/http/HttpTokens
instanceKlass org/eclipse/jetty/http/ComplianceViolation$Listener$1
instanceKlass  @bci org/eclipse/jetty/io/Retainable$ReferenceCounter acquire ()V 4 <appendix> argL0 ; # org/eclipse/jetty/io/Retainable$ReferenceCounter$$Lambda+0x00000217d2598ca0
instanceKlass org/eclipse/jetty/io/Retainable$ReferenceCounter
instanceKlass org/eclipse/jetty/io/internal/NonRetainableByteBuffer
instanceKlass org/eclipse/jetty/io/AbstractRetainableByteBuffer
instanceKlass org/eclipse/jetty/util/thread/ReservedThreadExecutor$ReservedThread
instanceKlass org/eclipse/jetty/util/thread/strategy/AdaptiveExecutionStrategy$1
instanceKlass  @bci org/eclipse/jetty/io/ManagedSelector createEndPoint (Ljava/nio/channels/SelectableChannel;Ljava/nio/channels/SelectionKey;)V 42 <appendix> member <vmtarget> ; # org/eclipse/jetty/io/ManagedSelector$$Lambda+0x00000217d25976f0
instanceKlass  @bci org/eclipse/jetty/server/AbstractConnectionFactory configure (Lorg/eclipse/jetty/io/AbstractConnection;Lorg/eclipse/jetty/server/Connector;Lorg/eclipse/jetty/io/EndPoint;)Lorg/eclipse/jetty/io/AbstractConnection; 32 <appendix> member <vmtarget> ; # org/eclipse/jetty/server/AbstractConnectionFactory$$Lambda+0x00000217d25974c8
instanceKlass  @bci org/eclipse/jetty/server/AbstractConnectionFactory configure (Lorg/eclipse/jetty/io/AbstractConnection;Lorg/eclipse/jetty/server/Connector;Lorg/eclipse/jetty/io/EndPoint;)Lorg/eclipse/jetty/io/AbstractConnection; 12 <appendix> member <vmtarget> ; # org/eclipse/jetty/server/AbstractConnectionFactory$$Lambda+0x00000217d25972a0
instanceKlass org/eclipse/jetty/http/HttpParser$FieldCache
instanceKlass org/eclipse/jetty/util/Utf8StringBuilder
instanceKlass org/eclipse/jetty/util/CharsetStringBuilder
instanceKlass  @bci org/eclipse/jetty/http/HttpParser <clinit> ()V 410 <appendix> argL0 ; # org/eclipse/jetty/http/HttpParser$$Lambda+0x00000217d2596330
instanceKlass  @bci org/eclipse/jetty/http/HttpParser <clinit> ()V 402 <appendix> argL0 ; # org/eclipse/jetty/http/HttpParser$$Lambda+0x00000217d2596120
instanceKlass org/eclipse/jetty/util/HostPort
instanceKlass org/eclipse/jetty/http/HttpParser
instanceKlass org/eclipse/jetty/io/Content$Chunk
instanceKlass org/eclipse/jetty/server/HttpStream
instanceKlass org/eclipse/jetty/server/internal/HttpConnection$RequestHandler
instanceKlass org/eclipse/jetty/server/internal/ResponseHttpFields
instanceKlass org/eclipse/jetty/server/internal/HttpChannelState$HandlerInvoker
instanceKlass org/eclipse/jetty/util/thread/SerializedInvoker
instanceKlass org/eclipse/jetty/server/internal/HttpChannelState
instanceKlass org/eclipse/jetty/server/Components
instanceKlass org/eclipse/jetty/http/HttpStatus
instanceKlass org/eclipse/jetty/http/HttpGenerator$PreparedResponse
instanceKlass org/eclipse/jetty/http/ImmutableHttpFields
instanceKlass org/eclipse/jetty/http/MetaData
instanceKlass org/eclipse/jetty/http/HttpGenerator
instanceKlass org/eclipse/jetty/http/MutableHttpFields
instanceKlass org/eclipse/jetty/http/EmptyHttpFields
instanceKlass  @bci org/eclipse/jetty/http/HttpHeaderValue <clinit> ()V 190 <appendix> argL0 ; # org/eclipse/jetty/http/HttpHeaderValue$$Lambda+0x00000217d258fc50
instanceKlass sun/util/locale/provider/CalendarDataUtility$CalendarWeekParameterGetter
instanceKlass sun/util/locale/provider/LocaleServiceProviderPool$LocalizedObjectGetter
instanceKlass java/util/Calendar
instanceKlass  @bci org/eclipse/jetty/http/DateGenerator formatDate (J)Ljava/lang/String; 8 <appendix> argL0 ; # org/eclipse/jetty/http/DateGenerator$$Lambda+0x00000217d258f610
instanceKlass  @cpi org/eclipse/jetty/http/DateGenerator 202 form vmentry <vmtarget> ; # java/lang/invoke/LambdaForm$DMH+0x00000217d258ec00
instanceKlass  @bci org/eclipse/jetty/http/DateGenerator formatDate (J)Ljava/lang/String; 3 <appendix> argL0 ; # org/eclipse/jetty/http/DateGenerator$$Lambda+0x00000217d258f400
instanceKlass sun/util/calendar/ZoneInfoFile$ZoneOffsetTransitionRule
instanceKlass jdk/internal/util/ByteArray
instanceKlass sun/util/calendar/ZoneInfoFile$1
instanceKlass sun/util/calendar/ZoneInfoFile
instanceKlass java/util/TimeZone
instanceKlass org/eclipse/jetty/http/DateGenerator
instanceKlass org/eclipse/jetty/http/HttpFields$Mutable
instanceKlass org/eclipse/jetty/http/HttpFields
instanceKlass org/eclipse/jetty/util/IteratingCallback
instanceKlass org/eclipse/jetty/server/internal/HttpConnection$DemandContentCallback
instanceKlass org/eclipse/jetty/util/Attributes$Lazy
instanceKlass org/eclipse/jetty/server/internal/HttpConnection$TunnelSupportOverHTTP1
instanceKlass org/eclipse/jetty/util/Callback$1
instanceKlass org/eclipse/jetty/io/AbstractConnection$ReadCallback
instanceKlass org/eclipse/jetty/http/HttpParser$RequestHandler
instanceKlass org/eclipse/jetty/http/HttpParser$HttpHandler
instanceKlass org/eclipse/jetty/server/HttpChannel
instanceKlass org/eclipse/jetty/server/TunnelSupport
instanceKlass org/eclipse/jetty/util/thread/ScheduledExecutorScheduler$ScheduledFutureTask
instanceKlass  @bci org/eclipse/jetty/util/thread/ScheduledExecutorScheduler lambda$doStart$0 (Ljava/lang/Runnable;)Ljava/lang/Thread; 21 <appendix> form vmentry <vmtarget> ; # java/lang/invoke/LambdaForm$MH+0x00000217d258e800
# instanceKlass java/lang/invoke/LambdaForm$MH+0x00000217d258e400
instanceKlass  @bci org/eclipse/jetty/util/thread/ScheduledExecutorScheduler lambda$doStart$0 (Ljava/lang/Runnable;)Ljava/lang/Thread; 21 <appendix> argL3 form vmentry <vmtarget> ; # java/lang/invoke/LambdaForm$MH+0x00000217d258e000
# instanceKlass java/lang/invoke/LambdaForm$MH+0x00000217d258dc00
# instanceKlass java/lang/invoke/LambdaForm$MH+0x00000217d258d800
# instanceKlass java/lang/invoke/LambdaForm$MH+0x00000217d258d400
# instanceKlass java/lang/invoke/LambdaForm$MH+0x00000217d258d000
instanceKlass  @bci org/eclipse/jetty/util/thread/ScheduledExecutorScheduler lambda$doStart$0 (Ljava/lang/Runnable;)Ljava/lang/Thread; 21 <appendix> argL1 form vmentry <vmtarget> ; # java/lang/invoke/LambdaForm$MH+0x00000217d258cc00
# instanceKlass java/lang/invoke/LambdaForm$MH+0x00000217d258c800
# instanceKlass java/lang/invoke/LambdaForm$MH+0x00000217d258c400
# instanceKlass java/lang/invoke/LambdaForm$MH+0x00000217d258c000
instanceKlass java/util/concurrent/Executors$RunnableAdapter
instanceKlass java/util/concurrent/FutureTask$WaitNode
instanceKlass java/util/concurrent/FutureTask
instanceKlass  @bci org/eclipse/jetty/io/IdleTimeout scheduleIdleTimeout (J)V 27 <appendix> member <vmtarget> ; # org/eclipse/jetty/io/IdleTimeout$$Lambda+0x00000217d25898a8
instanceKlass org/eclipse/jetty/io/SelectableChannelEndPoint$RunnableCloseable
instanceKlass  @bci org/eclipse/jetty/io/SelectableChannelEndPoint <init> (Lorg/eclipse/jetty/util/thread/Scheduler;Ljava/nio/channels/SelectableChannel;Lorg/eclipse/jetty/io/ManagedSelector;Ljava/nio/channels/SelectionKey;)V 18 <appendix> member <vmtarget> ; # org/eclipse/jetty/io/SelectableChannelEndPoint$$Lambda+0x00000217d2588c50
instanceKlass org/eclipse/jetty/io/WriteFlusher$State
instanceKlass org/eclipse/jetty/io/WriteFlusher
instanceKlass org/eclipse/jetty/io/FillInterest
instanceKlass org/eclipse/jetty/io/IdleTimeout
instanceKlass org/eclipse/jetty/io/ManagedSelector$Selectable
instanceKlass java/lang/invoke/ConstantBootstraps
instanceKlass java/nio/channels/SelectionKey
instanceKlass org/eclipse/jetty/io/ManagedSelector$Accept
instanceKlass sun/nio/ch/OptionKey
instanceKlass sun/nio/ch/SocketOptionRegistry$LazyInitialization
instanceKlass sun/nio/ch/SocketOptionRegistry$RegistryKey
instanceKlass sun/nio/ch/SocketOptionRegistry
instanceKlass sun/nio/ch/ExtendedSocketOption$1
instanceKlass sun/nio/ch/ExtendedSocketOption
instanceKlass sun/nio/ch/SocketChannelImpl$DefaultOptionsHolder
instanceKlass java/net/Socket
instanceKlass scala/concurrent/AwaitPermission$
instanceKlass scala/concurrent/BlockContext$DefaultBlockContext$
instanceKlass scala/concurrent/BlockContext
instanceKlass scala/concurrent/BlockContext$
instanceKlass  @bci scala/concurrent/Await$ result (Lscala/concurrent/Awaitable;Lscala/concurrent/duration/Duration;)Ljava/lang/Object; 38 <appendix> member <vmtarget> ; # scala/concurrent/Await$$$Lambda+0x00000217d2583508
instanceKlass scala/concurrent/package$
instanceKlass scala/runtime/OrderedProxy
instanceKlass scala/Proxy$Typed
instanceKlass scala/Proxy
instanceKlass  @bci scala/concurrent/duration/Duration$ <clinit> ()V 280 <appendix> argL0 ; # scala/concurrent/duration/Duration$$$Lambda+0x00000217d2582788
instanceKlass scala/concurrent/duration/Duration$
instanceKlass scala/concurrent/ExecutionContext$parasitic$
instanceKlass scala/concurrent/BatchingExecutor
instanceKlass scala/concurrent/ExecutionContextExecutor
instanceKlass scala/concurrent/Batchable
instanceKlass scala/concurrent/impl/Promise$
instanceKlass scala/concurrent/impl/Promise$Callbacks
instanceKlass scala/concurrent/ExecutionContext
instanceKlass scala/concurrent/Future
instanceKlass scala/concurrent/Promise
instanceKlass scala/concurrent/Promise$
instanceKlass scala/concurrent/CanAwait
instanceKlass scala/concurrent/Await$
instanceKlass  @bci com/mendix/container/boot/Container$ $anonfun$startAndWaitForever$5 (Lscala/runtime/BoxedUnit;)V 6 <appendix> argL0 ; # com/mendix/container/boot/Container$$$Lambda+0x00000217d257b838
instanceKlass  @bci com/mendix/container/boot/Container$ startAndWaitForever (Lcom/mendix/container/config/Config;)Lscala/util/Either; 96 <appendix> argL0 ; # com/mendix/container/boot/Container$$$Lambda+0x00000217d257b480
instanceKlass scala/util/DynamicVariable
instanceKlass scala/Console$
instanceKlass scala/io/AnsiColor
instanceKlass  @bci com/mendix/container/boot/Container$ $anonfun$startAndWaitForever$4 (J)Ljava/lang/String; 1 <appendix> form vmentry <vmtarget> ; # java/lang/invoke/LambdaForm$MH+0x00000217d257a800
instanceKlass  @bci com/mendix/container/boot/Container$ $anonfun$startAndWaitForever$4 (J)Ljava/lang/String; 1 <appendix> argL3 form vmentry <vmtarget> ; # java/lang/invoke/LambdaForm$MH+0x00000217d257a400
# instanceKlass java/lang/invoke/LambdaForm$MH+0x00000217d257a000
# instanceKlass java/lang/invoke/LambdaForm$MH+0x00000217d2579c00
# instanceKlass java/lang/invoke/LambdaForm$MH+0x00000217d2579800
instanceKlass  @bci com/mendix/container/logging/Logger log (Lscala/Function0;)V 3 <appendix> member <vmtarget> ; # com/mendix/container/logging/Logger$$Lambda+0x00000217d2517790
instanceKlass  @bci com/mendix/container/logging/Logger log (Lscala/Function0;Lcom/mendix/container/logging/LogLevels$LogLevel;)V 22 <appendix> member <vmtarget> ; # com/mendix/container/logging/Logger$$Lambda+0x00000217d25174e0
instanceKlass  @bci com/mendix/container/boot/Container$ startAndWaitForever (Lcom/mendix/container/config/Config;)Lscala/util/Either; 86 <appendix> form vmentry <vmtarget> ; # java/lang/invoke/LambdaForm$DMH+0x00000217d2579400
instanceKlass  @bci com/mendix/container/boot/Container$ startAndWaitForever (Lcom/mendix/container/config/Config;)Lscala/util/Either; 86 <appendix> member <vmtarget> ; # com/mendix/container/boot/Container$$$Lambda+0x00000217d2517238
instanceKlass  @bci com/mendix/container/boot/Container$ $anonfun$startAndWaitForever$2 (Lcom/mendix/container/config/Config;Lscala/runtime/BoxedUnit;)Lscala/util/Either; 9 <appendix> argL0 ; # com/mendix/container/boot/Container$$$Lambda+0x00000217d2516e80
instanceKlass  @bci com/mendix/container/boot/Container$ $anonfun$doStart$2 (Lscala/collection/immutable/List;)Lscala/collection/immutable/Map; 1 <appendix> argL0 ; # com/mendix/container/boot/Container$$$Lambda+0x00000217d2516ac8
instanceKlass  @bci com/mendix/container/boot/Container$ doStart (Lcom/mendix/container/config/Config;)Lscala/util/Either; 10 <appendix> argL0 ; # com/mendix/container/boot/Container$$$Lambda+0x00000217d2516710
instanceKlass  @bci com/mendix/container/boot/Container$ $anonfun$doStart$13 (Lcom/mendix/container/componentregistry/ComponentInstance;Lcom/mendix/container/config/Config;Lscala/Tuple2;)Lscala/util/Either; 30 <appendix> member <vmtarget> ; # com/mendix/container/boot/Container$$$Lambda+0x00000217d2516350
instanceKlass  @bci com/mendix/m2ee/appcontainer/AppContainer start (Lscala/Option;Lscala/Option;Lscala/Option;)V 149 <appendix> member <vmtarget> ; # com/mendix/m2ee/appcontainer/AppContainer$$Lambda+0x00000217d257d1c8
instanceKlass  @bci com/mendix/m2ee/appcontainer/AppContainer runAdminConsoleIfApplicable (Lscala/Option;)V 12 <appendix> member <vmtarget> ; # com/mendix/m2ee/appcontainer/AppContainer$$Lambda+0x00000217d257ce08
instanceKlass  @bci com/mendix/m2ee/appcontainer/AppContainer runAdminConsoleIfApplicable (Lscala/Option;)V 1 <appendix> argL0 ; # com/mendix/m2ee/appcontainer/AppContainer$$Lambda+0x00000217d257cb60
instanceKlass  @bci com/mendix/m2ee/appcontainer/AppContainer start (Lscala/Option;Lscala/Option;Lscala/Option;)V 133 <appendix> argL0 ; # com/mendix/m2ee/appcontainer/AppContainer$$Lambda+0x00000217d257c7a8
instanceKlass  @bci com/mendix/m2ee/appcontainer/AppContainer setupAdminHandlerAndActions (Lscala/Option;)V 239 <appendix> argL0 ; # com/mendix/m2ee/appcontainer/AppContainer$$Lambda+0x00000217d257c210
instanceKlass com/mendix/m2ee/appcontainer/server/Constants$
# instanceKlass java/lang/invoke/LambdaForm$MH+0x00000217d2579000
# instanceKlass java/lang/invoke/LambdaForm$MH+0x00000217d2578c00
# instanceKlass java/lang/invoke/LambdaForm$BMH+0x00000217d2578800
instanceKlass sun/invoke/util/ValueConversions$WrapperCache
instanceKlass  @cpi io/micrometer/core/instrument/binder/jvm/JvmThreadMetrics 232 form vmentry <vmtarget> ; # java/lang/invoke/LambdaForm$DMH+0x00000217d2578400
instanceKlass  @bci sun/management/spi/PlatformMBeanProvider$PlatformComponent getMBeans (Ljava/lang/Class;)Ljava/util/List; 63 <appendix> member <vmtarget> ; # sun/management/spi/PlatformMBeanProvider$PlatformComponent$$Lambda+0x00000217d24dd3f0
instanceKlass  @bci sun/management/spi/PlatformMBeanProvider$PlatformComponent getMBeans (Ljava/lang/Class;)Ljava/util/List; 47 <appendix> member <vmtarget> ; # sun/management/spi/PlatformMBeanProvider$PlatformComponent$$Lambda+0x00000217d24dd1a8
instanceKlass java/util/stream/ReduceOps$2ReducingSink
instanceKlass  @bci java/lang/management/ManagementFactory$PlatformMBeanFinder findSingleton (Ljava/lang/Class;)Lsun/management/spi/PlatformMBeanProvider$PlatformComponent; 30 <appendix> member <vmtarget> ; # java/lang/management/ManagementFactory$PlatformMBeanFinder$$Lambda+0x00000217d24dc9e0
instanceKlass  @bci java/lang/management/ManagementFactory$PlatformMBeanFinder findSingleton (Ljava/lang/Class;)Lsun/management/spi/PlatformMBeanProvider$PlatformComponent; 19 <appendix> member <vmtarget> ; # java/lang/management/ManagementFactory$PlatformMBeanFinder$$Lambda+0x00000217d24dc798
instanceKlass org/eclipse/jetty/util/Uptime$DefaultImpl
instanceKlass org/eclipse/jetty/util/Uptime$Impl
instanceKlass org/eclipse/jetty/util/Uptime
instanceKlass sun/util/resources/Bundles$CacheKeyReference
instanceKlass  @bci java/util/ResourceBundle$ResourceBundleProviderHelper newResourceBundle (Ljava/lang/Class;)Ljava/util/ResourceBundle; 22 <appendix> member <vmtarget> ; # java/util/ResourceBundle$ResourceBundleProviderHelper$$Lambda+0x800000010
instanceKlass java/util/ResourceBundle$ResourceBundleProviderHelper
instanceKlass  @bci sun/util/cldr/CLDRLocaleProviderAdapter applyAliases (Ljava/util/Locale;)Ljava/util/Locale; 4 <appendix> argL0 ; # sun/util/cldr/CLDRLocaleProviderAdapter$$Lambda+0x80000005f
instanceKlass sun/util/resources/Bundles$CacheKey
instanceKlass sun/util/resources/LocaleData$LocaleDataStrategy
instanceKlass sun/util/resources/Bundles$Strategy
instanceKlass sun/util/resources/LocaleData$1
instanceKlass sun/util/resources/LocaleData
instanceKlass sun/util/locale/provider/LocaleResources
instanceKlass java/util/Locale$Builder
instanceKlass sun/util/locale/provider/CalendarDataUtility
instanceKlass java/text/DecimalFormatSymbols
instanceKlass org/eclipse/jetty/server/AbstractConnector$Acceptor
instanceKlass org/eclipse/jetty/io/ManagedSelector$Start
instanceKlass java/nio/channels/spi/AbstractSelector$1
instanceKlass  @bci org/eclipse/jetty/io/ManagedSelector doStart ()V 28 <appendix> member <vmtarget> ; # org/eclipse/jetty/io/ManagedSelector$$Lambda+0x00000217d256bb88
instanceKlass  @cpi org/eclipse/jetty/server/handler/ContextResponse$1 80 form vmentry <vmtarget> ; # java/lang/invoke/LambdaForm$DMH+0x00000217d2578000
instanceKlass java/nio/BufferMismatch
instanceKlass java/nio/channels/spi/AbstractInterruptibleChannel$1
instanceKlass sun/nio/ch/Interruptible
instanceKlass  @bci sun/security/provider/certpath/ldap/JdkLDAP <init> ()V 15 <appendix> member <vmtarget> ; # sun/security/provider/certpath/ldap/JdkLDAP$$Lambda+0x00000217d24d9f70
instanceKlass com/sun/security/sasl/Provider$1
instanceKlass  @bci sun/security/pkcs11/SunPKCS11 register (Lsun/security/pkcs11/SunPKCS11$Descriptor;)V 27 <appendix> argL0 ; # sun/security/pkcs11/SunPKCS11$$Lambda+0x00000217d2573e78
instanceKlass sun/security/pkcs11/SunPKCS11$Descriptor
instanceKlass javax/security/auth/callback/CallbackHandler
instanceKlass org/jcp/xml/dsig/internal/dom/XMLDSigRI$2
instanceKlass org/jcp/xml/dsig/internal/dom/XMLDSigRI$1
instanceKlass sun/security/mscapi/SunMSCAPI$2
instanceKlass sun/security/mscapi/SunMSCAPI$1
instanceKlass  @bci sun/security/jgss/SunProvider <init> ()V 15 <appendix> member <vmtarget> ; # sun/security/jgss/SunProvider$$Lambda+0x00000217d2571ae0
instanceKlass  @bci sun/security/ssl/SunJSSE registerAlgorithms ()V 1 <appendix> member <vmtarget> ; # sun/security/ssl/SunJSSE$$Lambda+0x00000217d24d7fa8
instanceKlass sun/security/ec/SunEC$1
instanceKlass com/sun/security/sasl/gsskerb/JdkSASL$1
instanceKlass sun/security/smartcardio/SunPCSC$1
instanceKlass sun/security/jca/ProviderConfig$ProviderLoader
instanceKlass sun/security/jca/ProviderConfig$3
instanceKlass sun/net/NetProperties$1
instanceKlass sun/net/NetProperties
instanceKlass  @bci sun/nio/ch/UnixDomainSocketsUtil getTempDir ()Ljava/lang/String; 0 <appendix> argL0 ; # sun/nio/ch/UnixDomainSocketsUtil$$Lambda+0x00000217d24d6c08
instanceKlass sun/nio/ch/UnixDomainSocketsUtil
instanceKlass sun/nio/ch/UnixDomainSockets
instanceKlass sun/nio/ch/PipeImpl$Initializer$LoopbackConnector
instanceKlass sun/nio/ch/PipeImpl$Initializer
instanceKlass java/nio/channels/Pipe
instanceKlass sun/nio/ch/WEPoll
instanceKlass sun/nio/ch/Util$2
instanceKlass java/nio/channels/Selector
instanceKlass org/eclipse/jetty/io/ManagedSelector$SelectorProducer
instanceKlass  @bci org/eclipse/jetty/util/statistic/SampleStatistic <init> ()V 9 <appendix> argL0 ; # org/eclipse/jetty/util/statistic/SampleStatistic$$Lambda+0x00000217d256b758
instanceKlass java/util/function/LongBinaryOperator
instanceKlass org/eclipse/jetty/util/statistic/SampleStatistic
instanceKlass org/eclipse/jetty/util/thread/ExecutionStrategy
instanceKlass org/eclipse/jetty/util/thread/ExecutionStrategy$Producer
instanceKlass org/eclipse/jetty/server/ConnectionFactory$Detecting
instanceKlass  @bci org/eclipse/jetty/server/AbstractConnector doStart ()V 85 <appendix> member <vmtarget> ; # org/eclipse/jetty/server/AbstractConnector$$Lambda+0x00000217d256a778
instanceKlass  @bci org/eclipse/jetty/server/AbstractConnector doStart ()V 74 <appendix> member <vmtarget> ; # org/eclipse/jetty/server/AbstractConnector$$Lambda+0x00000217d256a540
instanceKlass  @bci org/eclipse/jetty/server/AbstractConnector doStart ()V 57 <appendix> member <vmtarget> ; # org/eclipse/jetty/server/AbstractConnector$$Lambda+0x00000217d256a2f8
instanceKlass org/eclipse/jetty/server/ConnectionFactory$Configuring
instanceKlass org/eclipse/jetty/io/SelectorManager$SelectorManagerListener
instanceKlass  @bci org/eclipse/jetty/ee8/servlet/ServletHolder initServlet ()V 195 <appendix> argL0 ; # org/eclipse/jetty/ee8/servlet/ServletHolder$$Lambda+0x00000217d2569cf8
instanceKlass  @cpi org/eclipse/jetty/ee8/servlet/ServletHolder 831 form vmentry <vmtarget> ; # java/lang/invoke/LambdaForm$DMH+0x00000217d256c400
instanceKlass org/eclipse/jetty/ee8/servlet/ServletHolder$WrapFunction
instanceKlass org/eclipse/jetty/ee8/servlet/Holder$HolderConfig
instanceKlass scala/reflect/ScalaSignature
instanceKlass javax/servlet/annotation/ServletSecurity
instanceKlass  @bci org/eclipse/jetty/util/ExceptionUtil$MultiException callAndCatch (Lorg/eclipse/jetty/util/thread/Invocable$Callable;)V 2 <appendix> member <vmtarget> ; # org/eclipse/jetty/util/ExceptionUtil$MultiException$$Lambda+0x00000217d2569478
instanceKlass  @bci org/eclipse/jetty/ee8/servlet/ServletHandler lambda$initialize$3 (Lorg/eclipse/jetty/util/ExceptionUtil$MultiException;Lorg/eclipse/jetty/ee8/servlet/BaseHolder;)V 9 <appendix> member <vmtarget> ; # org/eclipse/jetty/ee8/servlet/ServletHandler$$Lambda+0x00000217d2569240
instanceKlass  @bci java/util/stream/StreamSpliterators$WrappingSpliterator forEachRemaining (Ljava/util/function/Consumer;)V 33 <appendix> member <vmtarget> ; # java/util/stream/StreamSpliterators$WrappingSpliterator$$Lambda+0x00000217d24d3670
instanceKlass java/util/stream/StreamSpliterators
instanceKlass  @cpi java/util/stream/StreamSpliterators$WrappingSpliterator 151 form vmentry <vmtarget> ; # java/lang/invoke/LambdaForm$DMH+0x00000217d256c000
instanceKlass java/util/stream/Streams$2
instanceKlass java/util/stream/StreamSpliterators$AbstractWrappingSpliterator
instanceKlass  @bci java/util/stream/AbstractPipeline spliterator ()Ljava/util/Spliterator; 103 <appendix> member <vmtarget> ; # java/util/stream/AbstractPipeline$$Lambda+0x00000217d24d2b30
instanceKlass java/util/stream/Streams$ConcatSpliterator
instanceKlass java/util/stream/SortedOps
instanceKlass  @bci org/eclipse/jetty/ee8/servlet/ServletHandler initialize ()V 9 <appendix> member <vmtarget> ; # org/eclipse/jetty/ee8/servlet/ServletHandler$$Lambda+0x00000217d2569018
instanceKlass org/eclipse/jetty/http/pathmap/PathMappings$1
instanceKlass org/eclipse/jetty/http/pathmap/ServletPathSpec$1
instanceKlass org/eclipse/jetty/http/pathmap/MatchedResource
instanceKlass org/eclipse/jetty/http/pathmap/MappedResource$1
instanceKlass org/eclipse/jetty/http/pathmap/MappedResource
instanceKlass org/eclipse/jetty/ee8/nested/ServletPathMapping$1
instanceKlass org/eclipse/jetty/ee8/nested/ServletPathMapping
instanceKlass javax/servlet/http/HttpServletMapping
instanceKlass org/eclipse/jetty/ee8/servlet/ServletHandler$1
instanceKlass org/eclipse/jetty/http/pathmap/MatchedPath$2
instanceKlass org/eclipse/jetty/http/pathmap/MatchedPath$1
instanceKlass org/eclipse/jetty/http/pathmap/MatchedPath
instanceKlass org/eclipse/jetty/http/pathmap/AbstractPathSpec
instanceKlass  @bci org/eclipse/jetty/ee8/servlet/ServletHandler updateMappings ()V 358 <appendix> argL0 ; # org/eclipse/jetty/ee8/servlet/ServletHandler$$Lambda+0x00000217d2562c90
instanceKlass  @bci java/util/Map$Entry comparingByKey ()Ljava/util/Comparator; 0 <appendix> argL0 ; # java/util/Map$Entry$$Lambda+0x00000217d24d1618
instanceKlass org/eclipse/jetty/ee8/servlet/ServletContextHandler$ServletContainerInitializerCaller
instanceKlass  @bci org/eclipse/jetty/ee8/nested/ContextHandler doStart ()V 53 <appendix> member <vmtarget> ; # org/eclipse/jetty/ee8/nested/ContextHandler$$Lambda+0x00000217d2560c78
instanceKlass org/eclipse/jetty/util/DeprecationWarning
instanceKlass  @bci org/eclipse/jetty/server/handler/ContextHandler doStart ()V 117 <appendix> member <vmtarget> ; # org/eclipse/jetty/server/handler/ContextHandler$$Lambda+0x00000217d2560818
instanceKlass org/eclipse/jetty/util/thread/Invocable$Callable
instanceKlass  @bci org/eclipse/jetty/util/thread/ScheduledExecutorScheduler doStart ()V 29 <appendix> member <vmtarget> ; # org/eclipse/jetty/util/thread/ScheduledExecutorScheduler$$Lambda+0x00000217d2560410
instanceKlass  @bci org/eclipse/jetty/util/thread/QueuedThreadPool lambda$newThread$1 (Ljava/lang/Runnable;)Ljava/lang/Thread; 38 <adapter> ; # java/lang/invoke/LambdaForm$MH+0x00000217d2567800
instanceKlass  @bci org/eclipse/jetty/util/thread/QueuedThreadPool lambda$newThread$1 (Ljava/lang/Runnable;)Ljava/lang/Thread; 38 <appendix> form vmentry <vmtarget> ; # java/lang/invoke/LambdaForm$MH+0x00000217d2567400
# instanceKlass java/lang/invoke/LambdaForm$MH+0x00000217d2567000
instanceKlass  @bci org/eclipse/jetty/util/thread/QueuedThreadPool lambda$newThread$1 (Ljava/lang/Runnable;)Ljava/lang/Thread; 38 <appendix> form names 6 function resolvedHandle form vmentry <vmtarget> ; # java/lang/invoke/LambdaForm$DMH+0x00000217d2566c00
instanceKlass  @bci org/eclipse/jetty/util/thread/QueuedThreadPool lambda$newThread$1 (Ljava/lang/Runnable;)Ljava/lang/Thread; 38 <appendix> argL3 form vmentry <vmtarget> ; # java/lang/invoke/LambdaForm$MH+0x00000217d2566800
# instanceKlass java/lang/invoke/LambdaForm$MH+0x00000217d2566400
# instanceKlass java/lang/invoke/LambdaForm$MH+0x00000217d2566000
# instanceKlass java/lang/invoke/LambdaForm$MH+0x00000217d2565c00
# instanceKlass java/lang/invoke/LambdaForm$MH+0x00000217d2565800
instanceKlass  @bci org/eclipse/jetty/util/thread/QueuedThreadPool lambda$newThread$1 (Ljava/lang/Runnable;)Ljava/lang/Thread; 38 <appendix> form names 10 function resolvedHandle form vmentry <vmtarget> ; # java/lang/invoke/LambdaForm$DMH+0x00000217d2565400
instanceKlass  @bci org/eclipse/jetty/util/thread/QueuedThreadPool lambda$newThread$1 (Ljava/lang/Runnable;)Ljava/lang/Thread; 38 <appendix> argL1 form vmentry <vmtarget> ; # java/lang/invoke/LambdaForm$MH+0x00000217d2565000
instanceKlass  @bci org/eclipse/jetty/util/thread/QueuedThreadPool lambda$newThread$1 (Ljava/lang/Runnable;)Ljava/lang/Thread; 38 <appendix> argL1 argL1 form vmentry <vmtarget> ; # java/lang/invoke/LambdaForm$MH+0x00000217d2564c00
# instanceKlass java/lang/invoke/LambdaForm$MH+0x00000217d2564800
# instanceKlass java/lang/invoke/LambdaForm$MH+0x00000217d2564400
# instanceKlass java/lang/invoke/LambdaForm$MH+0x00000217d2564000
instanceKlass org/eclipse/jetty/util/thread/PrivilegedThreadFactory
instanceKlass  @bci org/eclipse/jetty/util/thread/QueuedThreadPool newThread (Ljava/lang/Runnable;)Ljava/lang/Thread; 2 <appendix> member <vmtarget> ; # org/eclipse/jetty/util/thread/QueuedThreadPool$$Lambda+0x00000217d2560000
instanceKlass java/util/stream/ReduceOps$5ReducingSink
instanceKlass java/util/stream/Sink$OfInt
instanceKlass java/util/function/IntConsumer
instanceKlass  @bci java/util/stream/IntPipeline sum ()I 2 <appendix> argL0 ; # java/util/stream/IntPipeline$$Lambda+0x00000217d24d0988
instanceKlass java/util/function/IntBinaryOperator
instanceKlass java/util/stream/IntStream
instanceKlass  @bci org/eclipse/jetty/util/thread/ThreadPoolBudget getLeasedThreads ()I 9 <appendix> argL0 ; # org/eclipse/jetty/util/thread/ThreadPoolBudget$$Lambda+0x00000217d255bc38
instanceKlass org/eclipse/jetty/util/thread/ThreadPoolBudget$Leased
instanceKlass org/eclipse/jetty/util/NanoTime
instanceKlass java/util/concurrent/atomic/AtomicReferenceArray
instanceKlass org/eclipse/jetty/util/thread/ThreadIdPool
instanceKlass java/util/concurrent/CountDownLatch
# instanceKlass java/lang/invoke/LambdaForm$MH+0x00000217d2559c00
# instanceKlass java/lang/invoke/LambdaForm$MH+0x00000217d2559800
instanceKlass java/lang/ThreadBuilders$BaseThreadFactory
instanceKlass java/lang/ThreadBuilders
instanceKlass java/lang/ThreadBuilders$BaseThreadBuilder
instanceKlass java/lang/Thread$Builder$OfVirtual
instanceKlass java/lang/Thread$Builder$OfPlatform
instanceKlass java/lang/Thread$Builder
instanceKlass org/eclipse/jetty/util/VirtualThreads
instanceKlass org/eclipse/jetty/util/ExceptionUtil
instanceKlass sun/nio/ch/ServerSocketChannelImpl$DefaultOptionsHolder
instanceKlass java/net/StandardSocketOptions$StdSocketOption
instanceKlass java/net/StandardSocketOptions
instanceKlass  @bci org/eclipse/jetty/server/Server doStart ()V 201 <appendix> member <vmtarget> ; # org/eclipse/jetty/server/Server$$Lambda+0x00000217d255af48
instanceKlass  @bci org/eclipse/jetty/server/Server doStart ()V 190 <appendix> member <vmtarget> ; # org/eclipse/jetty/server/Server$$Lambda+0x00000217d255ad10
instanceKlass  @bci org/eclipse/jetty/server/Server doStart ()V 172 <appendix> member <vmtarget> ; # org/eclipse/jetty/server/Server$$Lambda+0x00000217d255aac8
instanceKlass org/eclipse/jetty/util/ExceptionUtil$MultiException
instanceKlass org/eclipse/jetty/util/Callback
instanceKlass org/eclipse/jetty/server/handler/ErrorHandler
instanceKlass org/eclipse/jetty/server/ShutdownMonitor$Holder
instanceKlass org/eclipse/jetty/server/ShutdownMonitor
instanceKlass java/lang/Class$EnclosingMethodInfo
instanceKlass org/eclipse/jetty/ee8/servlet/ServletMapping
instanceKlass org/eclipse/jetty/ee8/servlet/ServletHandler$MappedServlet
instanceKlass org/eclipse/jetty/util/ArrayUtil
instanceKlass javax/servlet/SingleThreadModel
instanceKlass org/eclipse/jetty/ee8/servlet/Holder$1
instanceKlass org/eclipse/jetty/ee8/servlet/Source
instanceKlass javax/servlet/ServletRegistration$Dynamic
instanceKlass javax/servlet/Registration$Dynamic
instanceKlass  @bci com/mendix/m2ee/appcontainer/server/handler/HttpAdminHandler$ createHandler (Lscala/collection/immutable/Map;Ljavax/servlet/http/HttpServlet;Lcom/mendix/logging/ILogNode;)Lorg/eclipse/jetty/ee8/servlet/ServletContextHandler; 13 <appendix> member <vmtarget> ; # com/mendix/m2ee/appcontainer/server/handler/HttpAdminHandler$$$Lambda+0x00000217d255ce30
instanceKlass javax/servlet/FilterChain
instanceKlass org/eclipse/jetty/ee8/nested/UserIdentityScope
instanceKlass org/eclipse/jetty/http/pathmap/PathSpec
instanceKlass org/eclipse/jetty/util/DecoratedObjectFactory
instanceKlass javax/servlet/ServletRegistration
instanceKlass javax/servlet/FilterRegistration
instanceKlass javax/servlet/Registration
instanceKlass org/eclipse/jetty/ee8/security/ConstraintAware
instanceKlass javax/servlet/RequestDispatcher
instanceKlass org/eclipse/jetty/util/Attributes$Layer$1
instanceKlass org/eclipse/jetty/server/Request$Wrapper
instanceKlass org/eclipse/jetty/server/Response
instanceKlass org/eclipse/jetty/io/Content$Sink
instanceKlass java/io/Console
# instanceKlass java/lang/invoke/LambdaForm$MH+0x00000217d2559400
# instanceKlass java/lang/invoke/LambdaForm$MH+0x00000217d2559000
# instanceKlass java/lang/invoke/LambdaForm$MH+0x00000217d2558c00
# instanceKlass java/lang/invoke/LambdaForm$MH+0x00000217d2558800
# instanceKlass org/eclipse/jetty/util/security/SecurityUtils$$InjectedInvoker+0x00000217d2558400
instanceKlass java/lang/invoke/MethodHandleImpl$BindCaller$InjectedInvokerHolder
# instanceKlass java/lang/invoke/LambdaForm$MH+0x00000217d2558000
instanceKlass java/lang/invoke/MethodHandleImpl$BindCaller
instanceKlass javax/security/auth/Subject
instanceKlass org/eclipse/jetty/util/security/SecurityUtils
instanceKlass javax/servlet/http/HttpSessionAttributeListener
instanceKlass javax/servlet/http/HttpSessionListener
instanceKlass javax/servlet/http/HttpSessionIdListener
instanceKlass javax/servlet/ServletRequestAttributeListener
instanceKlass javax/servlet/ServletRequestListener
instanceKlass javax/servlet/ServletContextAttributeListener
instanceKlass javax/servlet/ServletContextListener
instanceKlass  @bci org/eclipse/jetty/util/component/Environment ensure (Ljava/lang/String;)Lorg/eclipse/jetty/util/component/Environment; 4 <appendix> argL0 ; # org/eclipse/jetty/util/component/Environment$$Lambda+0x00000217d25505c0
instanceKlass org/eclipse/jetty/util/Attributes$Mapped
instanceKlass org/eclipse/jetty/util/component/Environment
instanceKlass org/eclipse/jetty/ee8/security/Authenticator$AuthConfiguration
instanceKlass org/eclipse/jetty/session/SessionConfig$Mutable
instanceKlass org/eclipse/jetty/session/SessionConfig
instanceKlass org/eclipse/jetty/ee8/nested/ContextHandler$APIContext
instanceKlass org/eclipse/jetty/http/HttpURI
instanceKlass org/eclipse/jetty/server/Request
instanceKlass org/eclipse/jetty/io/Content$Source
instanceKlass javax/servlet/http/HttpServletRequest
instanceKlass javax/servlet/ServletRequest
instanceKlass com/mendix/m2ee/appcontainer/server/handler/HttpAdminHandler$
instanceKlass scala/jdk/javaapi/CollectionConverters
instanceKlass  @bci org/eclipse/jetty/io/SelectorManager <init> (Ljava/util/concurrent/Executor;Lorg/eclipse/jetty/util/thread/Scheduler;I)V 62 <appendix> member <vmtarget> ; # org/eclipse/jetty/io/SelectorManager$$Lambda+0x00000217d254a1e8
instanceKlass  @cpi org/eclipse/jetty/io/Retainable$ReferenceCounter 121 form vmentry <vmtarget> ; # java/lang/invoke/LambdaForm$DMH+0x00000217d2548400
instanceKlass org/eclipse/jetty/io/EndPoint
instanceKlass org/eclipse/jetty/io/ManagedSelector$SelectorUpdate
instanceKlass org/eclipse/jetty/util/ProcessorUtils
instanceKlass org/eclipse/jetty/http/ComplianceViolation$Listener
instanceKlass org/eclipse/jetty/server/ConnectionMetaData
instanceKlass org/eclipse/jetty/io/Connection$UpgradeTo
instanceKlass org/eclipse/jetty/io/Connection$UpgradeFrom
instanceKlass org/eclipse/jetty/io/AbstractConnection
instanceKlass org/eclipse/jetty/io/Connection
instanceKlass org/eclipse/jetty/server/HttpConfiguration$Customizer
instanceKlass org/eclipse/jetty/server/HttpConfiguration$ConnectionFactory
instanceKlass org/eclipse/jetty/server/ConnectionFactory
instanceKlass org/eclipse/jetty/util/component/Graceful$Shutdown
instanceKlass java/util/concurrent/CompletableFuture
instanceKlass java/util/concurrent/CompletionStage
instanceKlass  @bci com/mendix/logging/impl/subscribers/TcpJsonLinesConfig$ $anonfun$fromJson$4 (Lcom/mendix/thirdparty/org/json/JSONObject;Ljava/net/InetAddress;I)Lscala/util/Either; 10 <adapter> ; # java/lang/invoke/LambdaForm$MH+0x00000217d2548000
# instanceKlass java/lang/invoke/LambdaForm$DMH+0x00000217d2545c00
instanceKlass  @cpi com/github/benmanes/caffeine/cache/SS 28 form vmentry <vmtarget> ; # java/lang/invoke/LambdaForm$DMH+0x00000217d2545800
instanceKlass  @bci com/mendix/m2ee/appcontainer/AppContainer createConnectors (Lorg/eclipse/jetty/server/Server;ILorg/eclipse/jetty/server/HttpConfiguration;ZLscala/collection/immutable/Seq;)Lscala/collection/immutable/Seq; 48 <appendix> member <vmtarget> ; # com/mendix/m2ee/appcontainer/AppContainer$$Lambda+0x00000217d2546000
instanceKlass scala/collection/IterableOnce$
instanceKlass  @bci sun/nio/ch/ServerSocketAdaptor create (Lsun/nio/ch/ServerSocketChannelImpl;)Ljava/net/ServerSocket; 1 <appendix> member <vmtarget> ; # sun/nio/ch/ServerSocketAdaptor$$Lambda+0x00000217d24cb128
instanceKlass  @bci sun/nio/ch/DefaultSelectorProvider <clinit> ()V 0 <appendix> argL0 ; # sun/nio/ch/DefaultSelectorProvider$$Lambda+0x00000217d24ca820
instanceKlass sun/nio/ch/DefaultSelectorProvider
instanceKlass  @bci java/nio/channels/spi/SelectorProvider$Holder provider ()Ljava/nio/channels/spi/SelectorProvider; 0 <appendix> argL0 ; # java/nio/channels/spi/SelectorProvider$Holder$$Lambda+0x00000217d24c9f88
instanceKlass java/nio/channels/spi/SelectorProvider$Holder
instanceKlass java/nio/channels/spi/SelectorProvider
instanceKlass scala/util/Try$
instanceKlass scala/util/Using$Releasable$AutoCloseableIsReleasable$
instanceKlass  @bci com/mendix/connectionbus/connections/jdbc/SystemProperties sync$1 (Z)Z 14 <appendix> form vmentry <vmtarget> ; # java/lang/invoke/LambdaForm$DMH+0x00000217d2545400
instanceKlass  @bci com/mendix/m2ee/appcontainer/AppContainer $anonfun$testPortBindings$1 (Lcom/mendix/m2ee/appcontainer/AppContainer;IZLjava/lang/String;)Lscala/collection/IterableOnce; 10 <appendix> member <vmtarget> ; # com/mendix/m2ee/appcontainer/AppContainer$$Lambda+0x00000217d2543b68
instanceKlass  @cpi scala/io/Source$ 161 form vmentry <vmtarget> ; # java/lang/invoke/LambdaForm$DMH+0x00000217d2545000
instanceKlass  @bci com/mendix/m2ee/appcontainer/AppContainer $anonfun$testPortBindings$1 (Lcom/mendix/m2ee/appcontainer/AppContainer;IZLjava/lang/String;)Lscala/collection/IterableOnce; 3 <appendix> argL0 ; # com/mendix/m2ee/appcontainer/AppContainer$$Lambda+0x00000217d25438c0
instanceKlass scala/util/Using$
instanceKlass scala/collection/mutable/Builder$$anon$1
instanceKlass  @bci scala/collection/immutable/ArraySeq$ newBuilder (Lscala/reflect/ClassTag;)Lscala/collection/mutable/Builder; 12 <appendix> member <vmtarget> ; # scala/collection/immutable/ArraySeq$$$Lambda+0x00000217d252e7e0
instanceKlass scala/collection/mutable/GrowableBuilder
instanceKlass  @bci com/mendix/m2ee/appcontainer/AppContainer testPortBindings (IZLscala/collection/immutable/Seq;)Lscala/collection/immutable/Seq; 4 <adapter> ; # java/lang/invoke/LambdaForm$MH+0x00000217d2544c00
# instanceKlass java/lang/invoke/LambdaForm$DMH+0x00000217d2544800
instanceKlass  @bci com/mendix/m2ee/appcontainer/AppContainer testPortBindings (IZLscala/collection/immutable/Seq;)Lscala/collection/immutable/Seq; 4 <appendix> form vmentry <vmtarget> ; # java/lang/invoke/LambdaForm$DMH+0x00000217d2544400
instanceKlass  @bci com/mendix/m2ee/appcontainer/AppContainer testPortBindings (IZLscala/collection/immutable/Seq;)Lscala/collection/immutable/Seq; 4 <appendix> member <vmtarget> ; # com/mendix/m2ee/appcontainer/AppContainer$$Lambda+0x00000217d2543500
instanceKlass  @cpi com/mendix/m2ee/appcontainer/AppContainer 1607 form vmentry <vmtarget> ; # java/lang/invoke/LambdaForm$DMH+0x00000217d2544000
instanceKlass  @bci com/mendix/m2ee/appcontainer/AppContainer getConnectors (Lorg/eclipse/jetty/server/Server;ILorg/eclipse/jetty/server/HttpConfiguration;Lscala/Option;)Lscala/collection/immutable/Seq; 8 <appendix> argL0 ; # com/mendix/m2ee/appcontainer/AppContainer$$Lambda+0x00000217d2543148
instanceKlass  @bci org/eclipse/jetty/http/HttpMethod <clinit> ()V 782 <appendix> argL0 ; # org/eclipse/jetty/http/HttpMethod$$Lambda+0x00000217d2542f18
instanceKlass  @bci org/eclipse/jetty/http/HttpMethod <clinit> ()V 754 <appendix> argL0 ; # org/eclipse/jetty/http/HttpMethod$$Lambda+0x00000217d2542ce8
instanceKlass  @bci org/eclipse/jetty/http/HttpMethod <clinit> ()V 726 <appendix> argL0 ; # org/eclipse/jetty/http/HttpMethod$$Lambda+0x00000217d2542ab8
instanceKlass org/eclipse/jetty/http/MultiPartCompliance
instanceKlass org/eclipse/jetty/http/CookieCompliance
instanceKlass org/eclipse/jetty/http/UriCompliance
instanceKlass java/util/RegularEnumSet$EnumSetIterator
instanceKlass org/eclipse/jetty/http/HttpException
instanceKlass org/eclipse/jetty/io/QuietException
instanceKlass org/eclipse/jetty/http/ComplianceViolation
instanceKlass org/eclipse/jetty/http/HttpCompliance
instanceKlass org/eclipse/jetty/http/ComplianceViolation$Mode
instanceKlass  @bci org/eclipse/jetty/http/HttpScheme <clinit> ()V 80 <appendix> argL0 ; # org/eclipse/jetty/http/HttpScheme$$Lambda+0x00000217d253ef38
instanceKlass org/eclipse/jetty/util/URIUtil
instanceKlass org/eclipse/jetty/util/BufferUtil
instanceKlass org/eclipse/jetty/util/TreeTrie$Node
instanceKlass org/eclipse/jetty/util/component/DumpableMap
instanceKlass org/eclipse/jetty/util/resource/Resource
instanceKlass org/eclipse/jetty/util/resource/FileSystemPool
instanceKlass org/eclipse/jetty/io/internal/QueuedPool
instanceKlass  @bci org/eclipse/jetty/io/ArrayByteBufferPool$RetainedBucket <init> (Lorg/eclipse/jetty/io/ArrayByteBufferPool;II)V 120 <appendix> argL0 ; # org/eclipse/jetty/io/ArrayByteBufferPool$RetainedBucket$$Lambda+0x00000217d253cad0
instanceKlass java/util/function/ToIntFunction
instanceKlass org/eclipse/jetty/util/Pool$Entry
instanceKlass org/eclipse/jetty/util/ConcurrentPool
instanceKlass org/eclipse/jetty/io/internal/CompoundPool
instanceKlass org/eclipse/jetty/util/Pool
instanceKlass org/eclipse/jetty/io/ArrayByteBufferPool$RetainedBucket
instanceKlass  @bci org/eclipse/jetty/io/ArrayByteBufferPool <init> (IIIIJJLjava/util/function/IntUnaryOperator;Ljava/util/function/IntUnaryOperator;)V 131 <appendix> member <vmtarget> ; # org/eclipse/jetty/io/ArrayByteBufferPool$$Lambda+0x00000217d253b398
instanceKlass  @bci org/eclipse/jetty/io/ArrayByteBufferPool <init> (IIIIJJLjava/util/function/IntUnaryOperator;Ljava/util/function/IntUnaryOperator;)V 117 <appendix> member <vmtarget> ; # org/eclipse/jetty/io/ArrayByteBufferPool$$Lambda+0x00000217d253b168
instanceKlass java/util/function/IntUnaryOperator
instanceKlass org/eclipse/jetty/io/ByteBufferPool$Wrapper
instanceKlass org/eclipse/jetty/io/ByteBufferPool$NonPooling
instanceKlass org/eclipse/jetty/io/RetainableByteBuffer
instanceKlass org/eclipse/jetty/io/Retainable
instanceKlass org/eclipse/jetty/io/ArrayByteBufferPool
instanceKlass org/eclipse/jetty/util/thread/Scheduler$Task
instanceKlass org/eclipse/jetty/util/component/Container$Listener
instanceKlass org/eclipse/jetty/util/component/ContainerLifeCycle$Bean
instanceKlass org/eclipse/jetty/util/thread/ThreadPoolBudget$1
instanceKlass org/eclipse/jetty/util/thread/ThreadPoolBudget$Lease
instanceKlass org/eclipse/jetty/util/thread/ThreadPoolBudget
instanceKlass org/eclipse/jetty/util/MemoryUtils
instanceKlass org/eclipse/jetty/util/thread/QueuedThreadPool$Runner
instanceKlass  @bci org/eclipse/jetty/util/thread/QueuedThreadPool <clinit> ()V 8 <appendix> argL0 ; # org/eclipse/jetty/util/thread/QueuedThreadPool$$Lambda+0x00000217d25339b0
instanceKlass org/eclipse/jetty/util/thread/TryExecutor$1
instanceKlass org/eclipse/jetty/util/VirtualThreads$Configurable
instanceKlass org/eclipse/jetty/util/thread/TryExecutor
instanceKlass org/eclipse/jetty/util/thread/ThreadPool$SizedThreadPool
instanceKlass java/nio/file/FileVisitor
instanceKlass org/eclipse/jetty/util/IO
instanceKlass org/eclipse/jetty/util/Attributes$Wrapper
instanceKlass org/eclipse/jetty/util/thread/AutoLock
instanceKlass java/time/Instant$1
instanceKlass java/time/format/DateTimePrintContext
instanceKlass  @bci java/time/format/DateTimeFormatter <clinit> ()V 1075 <appendix> argL0 ; # java/time/format/DateTimeFormatter$$Lambda+0x80000000e
instanceKlass  @bci java/time/format/DateTimeFormatter <clinit> ()V 1067 <appendix> argL0 ; # java/time/format/DateTimeFormatter$$Lambda+0x80000000d
instanceKlass java/time/Period
instanceKlass java/time/chrono/ChronoPeriod
instanceKlass java/time/format/DateTimeFormatterBuilder$TextPrinterParser
instanceKlass java/time/format/DateTimeTextProvider$1
instanceKlass java/time/format/DateTimeTextProvider
instanceKlass java/time/format/DateTimeTextProvider$LocaleStore
instanceKlass java/time/format/DateTimeFormatterBuilder$InstantPrinterParser
instanceKlass java/time/format/DateTimeFormatterBuilder$StringLiteralPrinterParser
instanceKlass java/time/format/DateTimeFormatterBuilder$ZoneIdPrinterParser
instanceKlass java/time/format/DateTimeFormatterBuilder$OffsetIdPrinterParser
instanceKlass java/time/format/DecimalStyle
instanceKlass java/time/format/DateTimeFormatterBuilder$CompositePrinterParser
instanceKlass java/time/chrono/AbstractChronology
instanceKlass java/time/chrono/Chronology
instanceKlass java/time/format/DateTimeFormatterBuilder$CharLiteralPrinterParser
instanceKlass java/time/format/DateTimeFormatterBuilder$NumberPrinterParser
instanceKlass java/time/format/DateTimeFormatterBuilder$DateTimePrinterParser
instanceKlass java/time/temporal/JulianFields
instanceKlass java/time/temporal/IsoFields
instanceKlass  @bci java/time/format/DateTimeFormatterBuilder <clinit> ()V 0 <appendix> argL0 ; # java/time/format/DateTimeFormatterBuilder$$Lambda+0x80000000f
instanceKlass java/time/temporal/TemporalQuery
instanceKlass java/time/format/DateTimeFormatterBuilder
instanceKlass java/time/format/DateTimeFormatter
instanceKlass org/eclipse/jetty/util/Jetty
instanceKlass org/eclipse/jetty/util/Attributes$2
instanceKlass  @bci org/eclipse/jetty/util/thread/Invocable <clinit> ()V 0 <appendix> argL0 ; # org/eclipse/jetty/util/thread/Invocable$$Lambda+0x00000217d2535460
instanceKlass  @cpi org/eclipse/jetty/util/thread/QueuedThreadPool 970 form vmentry <vmtarget> ; # java/lang/invoke/LambdaForm$DMH+0x00000217d2532c00
instanceKlass org/eclipse/jetty/server/internal/ResponseHttpFields$Persistent
instanceKlass org/eclipse/jetty/io/ByteBufferPool
instanceKlass org/eclipse/jetty/util/thread/Scheduler
instanceKlass org/eclipse/jetty/util/thread/ThreadPool
instanceKlass org/eclipse/jetty/server/Context
instanceKlass org/eclipse/jetty/util/Decorator
instanceKlass org/eclipse/jetty/util/thread/Invocable$Task
instanceKlass  @bci com/mendix/m2ee/appcontainer/actions/UpdateAppContainerConfigurationAction execute (Lcom/mendix/m2ee/appcontainer/actions/UpdateAppContainerConfigurationAction$Params;)V 142 <appendix> form vmentry <vmtarget> ; # java/lang/invoke/LambdaForm$MH+0x00000217d2532800
# instanceKlass java/lang/invoke/LambdaForm$MH+0x00000217d2532400
instanceKlass  @bci com/mendix/m2ee/appcontainer/actions/UpdateAppContainerConfigurationAction execute (Lcom/mendix/m2ee/appcontainer/actions/UpdateAppContainerConfigurationAction$Params;)V 142 <appendix> argL3 form vmentry <vmtarget> ; # java/lang/invoke/LambdaForm$MH+0x00000217d2532000
# instanceKlass java/lang/invoke/LambdaForm$MH+0x00000217d2531c00
# instanceKlass java/lang/invoke/LambdaForm$MH+0x00000217d2531800
# instanceKlass java/lang/invoke/LambdaForm$MH+0x00000217d2531400
# instanceKlass java/lang/invoke/LambdaForm$MH+0x00000217d2531000
instanceKlass  @bci com/mendix/connectionbus/connections/jdbc/rendering/OqlRenderer renderIdentifier (Lcom/mendix/connectionbus/connections/jdbc/rendering/QueryStringBuilder;Ljava/lang/String;)V 33 <appendix> argL1 argL0 form vmentry <vmtarget> ; # java/lang/invoke/LambdaForm$MH+0x00000217d2530c00
# instanceKlass java/lang/invoke/LambdaForm$MH+0x00000217d2530800
# instanceKlass java/lang/invoke/LambdaForm$MH+0x00000217d2530400
# instanceKlass java/lang/invoke/LambdaForm$MH+0x00000217d2530000
instanceKlass  @bci com/mendix/m2ee/appcontainer/server/handler/HttpAdminHandlerBase <init> (Lcom/mendix/m2ee/appcontainer/AppContainer;Lcom/mendix/m2ee/appcontainer/config/AdminConfig;Lcom/mendix/logging/ILogNode;)V 69 <appendix> argL0 ; # com/mendix/m2ee/appcontainer/server/handler/HttpAdminHandlerBase$$Lambda+0x00000217d2521a18
instanceKlass sun/net/NetHooks
instanceKlass  @bci sun/nio/ch/NioSocketImpl closerFor (Ljava/io/FileDescriptor;Z)Ljava/lang/Runnable; 5 <appendix> member <vmtarget> ; # sun/nio/ch/NioSocketImpl$$Lambda+0x00000217d24c6638
instanceKlass jdk/net/ExtendedSocketOptions$2
instanceKlass jdk/net/ExtendedSocketOptions$PlatformSocketOptions
instanceKlass jdk/net/ExtendedSocketOptions$ExtSocketOption
instanceKlass java/net/SocketOption
instanceKlass jdk/net/ExtendedSocketOptions
instanceKlass sun/net/ext/ExtendedSocketOptions
instanceKlass sun/nio/ch/Net$1
instanceKlass java/net/ProtocolFamily
instanceKlass sun/nio/ch/Net
instanceKlass java/net/InetSocketAddress$InetSocketAddressHolder
instanceKlass sun/net/PlatformSocketImpl
instanceKlass java/net/SocketImpl
instanceKlass java/net/SocketOptions
instanceKlass java/util/concurrent/atomic/Striped64$1
instanceKlass java/net/InetAddress$CachedLookup
instanceKlass sun/net/InetAddressCachePolicy$1
instanceKlass sun/net/InetAddressCachePolicy
instanceKlass  @bci java/net/InetAddress getAddressesFromNameService (Ljava/lang/String;)[Ljava/net/InetAddress; 94 <appendix> argL0 ; # java/net/InetAddress$$Lambda+0x00000217d24c2970
instanceKlass  @bci java/net/InetAddress loadResolver ()Ljava/net/spi/InetAddressResolver; 8 <appendix> argL0 ; # java/net/InetAddress$$Lambda+0x00000217d24c2740
instanceKlass java/net/spi/InetAddressResolverProvider
instanceKlass java/net/InetAddress$NameServiceAddresses
instanceKlass java/net/InetAddress$Addresses
instanceKlass java/util/concurrent/ConcurrentSkipListMap$Iter
instanceKlass javax/net/ServerSocketFactory
instanceKlass com/mendix/m2ee/appcontainer/server/Util
instanceKlass  @bci com/mendix/m2ee/appcontainer/config/AdminConfig getAddresses ()Lscala/Option; 4 <appendix> argL0 ; # com/mendix/m2ee/appcontainer/config/AdminConfig$$Lambda+0x00000217d2521660
instanceKlass  @bci com/mendix/m2ee/appcontainer/server/handler/HttpAdminHandlerBase <init> (Lcom/mendix/m2ee/appcontainer/AppContainer;Lcom/mendix/m2ee/appcontainer/config/AdminConfig;Lcom/mendix/logging/ILogNode;)V 35 <appendix> argL0 ; # com/mendix/m2ee/appcontainer/server/handler/HttpAdminHandlerBase$$Lambda+0x00000217d25212a8
instanceKlass  @bci com/mendix/m2ee/appcontainer/server/handler/HttpAdminHandlerBase <init> (Lcom/mendix/m2ee/appcontainer/AppContainer;Lcom/mendix/m2ee/appcontainer/config/AdminConfig;Lcom/mendix/logging/ILogNode;)V 30 <appendix> argL0 ; # com/mendix/m2ee/appcontainer/server/handler/HttpAdminHandlerBase$$Lambda+0x00000217d2521000
instanceKlass com/mendix/m2ee/appcontainer/config/AdminConfig$
instanceKlass  @bci com/mendix/m2ee/appcontainer/AppContainer $anonfun$setupAdminHandlerAndActions$1 (Lcom/mendix/m2ee/appcontainer/AppContainer;)Lcom/mendix/m2ee/appcontainer/config/AdminConfig; 87 <appendix> argL0 ; # com/mendix/m2ee/appcontainer/AppContainer$$Lambda+0x00000217d2523838
instanceKlass scala/collection/ClassTagIterableFactory$AnyIterableDelegate
instanceKlass scala/collection/immutable/ArraySeq$
instanceKlass scala/collection/StrictOptimizedClassTagSeqFactory
instanceKlass scala/collection/ClassTagSeqFactory
instanceKlass  @bci com/mendix/m2ee/appcontainer/server/Util$ checkEnvString (Ljava/lang/String;ZLjava/lang/String;Lcom/mendix/logging/ILogNode;)Ljava/lang/String; 8 <appendix> member <vmtarget> ; # com/mendix/m2ee/appcontainer/server/Util$$$Lambda+0x00000217d2523588
instanceKlass com/mendix/m2ee/appcontainer/server/Util$
instanceKlass  @bci com/mendix/m2ee/appcontainer/AppContainer setupAdminHandlerAndActions (Lscala/Option;)V 2 <appendix> member <vmtarget> ; # com/mendix/m2ee/appcontainer/AppContainer$$Lambda+0x00000217d25230e0
instanceKlass  @bci com/mendix/m2ee/appcontainer/AppContainer start (Lscala/Option;Lscala/Option;Lscala/Option;)V 119 <appendix> argL0 ; # com/mendix/m2ee/appcontainer/AppContainer$$Lambda+0x00000217d2522d28
instanceKlass  @bci com/mendix/m2ee/appcontainer/AppContainer start (Lscala/Option;Lscala/Option;Lscala/Option;)V 106 <appendix> member <vmtarget> ; # com/mendix/m2ee/appcontainer/AppContainer$$Lambda+0x00000217d2522968
instanceKlass  @bci com/mendix/m2ee/appcontainer/AppContainer start (Lscala/Option;Lscala/Option;Lscala/Option;)V 86 <appendix> argL0 ; # com/mendix/m2ee/appcontainer/AppContainer$$Lambda+0x00000217d25225b0
instanceKlass scala/collection/Iterator$ConcatIteratorCell
instanceKlass  @bci scala/collection/MapOps concat (Lscala/collection/IterableOnce;)Lscala/collection/IterableOps; 37 <appendix> member <vmtarget> ; # scala/collection/MapOps$$Lambda+0x00000217d252a4f8
instanceKlass  @bci com/mendix/m2ee/appcontainer/AppContainer start (Lscala/Option;Lscala/Option;Lscala/Option;)V 69 <appendix> argL0 ; # com/mendix/m2ee/appcontainer/AppContainer$$Lambda+0x00000217d25221f8
instanceKlass scala/collection/immutable/RedBlackTree$Tree
instanceKlass scala/collection/immutable/RedBlackTree$
instanceKlass scala/collection/immutable/StrictOptimizedSortedSetOps
instanceKlass scala/collection/StrictOptimizedSortedSetOps
instanceKlass scala/collection/immutable/SortedSet
instanceKlass scala/collection/immutable/SortedSetOps
instanceKlass scala/collection/SortedSet
instanceKlass scala/collection/SortedSetFactoryDefaults
instanceKlass scala/collection/SortedSetOps
instanceKlass scala/collection/SortedOps
instanceKlass scala/math/Ordering$Reverse
instanceKlass scala/math/Ordering$Int$
instanceKlass scala/math/Ordering$IntOrdering
instanceKlass scala/math/Ordering$CachedReverse
instanceKlass scala/collection/immutable/TreeSet$
instanceKlass scala/collection/EvidenceIterableFactory$Delegate
instanceKlass scala/collection/SortedIterableFactory
instanceKlass com/mendix/m2ee/appcontainer/AppContainer$
instanceKlass  @bci com/mendix/m2ee/appcontainer/AppContainer start (Lscala/Option;Lscala/Option;Lscala/Option;)V 15 <appendix> member <vmtarget> ; # com/mendix/m2ee/appcontainer/AppContainer$$Lambda+0x00000217d250bd40
instanceKlass  @bci scala/PartialFunction$$anon$1 <init> ()V 5 <appendix> argL0 ; # scala/PartialFunction$$anon$1$$Lambda+0x00000217d2525098
instanceKlass scala/PartialFunction$$anon$1
instanceKlass  @bci scala/PartialFunction$ <clinit> ()V 18 <appendix> argL0 ; # scala/PartialFunction$$$Lambda+0x00000217d2524988
instanceKlass  @bci scala/PartialFunction$ <clinit> ()V 10 <appendix> argL0 ; # scala/PartialFunction$$$Lambda+0x00000217d25245d0
instanceKlass scala/PartialFunction$
instanceKlass com/mendix/shared/util/MiscUtils$AnyValueOps$
instanceKlass  @bci com/mendix/container/support/EventProcessorDelegate $anonfun$sendEvent$3 (Lcom/mendix/container/support/EventProcessorDelegate;Lorg/osgi/service/event/Event;Lorg/osgi/service/event/EventHandler;)Ljava/lang/Object; 3 <appendix> member <vmtarget> ; # com/mendix/container/support/EventProcessorDelegate$$Lambda+0x00000217d251fd28
instanceKlass  @bci com/mendix/container/support/EventProcessorDelegate sendEvent (Lorg/osgi/service/event/Event;)V 65 <appendix> member <vmtarget> ; # com/mendix/container/support/EventProcessorDelegate$$Lambda+0x00000217d251f968
instanceKlass  @bci scala/util/PropertiesTrait propOrNull (Ljava/lang/String;)Ljava/lang/String; 2 <appendix> argL0 ; # scala/util/PropertiesTrait$$Lambda+0x00000217d251f6c0
instanceKlass  @bci com/mendix/container/support/Logger$ readFromSystem (Ljava/lang/String;)Lscala/Option; 8 <appendix> member <vmtarget> ; # com/mendix/container/support/Logger$$$Lambda+0x00000217d251f410
instanceKlass  @bci scala/util/PropertiesTrait $init$ (Lscala/util/PropertiesTrait;)V 228 <appendix> argL0 ; # scala/util/PropertiesTrait$$Lambda+0x00000217d251f168
instanceKlass  @bci scala/util/PropertiesTrait $init$ (Lscala/util/PropertiesTrait;)V 202 <appendix> argL0 ; # scala/util/PropertiesTrait$$Lambda+0x00000217d251eec0
instanceKlass scala/util/Properties$
instanceKlass scala/util/PropertiesTrait
instanceKlass com/mendix/container/support/Logger$
instanceKlass  @bci com/mendix/container/support/EventProcessorDelegate sendEvent (Lorg/osgi/service/event/Event;)V 53 <appendix> member <vmtarget> ; # com/mendix/container/support/EventProcessorDelegate$$Lambda+0x00000217d251e420
instanceKlass org/osgi/service/event/EventProperties
instanceKlass scala/collection/mutable/MutationTracker$
instanceKlass  @bci scala/collection/mutable/ListBuffer iterator ()Lscala/collection/Iterator; 12 <appendix> member <vmtarget> ; # scala/collection/mutable/ListBuffer$$Lambda+0x00000217d251d988
instanceKlass scala/runtime/java8/JFunction0$mcI$sp
instanceKlass  @bci com/mendix/container/support/EventProcessor startSending (Lcom/mendix/container/support/EventProcessorDelegate;Ljava/util/Map;)V 17 <appendix> member <vmtarget> ; # com/mendix/container/support/EventProcessor$$Lambda+0x00000217d251ca28
# instanceKlass java/lang/invoke/LambdaForm$MH+0x00000217d2520c00
# instanceKlass java/lang/invoke/LambdaForm$MH+0x00000217d2520800
# instanceKlass java/lang/invoke/LambdaForm$MH+0x00000217d2520400
# instanceKlass java/lang/invoke/LambdaForm$MH+0x00000217d2520000
# instanceKlass java/lang/invoke/LambdaForm$DMH+0x00000217d2511c00
instanceKlass  @bci com/mendix/container/eventing/Eventing$ $anonfun$startSendingEvents$13 (Lcom/mendix/container/componentregistry/ComponentInstance;Ljava/lang/Class;Lcom/mendix/container/config/Config;Ljava/lang/Object;)Lscala/util/Either; 89 <appendix> member <vmtarget> ; # com/mendix/container/eventing/Eventing$$$Lambda+0x00000217d2515f90
instanceKlass  @bci com/mendix/container/eventing/Eventing$ $anonfun$startSendingEvents$13 (Lcom/mendix/container/componentregistry/ComponentInstance;Ljava/lang/Class;Lcom/mendix/container/config/Config;Ljava/lang/Object;)Lscala/util/Either; 73 <appendix> member <vmtarget> ; # com/mendix/container/eventing/Eventing$$$Lambda+0x00000217d2515bd0
instanceKlass  @bci com/mendix/container/eventing/Eventing$ $anonfun$startSendingEvents$13 (Lcom/mendix/container/componentregistry/ComponentInstance;Ljava/lang/Class;Lcom/mendix/container/config/Config;Ljava/lang/Object;)Lscala/util/Either; 57 <appendix> member <vmtarget> ; # com/mendix/container/eventing/Eventing$$$Lambda+0x00000217d2515810
instanceKlass  @bci com/mendix/container/eventing/Eventing$ $anonfun$startSendingEvents$13 (Lcom/mendix/container/componentregistry/ComponentInstance;Ljava/lang/Class;Lcom/mendix/container/config/Config;Ljava/lang/Object;)Lscala/util/Either; 5 <appendix> member <vmtarget> ; # com/mendix/container/eventing/Eventing$$$Lambda+0x00000217d2515560
instanceKlass  @bci com/mendix/container/eventing/Eventing$ startSendingEvents (Lcom/mendix/container/componentregistry/ComponentInstance;Lscala/collection/immutable/List;Lcom/mendix/container/config/Config;)Lscala/util/Either; 175 <appendix> member <vmtarget> ; # com/mendix/container/eventing/Eventing$$$Lambda+0x00000217d25151a0
instanceKlass scala/collection/convert/JavaCollectionWrappers$IteratorWrapper
instanceKlass scala/collection/convert/AsScalaExtensions$IteratorHasAsScala
instanceKlass scala/collection/convert/JavaCollectionWrappers$IterableWrapperTrait
instanceKlass scala/collection/convert/AsScalaExtensions$ListHasAsScala
instanceKlass  @bci com/mendix/container/support/EventProcessorDelegate <init> (Ljava/util/Map;)V 20 <appendix> argL0 ; # com/mendix/container/support/EventProcessorDelegate$$Lambda+0x00000217d25135f8
instanceKlass scala/collection/convert/JavaCollectionWrappers$JMapWrapperLike
instanceKlass scala/jdk/javaapi/CollectionConverters$
instanceKlass scala/collection/convert/AsJavaConverters
instanceKlass scala/collection/convert/AsScalaConverters
instanceKlass scala/collection/convert/AsScalaExtensions$MapHasAsScala
instanceKlass scala/jdk/CollectionConverters$
instanceKlass scala/collection/convert/AsScalaExtensions
instanceKlass scala/collection/convert/AsJavaExtensions
instanceKlass  @bci com/mendix/container/eventing/Eventing$ startSendingEvents (Lcom/mendix/container/componentregistry/ComponentInstance;Lscala/collection/immutable/List;Lcom/mendix/container/config/Config;)Lscala/util/Either; 159 <appendix> member <vmtarget> ; # com/mendix/container/eventing/Eventing$$$Lambda+0x00000217d2514de0
instanceKlass  @bci com/mendix/container/eventing/Eventing$ startSendingEvents (Lcom/mendix/container/componentregistry/ComponentInstance;Lscala/collection/immutable/List;Lcom/mendix/container/config/Config;)Lscala/util/Either; 145 <appendix> argL0 ; # com/mendix/container/eventing/Eventing$$$Lambda+0x00000217d2514b38
instanceKlass  @bci com/mendix/container/eventing/Eventing$ startSendingEvents (Lcom/mendix/container/componentregistry/ComponentInstance;Lscala/collection/immutable/List;Lcom/mendix/container/config/Config;)Lscala/util/Either; 137 <appendix> argL0 ; # com/mendix/container/eventing/Eventing$$$Lambda+0x00000217d2514780
instanceKlass  @bci com/mendix/container/eventing/Eventing$ $anonfun$startSendingEvents$7 (Lscala/collection/immutable/List;)Ljava/util/ArrayList; 10 <appendix> member <vmtarget> ; # com/mendix/container/eventing/Eventing$$$Lambda+0x00000217d25143c0
instanceKlass  @bci com/mendix/container/eventing/Eventing$ startSendingEvents (Lcom/mendix/container/componentregistry/ComponentInstance;Lscala/collection/immutable/List;Lcom/mendix/container/config/Config;)Lscala/util/Either; 106 <appendix> member <vmtarget> ; # com/mendix/container/eventing/Eventing$$$Lambda+0x00000217d2514000
instanceKlass  @bci com/mendix/container/eventing/Eventing$ startSendingEvents (Lcom/mendix/container/componentregistry/ComponentInstance;Lscala/collection/immutable/List;Lcom/mendix/container/config/Config;)Lscala/util/Either; 81 <appendix> argL0 ; # com/mendix/container/eventing/Eventing$$$Lambda+0x00000217d2377ab0
instanceKlass  @bci com/mendix/container/eventing/Eventing$ $anonfun$startSendingEvents$5 (Lscala/collection/immutable/List;)Lscala/collection/immutable/List; 1 <appendix> argL0 ; # com/mendix/container/eventing/Eventing$$$Lambda+0x00000217d23776f8
instanceKlass  @bci com/mendix/container/eventing/Eventing$ startSendingEvents (Lcom/mendix/container/componentregistry/ComponentInstance;Lscala/collection/immutable/List;Lcom/mendix/container/config/Config;)Lscala/util/Either; 51 <appendix> argL0 ; # com/mendix/container/eventing/Eventing$$$Lambda+0x00000217d2377340
instanceKlass  @bci scala/collection/IterableOps groupBy (Lscala/Function1;)Lscala/collection/immutable/Map; 48 <appendix> member <vmtarget> ; # scala/collection/IterableOps$$Lambda+0x00000217d2377090
instanceKlass  @bci com/mendix/container/eventing/Eventing$ startSendingEvents (Lcom/mendix/container/componentregistry/ComponentInstance;Lscala/collection/immutable/List;Lcom/mendix/container/config/Config;)Lscala/util/Either; 34 <appendix> argL0 ; # com/mendix/container/eventing/Eventing$$$Lambda+0x00000217d2376cd8
instanceKlass  @bci com/mendix/container/eventing/Eventing$ $anonfun$startSendingEvents$1 (Lcom/mendix/container/componentregistry/ComponentInstance;)Lscala/collection/immutable/List; 28 <appendix> member <vmtarget> ; # com/mendix/container/eventing/Eventing$$$Lambda+0x00000217d2376a28
instanceKlass  @bci com/mendix/container/eventing/Eventing$ $anonfun$startSendingEvents$1 (Lcom/mendix/container/componentregistry/ComponentInstance;)Lscala/collection/immutable/List; 7 <appendix> argL0 ; # com/mendix/container/eventing/Eventing$$$Lambda+0x00000217d2376670
instanceKlass  @bci com/mendix/container/eventing/Eventing$ startSendingEvents (Lcom/mendix/container/componentregistry/ComponentInstance;Lscala/collection/immutable/List;Lcom/mendix/container/config/Config;)Lscala/util/Either; 22 <appendix> argL0 ; # com/mendix/container/eventing/Eventing$$$Lambda+0x00000217d23762b8
instanceKlass com/mendix/container/support/EventProcessorDelegate
instanceKlass  @bci com/mendix/container/boot/Container$ $anonfun$doStart$10 (Lcom/mendix/container/config/Config;Lscala/Tuple4;)Lscala/util/Either; 60 <appendix> member <vmtarget> ; # com/mendix/container/boot/Container$$$Lambda+0x00000217d2375ef8
instanceKlass  @bci com/mendix/container/boot/Container$ $anonfun$doStart$11 (Lscala/collection/immutable/List;)Lscala/Tuple2; 6 <appendix> argL0 ; # com/mendix/container/boot/Container$$$Lambda+0x00000217d2375c50
instanceKlass  @bci com/mendix/container/boot/Container$ $anonfun$doStart$10 (Lcom/mendix/container/config/Config;Lscala/Tuple4;)Lscala/util/Either; 49 <appendix> argL0 ; # com/mendix/container/boot/Container$$$Lambda+0x00000217d2375898
instanceKlass  @bci com/mendix/container/wiring/Wiring$ wireRuntime (Lcom/mendix/container/componentregistry/ComponentInstance;Lscala/collection/immutable/List;)Lscala/util/Either; 15 <appendix> argL0 ; # com/mendix/container/wiring/Wiring$$$Lambda+0x00000217d23754e0
instanceKlass  @bci com/mendix/container/wiring/Wiring$ $anonfun$doWireRuntime$6 (Lcom/mendix/container/componentregistry/ComponentInstance;Lscala/collection/immutable/List;)Lscala/util/Either; 18 <appendix> argL0 ; # com/mendix/container/wiring/Wiring$$$Lambda+0x00000217d2375128
# instanceKlass java/lang/invoke/LambdaForm$MH+0x00000217d2511800
# instanceKlass java/lang/invoke/LambdaForm$MH+0x00000217d2511400
# instanceKlass java/lang/invoke/LambdaForm$MH+0x00000217d2511000
# instanceKlass java/lang/invoke/LambdaForm$MH+0x00000217d2510c00
# instanceKlass java/lang/invoke/LambdaForm$MH+0x00000217d2510800
# instanceKlass java/lang/invoke/LambdaForm$MH+0x00000217d2510400
# instanceKlass java/lang/invoke/LambdaForm$MH+0x00000217d2510000
# instanceKlass java/lang/invoke/LambdaForm$MH+0x00000217d2509c00
# instanceKlass java/lang/invoke/LambdaForm$MH+0x00000217d2509800
# instanceKlass java/lang/invoke/LambdaForm$MH+0x00000217d2509400
# instanceKlass java/lang/invoke/LambdaForm$DMH+0x00000217d2509000
instanceKlass org/eclipse/jetty/ee8/nested/Handler
instanceKlass org/eclipse/jetty/ee8/nested/HandlerContainer
instanceKlass com/mendix/thirdparty/org/json/JSONArray
instanceKlass org/eclipse/jetty/server/NetworkConnector
instanceKlass com/mendix/thirdparty/org/json/JSONObject
instanceKlass org/eclipse/jetty/server/HttpConfiguration
instanceKlass com/mendix/m2ee/appcontainer/jmx/statistics/JettyThreadPoolMXBean
instanceKlass com/mendix/m2ee/appcontainer/jmx/statistics/JettyMXBean
instanceKlass org/eclipse/jetty/server/Connector
instanceKlass org/eclipse/jetty/util/component/Graceful
instanceKlass com/mendix/m2ee/appcontainer/config/AdminConfig
instanceKlass com/mendix/m2ee/appcontainer/config/ContainerConfig
# instanceKlass java/lang/invoke/LambdaForm$MH+0x00000217d2508c00
# instanceKlass java/lang/invoke/LambdaForm$MH+0x00000217d2508800
# instanceKlass java/lang/invoke/LambdaForm$MH+0x00000217d2508400
# instanceKlass java/lang/invoke/LambdaForm$MH+0x00000217d2508000
# instanceKlass java/lang/invoke/LambdaForm$MH+0x00000217d2502c00
# instanceKlass java/lang/invoke/LambdaForm$MH+0x00000217d2502800
instanceKlass com/mendix/workflows/Workflow
instanceKlass com/mendix/workflows/UserTask
instanceKlass com/mendix/workflows/WorkflowDefinition
instanceKlass com/mendix/workflows/external/Expression
instanceKlass com/mendix/workflows/external/runtimeintegration/client/WorkflowClientActionNames$
instanceKlass com/mendix/workflows/internal/Result
instanceKlass  @bci com/mendix/container/wiring/ActivateTask activate (Lcom/mendix/container/componentregistry/ComponentInstance;)Lscala/util/Either; 72 <appendix> member <vmtarget> ; # com/mendix/container/wiring/ActivateTask$$Lambda+0x00000217d2374d68
instanceKlass  @bci com/mendix/modules/microflowengine/actions/impl/MicroflowActionRegistry registerMicroflowActionClass (Ljava/lang/Class;Lscala/Function1;)V 42 <appendix> member <vmtarget> ; # com/mendix/modules/microflowengine/actions/impl/MicroflowActionRegistry$$Lambda+0x00000217d2505b08
instanceKlass  @bci com/mendix/modules/microflowengine/actions/impl/MicroflowActionRegistry registerMicroflowActionClass (Ljava/lang/Class;Lscala/Function1;)V 12 <appendix> argL0 ; # com/mendix/modules/microflowengine/actions/impl/MicroflowActionRegistry$$Lambda+0x00000217d2505860
instanceKlass  @bci com/mendix/modules/microflowengine/actions/impl/MicroflowActionRegistry $anonfun$registerMicroflowActionFactory$1 (Lcom/mendix/modules/microflowengine/actions/impl/MicroflowActionRegistry;Lcom/mendix/microflows/MicroflowActionFactory;Ljava/lang/Class;)V 3 <appendix> member <vmtarget> ; # com/mendix/modules/microflowengine/actions/impl/MicroflowActionRegistry$$Lambda+0x00000217d25054a0
instanceKlass  @bci com/mendix/modules/microflowengine/actions/impl/MicroflowActionRegistry registerMicroflowActionFactory (Lcom/mendix/microflows/MicroflowActionFactory;)V 8 <appendix> member <vmtarget> ; # com/mendix/modules/microflowengine/actions/impl/MicroflowActionRegistry$$Lambda+0x00000217d25050e0
instanceKlass  @bci com/mendix/integration/internal/InternalIntegrationImpl start ()V 19 <appendix> member <vmtarget> ; # com/mendix/integration/internal/InternalIntegrationImpl$$Lambda+0x00000217d2504d20
instanceKlass com/mendix/integration/actions/microflow/WebServiceCallAction$
instanceKlass com/mendix/integration/actions/microflow/ImportAction$
instanceKlass com/mendix/integration/actions/microflow/ExportAction$
instanceKlass com/mendix/integration/actions/microflow/RestCallAction$
instanceKlass com/mendix/integration/model/microflow/TypedActionFactory
instanceKlass com/mendix/integration/model/microflow/ActionFactory
instanceKlass com/mendix/integration/actions/microflow/RestOperationCallAction$
instanceKlass  @bci com/mendix/integration/internal/InternalIntegrationImpl start ()V 5 <appendix> member <vmtarget> ; # com/mendix/integration/internal/InternalIntegrationImpl$$Lambda+0x00000217d24bef28
instanceKlass com/mendix/integration/actions/microflow/IntegrationMicroflowActions$
# instanceKlass java/lang/invoke/LambdaForm$MH+0x00000217d2502400
# instanceKlass java/lang/invoke/LambdaForm$MH+0x00000217d2502000
instanceKlass  @bci com/mendix/container/wiring/ActivateTask activate (Lcom/mendix/container/componentregistry/ComponentInstance;)Lscala/util/Either; 60 <appendix> member <vmtarget> ; # com/mendix/container/wiring/ActivateTask$$Lambda+0x00000217d2374780
instanceKlass  @bci jdk/internal/reflect/MethodHandleObjectFieldAccessorImpl set (Ljava/lang/Object;Ljava/lang/Object;)V 41 <adapter> ; # java/lang/invoke/LambdaForm$MH+0x00000217d2501c00
instanceKlass  @bci com/mendix/container/wiring/InjectDependencyTask$Reflect findField (Ljava/lang/Class;Ljava/lang/String;)Lscala/Option; 28 <appendix> member <vmtarget> ; # com/mendix/container/wiring/InjectDependencyTask$Reflect$$Lambda+0x00000217d2247cd0
instanceKlass  @bci com/mendix/container/wiring/InjectDependencyTask$Reflect findField (Ljava/lang/Class;Ljava/lang/String;)Lscala/Option; 17 <appendix> member <vmtarget> ; # com/mendix/container/wiring/InjectDependencyTask$Reflect$$Lambda+0x00000217d23743c0
instanceKlass com/mendix/modules/email/internal/EmailModuleProvider
instanceKlass scala/util/Random
instanceKlass com/mendix/basis/util/license/LicenseUtil$
instanceKlass com/mendix/basis/util/license/LicenseContextImpl
# instanceKlass java/lang/invoke/LambdaForm$MH+0x00000217d2501800
# instanceKlass java/lang/invoke/LambdaForm$MH+0x00000217d2501400
# instanceKlass java/lang/invoke/LambdaForm$MH+0x00000217d2501000
# instanceKlass java/lang/invoke/LambdaForm$MH+0x00000217d2500c00
# instanceKlass java/lang/invoke/LambdaForm$MH+0x00000217d2500800
# instanceKlass java/lang/invoke/LambdaForm$MH+0x00000217d2500400
# instanceKlass java/lang/invoke/LambdaForm$MH+0x00000217d2500000
instanceKlass  @bci com/mendix/connectionbus/modelsynchronization/analysis/mappingreaders/SystemTableFetcher$ readData (Ljava/sql/Statement;Lcom/mendix/connectionbus/connections/jdbc/rendering/IOqlRenderer;Lcom/mendix/connectionbus/modelsynchronization/changeinfo/databaserepresentation/Table;Lcom/mendix/connectionbus/modelsynchronization/changeinfo/databaserepresentation/Column;Lcom/mendix/connectionbus/modelsynchronization/changeinfo/databaserepresentation/Column;Lcom/mendix/connectionbus/modelsynchronization/changeinfo/databaserepresentation/Column;Lcom/mendix/shared/util/TypedResultSet$TypedGet;Lcom/mendix/shared/util/TypedResultSet$TypedGet;Lcom/mendix/shared/util/TypedResultSet$TypedGet;)Lscala/collection/immutable/List; 62 <appendix> form vmentry <vmtarget> ; # java/lang/invoke/LambdaForm$DMH+0x00000217d24bdc00
instanceKlass com/mendix/basis/util/license/LicenseService
instanceKlass com/mendix/basis/util/license/salt/SaltService
instanceKlass com/mendix/basis/util/license/LicenseContext
instanceKlass com/mendix/modules/exportmanager/excel/internal/ExcelExporterProvider
# instanceKlass java/lang/invoke/LambdaForm$MH+0x00000217d24bd800
# instanceKlass java/lang/invoke/LambdaForm$MH+0x00000217d24bd400
# instanceKlass java/lang/invoke/LambdaForm$MH+0x00000217d24bd000
# instanceKlass java/lang/invoke/LambdaForm$MH+0x00000217d24bcc00
# instanceKlass java/lang/invoke/LambdaForm$MH+0x00000217d24bc800
# instanceKlass java/lang/invoke/LambdaForm$MH+0x00000217d24bc400
instanceKlass com/mendix/modules/microflowengine/actions/impl/CoreMicroflowActionFactory$
instanceKlass com/mendix/languages/mxexpressions/MxExpression
instanceKlass java/util/Collections$UnmodifiableMap$UnmodifiableEntrySet$UnmodifiableEntry
instanceKlass java/util/Collections$UnmodifiableMap$UnmodifiableEntrySet$1
instanceKlass  @bci org/eclipse/jetty/http/MimeTypes$1 <init> (Lorg/eclipse/jetty/http/MimeTypes;)V 449 <appendix> member <vmtarget> ; # org/eclipse/jetty/http/MimeTypes$1$$Lambda+0x00000217d24bb220
instanceKlass  @bci org/eclipse/jetty/http/MimeTypes$1 <init> (Lorg/eclipse/jetty/http/MimeTypes;)V 436 <appendix> argL0 ; # org/eclipse/jetty/http/MimeTypes$1$$Lambda+0x00000217d24bafe0
instanceKlass  @bci org/eclipse/jetty/http/MimeTypes$1 <init> (Lorg/eclipse/jetty/http/MimeTypes;)V 141 <appendix> member <vmtarget> ; # org/eclipse/jetty/http/MimeTypes$1$$Lambda+0x00000217d24badb8
instanceKlass  @bci org/eclipse/jetty/http/MimeTypes$1 <init> (Lorg/eclipse/jetty/http/MimeTypes;)V 128 <appendix> argL0 ; # org/eclipse/jetty/http/MimeTypes$1$$Lambda+0x00000217d24bab78
instanceKlass java/util/EnumMap$EnumMapIterator
instanceKlass  @bci org/eclipse/jetty/http/HttpHeader <clinit> ()V 1768 <appendix> argL0 ; # org/eclipse/jetty/http/HttpHeader$$Lambda+0x00000217d24ba760
instanceKlass org/eclipse/jetty/http/Http1FieldPreEncoder
instanceKlass  @bci org/eclipse/jetty/http/PreEncodedHttpField <clinit> ()V 28 <appendix> argL0 ; # org/eclipse/jetty/http/PreEncodedHttpField$$Lambda+0x00000217d24b9aa0
instanceKlass  @cpi org/eclipse/jetty/ee8/nested/HttpChannelListeners$NotifyRequest 29 form vmentry <vmtarget> ; # java/lang/invoke/LambdaForm$DMH+0x00000217d24bc000
instanceKlass org/eclipse/jetty/util/ServiceLoaderSpliterator
instanceKlass  @bci org/eclipse/jetty/util/TypeUtil <clinit> ()V 732 <appendix> argL0 ; # org/eclipse/jetty/util/TypeUtil$$Lambda+0x00000217d24b95e0
instanceKlass  @bci org/eclipse/jetty/util/TypeUtil <clinit> ()V 717 <appendix> argL0 ; # org/eclipse/jetty/util/TypeUtil$$Lambda+0x00000217d24b93b0
instanceKlass  @bci org/eclipse/jetty/util/TypeUtil <clinit> ()V 702 <appendix> argL0 ; # org/eclipse/jetty/util/TypeUtil$$Lambda+0x00000217d24b9180
instanceKlass  @bci org/eclipse/jetty/util/TypeUtil <clinit> ()V 687 <appendix> argL0 ; # org/eclipse/jetty/util/TypeUtil$$Lambda+0x00000217d24b8f50
instanceKlass  @bci org/eclipse/jetty/util/TypeUtil <clinit> ()V 672 <appendix> argL0 ; # org/eclipse/jetty/util/TypeUtil$$Lambda+0x00000217d24b8d20
instanceKlass  @bci org/eclipse/jetty/util/TypeUtil <clinit> ()V 657 <appendix> argL0 ; # org/eclipse/jetty/util/TypeUtil$$Lambda+0x00000217d24b8af0
instanceKlass  @bci org/eclipse/jetty/util/TypeUtil <clinit> ()V 642 <appendix> argL0 ; # org/eclipse/jetty/util/TypeUtil$$Lambda+0x00000217d24b88c0
instanceKlass  @bci org/eclipse/jetty/util/TypeUtil <clinit> ()V 627 <appendix> argL0 ; # org/eclipse/jetty/util/TypeUtil$$Lambda+0x00000217d24b8690
instanceKlass  @bci org/eclipse/jetty/util/TypeUtil <clinit> ()V 612 <appendix> argL0 ; # org/eclipse/jetty/util/TypeUtil$$Lambda+0x00000217d24b8460
instanceKlass  @bci org/eclipse/jetty/util/TypeUtil <clinit> ()V 597 <appendix> argL0 ; # org/eclipse/jetty/util/TypeUtil$$Lambda+0x00000217d24b8230
instanceKlass  @bci org/eclipse/jetty/util/TypeUtil <clinit> ()V 582 <appendix> argL0 ; # org/eclipse/jetty/util/TypeUtil$$Lambda+0x00000217d24b8000
instanceKlass  @bci org/eclipse/jetty/util/TypeUtil <clinit> ()V 567 <appendix> argL0 ; # org/eclipse/jetty/util/TypeUtil$$Lambda+0x00000217d24b7c58
instanceKlass  @bci org/eclipse/jetty/util/TypeUtil <clinit> ()V 552 <appendix> argL0 ; # org/eclipse/jetty/util/TypeUtil$$Lambda+0x00000217d24b7a28
instanceKlass  @bci org/eclipse/jetty/util/TypeUtil <clinit> ()V 537 <appendix> argL0 ; # org/eclipse/jetty/util/TypeUtil$$Lambda+0x00000217d24b77f8
instanceKlass org/eclipse/jetty/util/TypeUtil
instanceKlass org/eclipse/jetty/http/HttpFieldPreEncoder
instanceKlass  @bci org/eclipse/jetty/http/HttpVersion <clinit> ()V 105 <appendix> argL0 ; # org/eclipse/jetty/http/HttpVersion$$Lambda+0x00000217d24b71e0
instanceKlass org/eclipse/jetty/util/RFC9110QuotedStringTokenizer
instanceKlass org/eclipse/jetty/util/StringUtil
instanceKlass org/eclipse/jetty/util/QuotedStringTokenizer$Builder
instanceKlass org/eclipse/jetty/util/QuotedStringTokenizer
instanceKlass org/eclipse/jetty/http/HttpField
instanceKlass  @bci org/eclipse/jetty/http/MimeTypes <clinit> ()V 138 <appendix> argL0 ; # org/eclipse/jetty/http/MimeTypes$$Lambda+0x00000217d24b32b0
instanceKlass org/eclipse/jetty/util/ArrayTrie$Node
instanceKlass  @bci org/eclipse/jetty/util/AbstractTrie requiredCapacity (Ljava/util/Set;Z)I 21 <appendix> argL0 ; # org/eclipse/jetty/util/AbstractTrie$$Lambda+0x00000217d24b2c98
instanceKlass org/eclipse/jetty/util/AbstractTrie
instanceKlass org/eclipse/jetty/util/Index$Mutable
instanceKlass org/eclipse/jetty/util/Index
instanceKlass org/eclipse/jetty/util/Index$Builder
instanceKlass  @bci sun/util/locale/provider/JRELocaleProviderAdapter getCalendarDataProvider ()Ljava/util/spi/CalendarDataProvider; 8 <appendix> member <vmtarget> ; # sun/util/locale/provider/JRELocaleProviderAdapter$$Lambda+0x00000217d247f198
instanceKlass  @bci sun/util/cldr/CLDRLocaleProviderAdapter getCalendarDataProvider ()Ljava/util/spi/CalendarDataProvider; 8 <appendix> member <vmtarget> ; # sun/util/cldr/CLDRLocaleProviderAdapter$$Lambda+0x800000062
instanceKlass  @bci org/apache/commons/dbcp2/DelegatingDatabaseMetaData getTables (Ljava/lang/String;Ljava/lang/String;Ljava/lang/String;[Ljava/lang/String;)Ljava/sql/ResultSet; 7 <bsm> form vmentry <vmtarget> ; # java/lang/invoke/LambdaForm$DMH+0x00000217d24b5400
instanceKlass  @bci sun/util/locale/provider/JRELocaleProviderAdapter getTimeZoneNameProvider ()Ljava/util/spi/TimeZoneNameProvider; 8 <appendix> member <vmtarget> ; # sun/util/locale/provider/JRELocaleProviderAdapter$$Lambda+0x00000217d247ef80
instanceKlass  @bci sun/util/cldr/CLDRLocaleProviderAdapter getTimeZoneNameProvider ()Ljava/util/spi/TimeZoneNameProvider; 8 <appendix> member <vmtarget> ; # sun/util/cldr/CLDRLocaleProviderAdapter$$Lambda+0x00000217d247e908
instanceKlass  @bci sun/util/locale/provider/JRELocaleProviderAdapter getLocaleNameProvider ()Ljava/util/spi/LocaleNameProvider; 8 <appendix> member <vmtarget> ; # sun/util/locale/provider/JRELocaleProviderAdapter$$Lambda+0x00000217d247e490
instanceKlass  @bci sun/util/locale/provider/JRELocaleProviderAdapter getCurrencyNameProvider ()Ljava/util/spi/CurrencyNameProvider; 8 <appendix> member <vmtarget> ; # sun/util/locale/provider/JRELocaleProviderAdapter$$Lambda+0x00000217d247e038
instanceKlass  @bci sun/util/locale/provider/JRELocaleProviderAdapter createAvailableLocales ()[Ljava/util/Locale; 50 <appendix> argL0 ; # sun/util/locale/provider/JRELocaleProviderAdapter$$Lambda+0x00000217d247db80
instanceKlass java/util/stream/DistinctOps
instanceKlass  @bci sun/util/locale/provider/JRELocaleProviderAdapter createAvailableLocales ()[Ljava/util/Locale; 35 <appendix> argL0 ; # sun/util/locale/provider/JRELocaleProviderAdapter$$Lambda+0x00000217d247cd68
instanceKlass sun/util/locale/provider/JRELocaleProviderAdapter$AvailableJRELocales
instanceKlass  @bci sun/util/cldr/CLDRLocaleProviderAdapter getAvailableLocales ()[Ljava/util/Locale; 27 <appendix> argL0 ; # sun/util/cldr/CLDRLocaleProviderAdapter$$Lambda+0x00000217d247c960
instanceKlass  @bci sun/util/cldr/CLDRLocaleProviderAdapter getAvailableLocales ()[Ljava/util/Locale; 17 <appendix> argL0 ; # sun/util/cldr/CLDRLocaleProviderAdapter$$Lambda+0x00000217d247c730
instanceKlass  @bci sun/util/locale/provider/JRELocaleProviderAdapter getNumberFormatProvider ()Ljava/text/spi/NumberFormatProvider; 8 <appendix> member <vmtarget> ; # sun/util/locale/provider/JRELocaleProviderAdapter$$Lambda+0x800000067
instanceKlass  @bci sun/util/locale/provider/JRELocaleProviderAdapter getDecimalFormatSymbolsProvider ()Ljava/text/spi/DecimalFormatSymbolsProvider; 8 <appendix> member <vmtarget> ; # sun/util/locale/provider/JRELocaleProviderAdapter$$Lambda+0x800000066
instanceKlass  @bci sun/util/locale/provider/JRELocaleProviderAdapter getDateFormatSymbolsProvider ()Ljava/text/spi/DateFormatSymbolsProvider; 8 <appendix> member <vmtarget> ; # sun/util/locale/provider/JRELocaleProviderAdapter$$Lambda+0x800000065
instanceKlass  @bci sun/util/locale/provider/JRELocaleProviderAdapter getDateFormatProvider ()Ljava/text/spi/DateFormatProvider; 8 <appendix> member <vmtarget> ; # sun/util/locale/provider/JRELocaleProviderAdapter$$Lambda+0x800000064
instanceKlass  @bci sun/util/locale/provider/JRELocaleProviderAdapter getCollatorProvider ()Ljava/text/spi/CollatorProvider; 8 <appendix> member <vmtarget> ; # sun/util/locale/provider/JRELocaleProviderAdapter$$Lambda+0x00000217d247c2e0
instanceKlass java/util/Locale$LocaleKey
instanceKlass sun/util/locale/Extension
instanceKlass sun/util/locale/LocaleExtensions
instanceKlass sun/util/locale/provider/JRELocaleConstants
instanceKlass java/util/stream/Nodes$ArrayNode
instanceKlass  @bci sun/util/locale/provider/LocaleProviderAdapter toLocaleArray (Ljava/util/Set;)[Ljava/util/Locale; 16 <appendix> argL0 ; # sun/util/locale/provider/LocaleProviderAdapter$$Lambda+0x800000069
instanceKlass  @bci sun/util/locale/provider/LocaleProviderAdapter toLocaleArray (Ljava/util/Set;)[Ljava/util/Locale; 6 <appendix> argL0 ; # sun/util/locale/provider/LocaleProviderAdapter$$Lambda+0x800000068
instanceKlass java/util/Spliterators$IteratorSpliterator
instanceKlass sun/util/resources/provider/NonBaseLocaleDataMetaInfo
instanceKlass  @bci sun/util/locale/provider/JRELocaleProviderAdapter createSupportedLocaleString (Ljava/lang/String;)Ljava/lang/String; 6 <appendix> member <vmtarget> ; # sun/util/locale/provider/JRELocaleProviderAdapter$$Lambda+0x00000217d247b638
instanceKlass sun/util/locale/provider/BaseLocaleDataMetaInfo
instanceKlass sun/util/locale/provider/AvailableLanguageTags
instanceKlass  @bci sun/util/locale/provider/JRELocaleProviderAdapter getBreakIteratorProvider ()Ljava/text/spi/BreakIteratorProvider; 8 <appendix> member <vmtarget> ; # sun/util/locale/provider/JRELocaleProviderAdapter$$Lambda+0x00000217d247af88
instanceKlass sun/util/resources/cldr/provider/CLDRLocaleDataMetaInfo
instanceKlass  @bci sun/util/cldr/CLDRLocaleProviderAdapter <init> ()V 4 <appendix> argL0 ; # sun/util/cldr/CLDRLocaleProviderAdapter$$Lambda+0x800000061
instanceKlass sun/util/locale/BaseLocale$Key
instanceKlass sun/util/locale/InternalLocaleBuilder$CaseInsensitiveChar
instanceKlass sun/util/locale/InternalLocaleBuilder
instanceKlass sun/util/locale/StringTokenIterator
instanceKlass sun/util/locale/ParseStatus
instanceKlass sun/util/locale/LanguageTag
instanceKlass sun/util/cldr/CLDRBaseLocaleDataMetaInfo
instanceKlass sun/util/locale/provider/LocaleDataMetaInfo
instanceKlass sun/util/locale/provider/ResourceBundleBasedAdapter
instanceKlass sun/util/locale/provider/LocaleProviderAdapter
instanceKlass sun/util/locale/provider/LocaleServiceProviderPool$AllAvailableLocales
instanceKlass java/util/spi/LocaleServiceProvider
instanceKlass sun/util/locale/provider/LocaleServiceProviderPool
instanceKlass org/eclipse/jetty/http/MimeTypes
# instanceKlass java/lang/invoke/LambdaForm$MH+0x00000217d24b5000
# instanceKlass java/lang/invoke/LambdaForm$MH+0x00000217d24b4c00
# instanceKlass java/lang/invoke/LambdaForm$MH+0x00000217d24b4800
# instanceKlass java/lang/invoke/LambdaForm$MH+0x00000217d24b4400
# instanceKlass java/lang/invoke/LambdaForm$MH+0x00000217d24b4000
instanceKlass javax/websocket/server/ServerEndpointConfig$Configurator
instanceKlass org/eclipse/jetty/util/component/AbstractLifeCycle
instanceKlass org/eclipse/jetty/util/component/Dumpable$DumpableContainer
instanceKlass org/eclipse/jetty/util/component/Dumpable
instanceKlass org/eclipse/jetty/util/component/Container
instanceKlass org/eclipse/jetty/server/Handler$Singleton
instanceKlass org/eclipse/jetty/server/Handler$Container
instanceKlass org/eclipse/jetty/server/Handler
instanceKlass org/eclipse/jetty/server/Request$Handler
instanceKlass org/eclipse/jetty/util/thread/Invocable
instanceKlass org/eclipse/jetty/util/component/Destroyable
instanceKlass org/eclipse/jetty/util/component/LifeCycle
instanceKlass org/eclipse/jetty/server/AliasCheck
instanceKlass org/eclipse/jetty/util/Attributes
instanceKlass javax/servlet/ServletContext
instanceKlass java/net/SocketAddress
instanceKlass com/mendix/documentexporter/documents/FOBasedDocument
instanceKlass com/mendix/workflows/definition/migration/VersionedModelJsonSerialization
instanceKlass com/mendix/workflows/internal/WorkflowsModule
instanceKlass com/mendix/workflows/external/Logger
instanceKlass com/mendix/workflows/instance/ActivityDetailsJsonSerialization
instanceKlass com/mendix/workflows/external/TemplateParser
instanceKlass com/mendix/workflows/external/ExpressionParser
instanceKlass com/mendix/workflows/definition/UserConstraintParser
instanceKlass com/mendix/workflows/external/ConditionParser
instanceKlass com/mendix/workflows/external/TransactionManager
instanceKlass com/mendix/modules/queue/TaskQueue
instanceKlass com/mendix/modules/queue/QueueConfiguration
instanceKlass com/mendix/modules/queue/QueueIdentity
instanceKlass com/mendix/basis/session/Language
instanceKlass com/mendix/basis/connectionbus/modelsynchronization/SQLCommand
instanceKlass com/mendix/modules/debugger/Debugger
instanceKlass com/mendix/modules/queue/ScheduledEvents
instanceKlass com/mendix/basis/impl/NodeManagement
instanceKlass com/mendix/basis/action/system/ClusterManagementAction
instanceKlass com/mendix/basis/action/system/ManagementAction
instanceKlass com/mendix/modules/queue/ScheduledEventActions
instanceKlass com/mendix/basis/session/SessionManager
instanceKlass com/mendix/modules/queue/TaskQueues
instanceKlass scala/runtime/AbstractFunction1
instanceKlass com/mendix/util/startupmeter/MeterResult
instanceKlass com/mendix/m2ee/api/RuntimeMeterResult
instanceKlass com/mendix/basis/component/internal/LocalComponentImpl
instanceKlass com/mendix/basis/component/internal/ConfigurationLogger
instanceKlass com/mendix/modules/email/interfaces/ISMTPConfiguration
instanceKlass com/mendix/datastorage/Row
instanceKlass com/mendix/util/startupmeter/StartUpMeter$
instanceKlass com/mendix/util/startupmeter/StartUpMeter
# instanceKlass java/lang/invoke/LambdaForm$MH+0x00000217d24a2800
# instanceKlass java/lang/invoke/LambdaForm$MH+0x00000217d24a2400
# instanceKlass java/lang/invoke/LambdaForm$DMH+0x00000217d24a2000
# instanceKlass java/lang/invoke/LambdaForm$MH+0x00000217d24a1c00
# instanceKlass java/lang/invoke/LambdaForm$DMH+0x00000217d24a1800
# instanceKlass java/lang/invoke/LambdaForm$MH+0x00000217d24a1400
# instanceKlass java/lang/invoke/LambdaForm$DMH+0x00000217d24a1000
# instanceKlass java/lang/invoke/LambdaForm$MH+0x00000217d24a0c00
# instanceKlass java/lang/invoke/LambdaForm$DMH+0x00000217d24a0800
# instanceKlass java/lang/invoke/LambdaForm$MH+0x00000217d24a0400
# instanceKlass java/lang/invoke/LambdaForm$DMH+0x00000217d24a0000
# instanceKlass java/lang/invoke/LambdaForm$MH+0x00000217d249fc00
# instanceKlass java/lang/invoke/LambdaForm$DMH+0x00000217d249f800
# instanceKlass java/lang/invoke/LambdaForm$MH+0x00000217d249f400
# instanceKlass java/lang/invoke/LambdaForm$DMH+0x00000217d249f000
# instanceKlass java/lang/invoke/LambdaForm$MH+0x00000217d249ec00
# instanceKlass java/lang/invoke/LambdaForm$DMH+0x00000217d249e800
# instanceKlass java/lang/invoke/LambdaForm$MH+0x00000217d249e400
# instanceKlass java/lang/invoke/LambdaForm$DMH+0x00000217d249e000
# instanceKlass java/lang/invoke/LambdaForm$MH+0x00000217d249dc00
# instanceKlass java/lang/invoke/LambdaForm$DMH+0x00000217d249d800
# instanceKlass java/lang/invoke/LambdaForm$MH+0x00000217d249d400
# instanceKlass java/lang/invoke/LambdaForm$DMH+0x00000217d249d000
# instanceKlass java/lang/invoke/LambdaForm$MH+0x00000217d249cc00
# instanceKlass java/lang/invoke/LambdaForm$DMH+0x00000217d249c800
# instanceKlass java/lang/invoke/LambdaForm$MH+0x00000217d249c400
# instanceKlass java/lang/invoke/LambdaForm$DMH+0x00000217d249c000
# instanceKlass java/lang/invoke/LambdaForm$MH+0x00000217d249bc00
# instanceKlass java/lang/invoke/LambdaForm$DMH+0x00000217d249b800
# instanceKlass java/lang/invoke/LambdaForm$MH+0x00000217d249b400
# instanceKlass java/lang/invoke/LambdaForm$DMH+0x00000217d249b000
# instanceKlass java/lang/invoke/LambdaForm$MH+0x00000217d249ac00
# instanceKlass java/lang/invoke/LambdaForm$DMH+0x00000217d249a800
# instanceKlass java/lang/invoke/LambdaForm$MH+0x00000217d249a400
# instanceKlass java/lang/invoke/LambdaForm$DMH+0x00000217d249a000
# instanceKlass java/lang/invoke/LambdaForm$MH+0x00000217d2499c00
# instanceKlass java/lang/invoke/LambdaForm$DMH+0x00000217d2499800
instanceKlass java/lang/invoke/ClassSpecializer$Factory$1Var
# instanceKlass java/lang/invoke/LambdaForm$MH+0x00000217d2499400
# instanceKlass java/lang/invoke/LambdaForm$MH+0x00000217d2499000
# instanceKlass java/lang/invoke/LambdaForm$MH+0x00000217d2498c00
# instanceKlass java/lang/invoke/LambdaForm$MH+0x00000217d2498800
# instanceKlass java/lang/invoke/LambdaForm$MH+0x00000217d2498400
# instanceKlass java/lang/invoke/LambdaForm$MH+0x00000217d2498000
# instanceKlass java/lang/invoke/LambdaForm$MH+0x00000217d2491c00
# instanceKlass java/lang/invoke/LambdaForm$MH+0x00000217d2491800
# instanceKlass java/lang/invoke/LambdaForm$BMH+0x00000217d2491400
# instanceKlass java/lang/invoke/LambdaForm$DMH+0x00000217d2491000
# instanceKlass java/lang/invoke/LambdaForm$DMH+0x00000217d2490c00
instanceKlass com/mendix/basis/action/admin/AdminUserManagementAction
instanceKlass com/mendix/m2ee/api/AdminAction
instanceKlass com/mendix/basis/connectionbus/SystemPropertyManager$Key
instanceKlass com/mendix/m2ee/api/RuntimeStartUpMeter
instanceKlass com/mendix/basis/impl/MxRuntimeImpl$State
instanceKlass com/mendix/modules/opentelemetry/MxRuntimeRequestGetter
# instanceKlass java/lang/invoke/LambdaForm$MH+0x00000217d2490800
# instanceKlass java/lang/invoke/LambdaForm$MH+0x00000217d2490400
# instanceKlass java/lang/invoke/LambdaForm$MH+0x00000217d2490000
# instanceKlass java/lang/invoke/LambdaForm$MH+0x00000217d248b400
instanceKlass com/mendix/external/connector/RequestHandlerStatistics$ReadOnly
instanceKlass io/opentelemetry/context/propagation/TextMapGetter
instanceKlass  @bci com/mendix/basis/objectmanagement/SchemeManagerImpl <init> (Lcom/mendix/basis/connectionbus/ConnectionBus;Lcom/mendix/logging/ILogManager;Lscala/Function0;Lcom/mendix/modelstorage/ProjectModelStore;Lscala/Function0;)V 44 <appendix> argL0 ; # com/mendix/basis/objectmanagement/SchemeManagerImpl$$Lambda+0x00000217d248b800
# instanceKlass java/lang/invoke/LambdaForm$MH+0x00000217d248b000
# instanceKlass java/lang/invoke/LambdaForm$MH+0x00000217d248ac00
# instanceKlass java/lang/invoke/LambdaForm$MH+0x00000217d248a800
# instanceKlass java/lang/invoke/LambdaForm$MH+0x00000217d248a400
# instanceKlass java/lang/invoke/LambdaForm$MH+0x00000217d248a000
# instanceKlass java/lang/invoke/LambdaForm$MH+0x00000217d2489c00
instanceKlass com/mendix/metrics/InternalMetrics$NameCheck$PublicPrefixCheck$
instanceKlass com/mendix/basis/objectmanagement/meta/metamodel/FileStoreBinaryMember$
instanceKlass com/mendix/core/actionmanagement/internal/LoginActionHandler
instanceKlass java/time/Clock
instanceKlass java/time/InstantSource
instanceKlass com/mendix/metrics/InternalMetrics$NameCheck
instanceKlass  @bci com/mendix/connectionbus/ConnectionMinibus <init> (Lcom/mendix/connectionbus/configuration/MainDatabaseConfiguration;Lcom/mendix/connectionbus/configuration/DataStorageConfiguration;Lcom/mendix/logging/ILogManager;Lio/micrometer/core/instrument/MeterRegistry;)V 248 <appendix> member <vmtarget> ; # com/mendix/connectionbus/ConnectionMinibus$$Lambda+0x00000217d248e808
instanceKlass  @bci com/mendix/connectionbus/ConnectionMinibus <init> (Lcom/mendix/connectionbus/configuration/MainDatabaseConfiguration;Lcom/mendix/connectionbus/configuration/DataStorageConfiguration;Lcom/mendix/logging/ILogManager;Lio/micrometer/core/instrument/MeterRegistry;)V 224 <appendix> member <vmtarget> ; # com/mendix/connectionbus/ConnectionMinibus$$Lambda+0x00000217d248df70
instanceKlass  @bci com/mendix/connectionbus/ConnectionMinibus <init> (Lcom/mendix/connectionbus/configuration/MainDatabaseConfiguration;Lcom/mendix/connectionbus/configuration/DataStorageConfiguration;Lcom/mendix/logging/ILogManager;Lio/micrometer/core/instrument/MeterRegistry;)V 200 <appendix> member <vmtarget> ; # com/mendix/connectionbus/ConnectionMinibus$$Lambda+0x00000217d248d6d0
instanceKlass  @bci com/mendix/connectionbus/ConnectionMinibus <init> (Lcom/mendix/connectionbus/configuration/MainDatabaseConfiguration;Lcom/mendix/connectionbus/configuration/DataStorageConfiguration;Lcom/mendix/logging/ILogManager;Lio/micrometer/core/instrument/MeterRegistry;)V 176 <appendix> member <vmtarget> ; # com/mendix/connectionbus/ConnectionMinibus$$Lambda+0x00000217d248ce38
instanceKlass  @bci com/mendix/connectionbus/ConnectionMinibus <init> (Lcom/mendix/connectionbus/configuration/MainDatabaseConfiguration;Lcom/mendix/connectionbus/configuration/DataStorageConfiguration;Lcom/mendix/logging/ILogManager;Lio/micrometer/core/instrument/MeterRegistry;)V 152 <appendix> member <vmtarget> ; # com/mendix/connectionbus/ConnectionMinibus$$Lambda+0x00000217d248c5a0
instanceKlass  @bci com/mendix/connectionbus/ConnectionMinibus <init> (Lcom/mendix/connectionbus/configuration/MainDatabaseConfiguration;Lcom/mendix/connectionbus/configuration/DataStorageConfiguration;Lcom/mendix/logging/ILogManager;Lio/micrometer/core/instrument/MeterRegistry;)V 128 <appendix> member <vmtarget> ; # com/mendix/connectionbus/ConnectionMinibus$$Lambda+0x00000217d248c000
instanceKlass com/mendix/connectionbus/connections/jdbc/JdbcDataSourceConnectionFactory$Authenticator
instanceKlass  @bci io/micrometer/core/instrument/binder/commonspool2/CommonsObjectPool2Metrics registerNotificationListener (Ljava/lang/String;Ljava/util/function/BiConsumer;)V 39 <appendix> member <vmtarget> ; # io/micrometer/core/instrument/binder/commonspool2/CommonsObjectPool2Metrics$$Lambda+0x00000217d24831b0
instanceKlass javax/management/NotificationBroadcasterSupport$ListenerInfo
instanceKlass com/sun/jmx/interceptor/DefaultMBeanServerInterceptor$ListenerWrapper
instanceKlass  @bci io/micrometer/core/instrument/binder/commonspool2/CommonsObjectPool2Metrics registerNotificationListener (Ljava/lang/String;Ljava/util/function/BiConsumer;)V 10 <appendix> member <vmtarget> ; # io/micrometer/core/instrument/binder/commonspool2/CommonsObjectPool2Metrics$$Lambda+0x00000217d2482f98
instanceKlass  @bci io/micrometer/core/instrument/binder/commonspool2/CommonsObjectPool2Metrics registerNotificationListener (Ljava/lang/String;Ljava/util/function/BiConsumer;)V 3 <appendix> member <vmtarget> ; # io/micrometer/core/instrument/binder/commonspool2/CommonsObjectPool2Metrics$$Lambda+0x00000217d2482d80
instanceKlass  @cpi io/micrometer/core/instrument/binder/commonspool2/CommonsObjectPool2Metrics 686 form vmentry <vmtarget> ; # java/lang/invoke/LambdaForm$DMH+0x00000217d2489800
instanceKlass  @bci io/micrometer/core/instrument/binder/commonspool2/CommonsObjectPool2Metrics bindTo (Lio/micrometer/core/instrument/MeterRegistry;)V 27 <appendix> member <vmtarget> ; # io/micrometer/core/instrument/binder/commonspool2/CommonsObjectPool2Metrics$$Lambda+0x00000217d2482b58
instanceKlass  @cpi io/micrometer/core/instrument/binder/commonspool2/CommonsObjectPool2Metrics 679 form vmentry <vmtarget> ; # java/lang/invoke/LambdaForm$DMH+0x00000217d2489400
instanceKlass io/micrometer/core/instrument/Tags
instanceKlass  @bci java/util/concurrent/Executors$AutoShutdownDelegatedExecutorService <init> (Ljava/util/concurrent/ExecutorService;)V 6 <appendix> member <vmtarget> ; # java/util/concurrent/Executors$AutoShutdownDelegatedExecutorService$$Lambda+0x00000217d2475028
instanceKlass java/util/concurrent/Executors$DelegatedExecutorService
instanceKlass java/util/concurrent/Executors
instanceKlass io/micrometer/core/instrument/util/NamedThreadFactory
instanceKlass  @bci java/util/stream/Collectors joining (Ljava/lang/CharSequence;Ljava/lang/CharSequence;Ljava/lang/CharSequence;)Ljava/util/stream/Collector; 22 <appendix> argL0 ; # java/util/stream/Collectors$$Lambda+0x800000043
instanceKlass  @bci java/util/stream/Collectors joining (Ljava/lang/CharSequence;Ljava/lang/CharSequence;Ljava/lang/CharSequence;)Ljava/util/stream/Collector; 17 <appendix> argL0 ; # java/util/stream/Collectors$$Lambda+0x800000041
instanceKlass  @bci java/util/stream/Collectors joining (Ljava/lang/CharSequence;Ljava/lang/CharSequence;Ljava/lang/CharSequence;)Ljava/util/stream/Collector; 12 <appendix> argL0 ; # java/util/stream/Collectors$$Lambda+0x80000003e
instanceKlass  @bci java/util/stream/Collectors joining (Ljava/lang/CharSequence;Ljava/lang/CharSequence;Ljava/lang/CharSequence;)Ljava/util/stream/Collector; 7 <appendix> member <vmtarget> ; # java/util/stream/Collectors$$Lambda+0x800000046
instanceKlass  @bci java/lang/Class methodToString (Ljava/lang/String;[Ljava/lang/Class;)Ljava/lang/String; 42 <appendix> argL0 ; # java/lang/Class$$Lambda+0x00000217d24745c0
instanceKlass jdk/management/jfr/FlightRecorderMXBeanImpl$MXBeanListener
instanceKlass jdk/jfr/FlightRecorderListener
instanceKlass javax/management/NotificationFilter
instanceKlass javax/management/NotificationListener
instanceKlass java/util/EventListener
instanceKlass jdk/jfr/FlightRecorder
instanceKlass jdk/jfr/Recording
instanceKlass javax/management/StandardMBean$MBeanInfoSafeAction
instanceKlass jdk/jfr/internal/management/StreamManager
instanceKlass jdk/management/jfr/EventTypeInfo
instanceKlass jdk/management/jfr/ConfigurationInfo
instanceKlass jdk/management/jfr/RecordingInfo
instanceKlass sun/reflect/generics/tree/VoidDescriptor
instanceKlass sun/reflect/generics/tree/LongSignature
instanceKlass jdk/management/jfr/SettingDescriptorInfo$1
instanceKlass jdk/management/jfr/SettingDescriptorInfo
instanceKlass  @bci java/lang/management/DefaultPlatformMBeanProvider$10 nameToMBeanMap ()Ljava/util/Map; 36 <appendix> member <vmtarget> ; # java/lang/management/DefaultPlatformMBeanProvider$10$$Lambda+0x00000217d2471bc0
instanceKlass sun/management/ManagementFactoryHelper$1
instanceKlass  @bci java/util/stream/Collectors toList ()Ljava/util/stream/Collector; 14 <appendix> argL0 ; # java/util/stream/Collectors$$Lambda+0x00000217d2471718
instanceKlass  @bci java/util/stream/Collectors toList ()Ljava/util/stream/Collector; 9 <appendix> argL0 ; # java/util/stream/Collectors$$Lambda+0x00000217d24714f8
instanceKlass  @bci java/util/stream/Collectors toList ()Ljava/util/stream/Collector; 4 <appendix> argL0 ; # java/util/stream/Collectors$$Lambda+0x00000217d24712e8
instanceKlass  @bci sun/management/ManagementFactoryHelper getBufferPoolMXBeans ()Ljava/util/List; 25 <appendix> argL0 ; # sun/management/ManagementFactoryHelper$$Lambda+0x00000217d24710b8
instanceKlass java/lang/management/BufferPoolMXBean
instanceKlass sun/nio/ch/FileChannelImpl$3
instanceKlass sun/nio/ch/FileChannelImpl$2
instanceKlass jdk/internal/misc/VM$BufferPoolsHolder
instanceKlass com/sun/management/VMOption
instanceKlass com/sun/management/internal/HotSpotDiagnostic
instanceKlass com/sun/management/HotSpotDiagnosticMXBean
instanceKlass com/sun/management/GcInfo
instanceKlass javax/management/openmbean/CompositeDataView
# instanceKlass java/lang/invoke/LambdaForm$MH+0x00000217d2489000
instanceKlass  @bci jdk/jfr/internal/dcmd/DCmdCheck printHelp ()[Ljava/lang/String; 6 <appendix> argL0 ; # jdk/jfr/internal/dcmd/DCmdCheck$$Lambda+0x00000217d246f660
instanceKlass  @bci jdk/jfr/internal/dcmd/DCmdDump printHelp ()[Ljava/lang/String; 27 <appendix> argL0 ; # jdk/jfr/internal/dcmd/DCmdDump$$Lambda+0x00000217d246f450
instanceKlass  @bci jdk/jfr/internal/dcmd/DCmdStart printHelp ()[Ljava/lang/String; 26 <appendix> argL0 ; # jdk/jfr/internal/dcmd/DCmdStart$$Lambda+0x00000217d246f240
instanceKlass  @bci jdk/jfr/internal/jfc/model/JFCModel add (Ljdk/jfr/internal/jfc/model/ControlElement;)V 10 <appendix> argL0 ; # jdk/jfr/internal/jfc/model/JFCModel$$Lambda+0x00000217d246f010
instanceKlass  @bci jdk/jfr/internal/jfc/model/JFCModel <init> (Ljdk/jfr/internal/jfc/model/XmlConfiguration;)V 25 <appendix> argL0 ; # jdk/jfr/internal/jfc/model/JFCModel$$Lambda+0x00000217d246edf0
instanceKlass jdk/jfr/internal/jfc/model/ControlElement
# instanceKlass java/lang/invoke/LambdaForm$DMH+0x00000217d2488c00
# instanceKlass java/lang/invoke/LambdaForm$DMH+0x00000217d2488800
instanceKlass jdk/jfr/internal/jfc/model/SettingsLog
instanceKlass jdk/jfr/internal/jfc/model/Utilities
instanceKlass jdk/jfr/internal/jfc/model/XmlElement
instanceKlass jdk/internal/util/xml/impl/Input
instanceKlass jdk/internal/org/xml/sax/InputSource
instanceKlass jdk/internal/org/xml/sax/helpers/DefaultHandler
instanceKlass jdk/internal/org/xml/sax/ErrorHandler
instanceKlass jdk/internal/org/xml/sax/ContentHandler
instanceKlass jdk/internal/org/xml/sax/DTDHandler
instanceKlass jdk/internal/org/xml/sax/EntityResolver
instanceKlass jdk/internal/util/xml/impl/Pair
instanceKlass jdk/internal/util/xml/impl/Attrs
instanceKlass jdk/internal/org/xml/sax/Attributes
instanceKlass jdk/internal/util/xml/impl/Parser
instanceKlass jdk/internal/org/xml/sax/Locator
instanceKlass jdk/internal/org/xml/sax/XMLReader
instanceKlass jdk/internal/util/xml/SAXParser
instanceKlass jdk/jfr/internal/jfc/model/Parser
instanceKlass sun/nio/ch/IOStatus
instanceKlass sun/nio/ch/Util$BufferCache
instanceKlass sun/nio/ch/Util
instanceKlass sun/nio/ch/NativeThread
instanceKlass java/nio/channels/NetworkChannel
instanceKlass sun/nio/ch/SelChImpl
instanceKlass sun/nio/ch/Streams
instanceKlass java/nio/channels/Channels
instanceKlass sun/nio/ch/FileChannelImpl$Closer
instanceKlass sun/nio/ch/NativeThreadSet
instanceKlass sun/nio/ch/IOUtil
instanceKlass sun/nio/ch/NativeDispatcher
instanceKlass java/nio/channels/spi/AbstractInterruptibleChannel
instanceKlass java/nio/channels/InterruptibleChannel
instanceKlass java/nio/channels/ScatteringByteChannel
instanceKlass java/nio/channels/GatheringByteChannel
instanceKlass java/nio/channels/SeekableByteChannel
instanceKlass java/nio/channels/ByteChannel
instanceKlass java/nio/channels/ReadableByteChannel
instanceKlass sun/nio/fs/WindowsChannelFactory$Flags
instanceKlass sun/nio/fs/WindowsChannelFactory$1
instanceKlass sun/nio/fs/WindowsChannelFactory
instanceKlass  @bci jdk/jfr/internal/SecuritySupport newFileInputStream (Ljdk/jfr/internal/SecuritySupport$SafePath;)Ljava/io/InputStream; 1 <appendix> member <vmtarget> ; # jdk/jfr/internal/SecuritySupport$$Lambda+0x00000217d2463fa0
instanceKlass  @bci jdk/jfr/internal/SecuritySupport getFileSize (Ljdk/jfr/internal/SecuritySupport$SafePath;)J 1 <appendix> member <vmtarget> ; # jdk/jfr/internal/SecuritySupport$$Lambda+0x00000217d2463d88
instanceKlass jdk/jfr/internal/jfc/JFC$KnownConfiguration
instanceKlass jdk/jfr/internal/jfc/model/JFCModel
instanceKlass  @bci jdk/jfr/internal/dcmd/DCmdStart jfcOptions ()Ljava/lang/String; 45 <appendix> argL0 ; # jdk/jfr/internal/dcmd/DCmdStart$$Lambda+0x00000217d2463768
instanceKlass jdk/jfr/internal/jfc/JFC
instanceKlass  @bci jdk/jfr/internal/SecuritySupport isDirectory (Ljdk/jfr/internal/SecuritySupport$SafePath;)Z 1 <appendix> member <vmtarget> ; # jdk/jfr/internal/SecuritySupport$$Lambda+0x00000217d2463358
instanceKlass jdk/jfr/internal/SecuritySupport$1
instanceKlass  @bci jdk/jfr/internal/SecuritySupport getPredefinedJFCFiles ()Ljava/util/List; 8 <appendix> argL0 ; # jdk/jfr/internal/SecuritySupport$$Lambda+0x00000217d2462f28
instanceKlass jdk/jfr/internal/consumer/FileAccess
instanceKlass jdk/jfr/internal/SecuritySupport$4
instanceKlass  @bci jdk/jfr/internal/SecuritySupport getPathInProperty (Ljava/lang/String;Ljava/lang/String;)Ljdk/jfr/internal/SecuritySupport$SafePath; 2 <appendix> member <vmtarget> ; # jdk/jfr/internal/SecuritySupport$$Lambda+0x00000217d2462200
instanceKlass jdk/jfr/internal/SecuritySupport$SafePath
instanceKlass jdk/jfr/internal/SecuritySupport$CallableWithoutCheckException
instanceKlass jdk/jfr/internal/SecuritySupport
instanceKlass  @bci jdk/jfr/internal/dcmd/DCmdStop printHelp ()[Ljava/lang/String; 19 <appendix> argL0 ; # jdk/jfr/internal/dcmd/DCmdStop$$Lambda+0x00000217d24615a0
instanceKlass java/util/Formattable
instanceKlass java/util/Formatter$Flags
instanceKlass java/util/Formatter$FormatSpecifier
instanceKlass java/util/Formatter$Conversion
instanceKlass java/util/Formatter$FixedString
instanceKlass java/util/Formatter$FormatString
instanceKlass  @bci java/util/regex/Pattern union (Ljava/util/regex/Pattern$CharPredicate;Ljava/util/regex/Pattern$CharPredicate;Z)Ljava/util/regex/Pattern$CharPredicate; 6 <appendix> member <vmtarget> ; # java/util/regex/Pattern$$Lambda+0x800000032
instanceKlass  @bci java/util/regex/Pattern Range (II)Ljava/util/regex/Pattern$CharPredicate; 23 <appendix> member <vmtarget> ; # java/util/regex/Pattern$$Lambda+0x80000002a
instanceKlass java/util/Formatter
instanceKlass  @bci jdk/jfr/internal/dcmd/DCmdView printHelp ()[Ljava/lang/String; 111 <appendix> argL0 ; # jdk/jfr/internal/dcmd/DCmdView$$Lambda+0x00000217d2460f70
instanceKlass jdk/jfr/internal/util/Columnizer$Column
instanceKlass jdk/jfr/internal/util/Tokenizer
instanceKlass jdk/jfr/internal/query/ViewFile
instanceKlass jdk/jfr/internal/util/Columnizer
instanceKlass jdk/jfr/internal/query/ViewPrinter
instanceKlass java/lang/StringLatin1$LinesSpliterator
instanceKlass com/sun/management/internal/DiagnosticCommandImpl$Wrapper
instanceKlass jdk/jfr/internal/util/Output$LinePrinter
instanceKlass jdk/jfr/internal/util/Output
instanceKlass jdk/jfr/internal/dcmd/AbstractDCmd
instanceKlass com/sun/management/internal/DiagnosticCommandArgumentInfo
instanceKlass com/sun/management/internal/DiagnosticCommandInfo
instanceKlass com/sun/management/internal/DiagnosticCommandImpl$OperationInfoComparator
instanceKlass sun/management/ClassLoadingImpl
instanceKlass java/lang/management/ClassLoadingMXBean
instanceKlass javax/management/MBeanInfo$ArrayGettersSafeAction
instanceKlass javax/management/openmbean/OpenMBeanOperationInfo
instanceKlass java/util/logging/Logging
instanceKlass java/util/logging/LoggingMXBean
instanceKlass sun/management/ManagementFactoryHelper$PlatformLoggingImpl
instanceKlass java/lang/management/PlatformLoggingMXBean
instanceKlass sun/management/CompilationImpl
instanceKlass java/lang/management/CompilationMXBean
instanceKlass sun/management/VMManagementImpl$1
instanceKlass java/lang/management/MemoryUsage
instanceKlass sun/management/Sensor
instanceKlass sun/management/MemoryPoolImpl
instanceKlass java/lang/management/MemoryPoolMXBean
instanceKlass  @bci com/github/benmanes/caffeine/cache/NodeFactory newFactory (Ljava/lang/String;)Lcom/github/benmanes/caffeine/cache/NodeFactory; 9 <appendix> form vmentry <vmtarget> ; # java/lang/invoke/LambdaForm$MH+0x00000217d2488400
instanceKlass java/lang/invoke/LambdaFormEditor$1
# instanceKlass java/lang/invoke/LambdaForm$MH+0x00000217d2488000
instanceKlass  @bci com/github/benmanes/caffeine/cache/NodeFactory newFactory (Ljava/lang/String;)Lcom/github/benmanes/caffeine/cache/NodeFactory; 9 <appendix> argL3 form vmentry <vmtarget> ; # java/lang/invoke/LambdaForm$MH+0x00000217d2487c00
instanceKlass  @bci com/mendix/basis/impl/MxRuntimeImpl getAboutText ()Ljava/lang/String; 44 <appendix> argL4 argL2 form vmentry <vmtarget> ; # java/lang/invoke/LambdaForm$MH+0x00000217d2487800
# instanceKlass java/lang/invoke/LambdaForm$MH+0x00000217d2487400
# instanceKlass java/lang/invoke/LambdaForm$MH+0x00000217d2487000
# instanceKlass java/lang/invoke/LambdaForm$MH+0x00000217d2486c00
instanceKlass  @bci com/github/benmanes/caffeine/cache/NodeFactory newFactory (Ljava/lang/String;)Lcom/github/benmanes/caffeine/cache/NodeFactory; 9 <appendix> argL1 form vmentry <vmtarget> ; # java/lang/invoke/LambdaForm$MH+0x00000217d2486800
# instanceKlass java/lang/invoke/LambdaForm$MH+0x00000217d2486400
# instanceKlass java/lang/invoke/LambdaForm$MH+0x00000217d2486000
# instanceKlass java/lang/invoke/LambdaForm$MH+0x00000217d2485c00
# instanceKlass java/lang/invoke/LambdaForm$MH+0x00000217d2485800
instanceKlass sun/management/Util
instanceKlass  @bci java/util/stream/Collectors uniqKeysMapMerger ()Ljava/util/function/BinaryOperator; 0 <appendix> argL0 ; # java/util/stream/Collectors$$Lambda+0x00000217d2459ec0
instanceKlass  @bci java/util/stream/Collectors uniqKeysMapAccumulator (Ljava/util/function/Function;Ljava/util/function/Function;)Ljava/util/function/BiConsumer; 2 <appendix> member <vmtarget> ; # java/util/stream/Collectors$$Lambda+0x00000217d2459c98
instanceKlass  @bci java/util/stream/Collectors toMap (Ljava/util/function/Function;Ljava/util/function/Function;)Ljava/util/stream/Collector; 4 <appendix> argL0 ; # java/util/stream/Collectors$$Lambda+0x00000217d2459a88
instanceKlass  @bci java/lang/management/DefaultPlatformMBeanProvider$5 nameToMBeanMap ()Ljava/util/Map; 21 <appendix> argL0 ; # java/lang/management/DefaultPlatformMBeanProvider$5$$Lambda+0x00000217d2459858
instanceKlass  @bci java/lang/management/DefaultPlatformMBeanProvider$5 nameToMBeanMap ()Ljava/util/Map; 11 <appendix> member <vmtarget> ; # java/lang/management/DefaultPlatformMBeanProvider$5$$Lambda+0x00000217d2459610
instanceKlass com/sun/management/GarbageCollectorMXBean
instanceKlass java/lang/management/GarbageCollectorMXBean
instanceKlass java/lang/management/MemoryManagerMXBean
instanceKlass java/lang/management/MemoryMXBean
instanceKlass javax/management/DescriptorKey
instanceKlass java/lang/annotation/Documented
instanceKlass java/lang/Deprecated
instanceKlass sun/management/BaseOperatingSystemImpl
instanceKlass com/sun/management/OperatingSystemMXBean
instanceKlass java/lang/management/OperatingSystemMXBean
instanceKlass com/sun/jmx/mbeanserver/PerInterface$MethodAndSig
instanceKlass  @bci org/hsqldb/ParserRoutine createLabelIfNull (Lorg/hsqldb/StatementCompound;Lorg/hsqldb/HsqlNameManager$HsqlName;)Lorg/hsqldb/HsqlNameManager$HsqlName; 32 <appendix> form vmentry <vmtarget> ; # java/lang/invoke/LambdaForm$MH+0x00000217d2485400
instanceKlass  @bci org/hsqldb/ParserRoutine createLabelIfNull (Lorg/hsqldb/StatementCompound;Lorg/hsqldb/HsqlNameManager$HsqlName;)Lorg/hsqldb/HsqlNameManager$HsqlName; 32 <appendix> argL3 form vmentry <vmtarget> ; # java/lang/invoke/LambdaForm$MH+0x00000217d2485000
# instanceKlass java/lang/invoke/LambdaForm$MH+0x00000217d2484c00
# instanceKlass java/lang/invoke/LambdaForm$MH+0x00000217d2484800
instanceKlass  @bci org/hsqldb/ParserRoutine createLabelIfNull (Lorg/hsqldb/StatementCompound;Lorg/hsqldb/HsqlNameManager$HsqlName;)Lorg/hsqldb/HsqlNameManager$HsqlName; 32 <appendix> argL1 form vmentry <vmtarget> ; # java/lang/invoke/LambdaForm$MH+0x00000217d2484400
# instanceKlass java/lang/invoke/LambdaForm$MH+0x00000217d2484000
instanceKlass java/lang/management/LockInfo
instanceKlass java/lang/management/ThreadInfo
instanceKlass sun/management/ThreadImpl
instanceKlass com/sun/management/ThreadMXBean
instanceKlass java/lang/management/ThreadMXBean
instanceKlass com/sun/jmx/mbeanserver/WeakIdentityHashMap
instanceKlass com/sun/jmx/mbeanserver/MXBeanLookup
instanceKlass com/sun/jmx/mbeanserver/PerInterface$InitMaps
instanceKlass com/sun/jmx/mbeanserver/PerInterface
instanceKlass javax/management/openmbean/OpenMBeanAttributeInfo
instanceKlass javax/management/openmbean/OpenMBeanParameterInfo
instanceKlass com/sun/jmx/mbeanserver/MBeanIntrospector$MBeanInfoMaker
instanceKlass com/sun/jmx/mbeanserver/MBeanAnalyzer$MBeanVisitor
instanceKlass sun/reflect/generics/reflectiveObjects/LazyReflectiveObjectGenerator
instanceKlass sun/reflect/generics/tree/TypeVariableSignature
instanceKlass sun/reflect/generics/tree/ClassSignature
instanceKlass sun/reflect/generics/reflectiveObjects/ParameterizedTypeImpl
instanceKlass java/lang/reflect/ParameterizedType
instanceKlass sun/reflect/generics/tree/MethodTypeSignature
instanceKlass sun/reflect/generics/tree/Signature
instanceKlass sun/reflect/generics/tree/FormalTypeParameter
instanceKlass java/lang/reflect/TypeVariable
instanceKlass sun/reflect/generics/repository/AbstractRepository
instanceKlass com/sun/jmx/mbeanserver/MBeanAnalyzer$AttrMethods
# instanceKlass java/lang/invoke/LambdaForm$MH+0x00000217d243c400
instanceKlass com/sun/jmx/mbeanserver/MXBeanMapping
instanceKlass javax/management/openmbean/TabularData
instanceKlass javax/management/openmbean/CompositeData
instanceKlass javax/management/openmbean/OpenType
instanceKlass com/sun/jmx/mbeanserver/MXBeanMappingFactory
instanceKlass com/sun/jmx/mbeanserver/ConvertingMethod
instanceKlass com/sun/jmx/mbeanserver/MBeanAnalyzer$MethodOrder
instanceKlass com/sun/jmx/mbeanserver/MBeanAnalyzer
instanceKlass com/sun/jmx/mbeanserver/MBeanIntrospector
instanceKlass java/lang/Class$AnnotationData
instanceKlass javax/management/MXBean
instanceKlass com/sun/jmx/mbeanserver/MBeanSupport
instanceKlass com/sun/jmx/mbeanserver/DescriptorCache
instanceKlass javax/management/JMX
instanceKlass javax/management/StandardMBean
instanceKlass  @bci java/lang/management/ManagementFactory addMXBean (Ljavax/management/MBeanServer;Ljava/lang/String;Ljava/lang/Object;)V 8 <appendix> member <vmtarget> ; # java/lang/management/ManagementFactory$$Lambda+0x00000217d244a248
instanceKlass java/util/Collections$2
instanceKlass java/util/AbstractMap$SimpleImmutableEntry
instanceKlass sun/management/RuntimeImpl
instanceKlass java/lang/management/RuntimeMXBean
instanceKlass java/util/stream/ForEachOps$ForEachOp
instanceKlass java/util/stream/ForEachOps
instanceKlass  @bci java/lang/management/ManagementFactory getPlatformMBeanServer ()Ljavax/management/MBeanServer; 63 <appendix> argL0 ; # java/lang/management/ManagementFactory$$Lambda+0x00000217d2449860
instanceKlass  @bci java/lang/management/ManagementFactory getPlatformMBeanServer ()Ljavax/management/MBeanServer; 53 <appendix> argL0 ; # java/lang/management/ManagementFactory$$Lambda+0x00000217d2449630
instanceKlass  @bci java/lang/management/ManagementFactory getPlatformMBeanServer ()Ljavax/management/MBeanServer; 43 <appendix> argL0 ; # java/lang/management/ManagementFactory$$Lambda+0x00000217d24493f0
instanceKlass  @cpi io/micrometer/core/instrument/binder/jvm/JvmThreadMetrics 217 form vmentry <vmtarget> ; # java/lang/invoke/LambdaForm$DMH+0x00000217d243c000
instanceKlass java/util/HashMap$HashMapSpliterator
instanceKlass jdk/management/jfr/internal/FlightRecorderMXBeanProvider$SingleMBeanComponent
instanceKlass jdk/management/jfr/FlightRecorderMXBean
instanceKlass java/lang/management/PlatformManagedObject
instanceKlass java/lang/management/DefaultPlatformMBeanProvider$11
instanceKlass java/lang/management/DefaultPlatformMBeanProvider$10
instanceKlass java/lang/management/DefaultPlatformMBeanProvider$9
instanceKlass sun/management/ManagementFactoryHelper$LoggingMXBeanAccess$1
instanceKlass sun/management/ManagementFactoryHelper$LoggingMXBeanAccess
instanceKlass java/lang/management/DefaultPlatformMBeanProvider$8
instanceKlass java/lang/management/DefaultPlatformMBeanProvider$7
instanceKlass java/lang/management/DefaultPlatformMBeanProvider$6
instanceKlass java/lang/management/DefaultPlatformMBeanProvider$5
instanceKlass java/lang/management/DefaultPlatformMBeanProvider$4
instanceKlass java/lang/management/DefaultPlatformMBeanProvider$3
instanceKlass java/lang/management/DefaultPlatformMBeanProvider$2
instanceKlass java/lang/management/DefaultPlatformMBeanProvider$1
instanceKlass com/sun/management/internal/PlatformMBeanProviderImpl$5
instanceKlass sun/management/VMManagementImpl
instanceKlass sun/management/VMManagement
instanceKlass com/mendix/model/url/ModelStaticUrlSegment
instanceKlass sun/management/ManagementFactoryHelper
instanceKlass sun/management/NotificationEmitterSupport
instanceKlass com/mendix/model/texts/ModelSystemTextCollection
instanceKlass com/sun/management/DiagnosticCommandMBean
instanceKlass com/sun/management/internal/PlatformMBeanProviderImpl$4
instanceKlass com/sun/management/internal/PlatformMBeanProviderImpl$3
instanceKlass com/mendix/model/texts/ModelSystemText
instanceKlass com/sun/management/internal/PlatformMBeanProviderImpl$2
instanceKlass  @bci java/util/stream/Collectors toSet ()Ljava/util/stream/Collector; 14 <appendix> argL0 ; # java/util/stream/Collectors$$Lambda+0x800000040
instanceKlass  @bci java/util/stream/Collectors toSet ()Ljava/util/stream/Collector; 9 <appendix> argL0 ; # java/util/stream/Collectors$$Lambda+0x800000039
instanceKlass  @bci java/util/stream/Collectors toSet ()Ljava/util/stream/Collector; 4 <appendix> argL0 ; # java/util/stream/Collectors$$Lambda+0x800000045
instanceKlass com/mendix/model/settings/ModelLanguage
instanceKlass com/sun/management/internal/PlatformMBeanProviderImpl$1
instanceKlass sun/management/spi/PlatformMBeanProvider$PlatformComponent
instanceKlass com/mendix/model/settings/ModelProjectSettings
instanceKlass com/mendix/extensions/settings/ModelProjectSettingsExtension
instanceKlass com/mendix/model/settings/ModelRuntimeSettings
instanceKlass com/mendix/extensions/settings/ModelRuntimeSettingsExtension
instanceKlass com/mendix/model/settings/ModelLanguageSettings
instanceKlass  @bci com/sun/management/internal/PlatformMBeanProviderImpl <clinit> ()V 8 <appendix> argL0 ; # com/sun/management/internal/PlatformMBeanProviderImpl$$Lambda+0x00000217d24448c8
instanceKlass com/mendix/model/settings/ModelJarDeploymentSettings
instanceKlass sun/management/spi/PlatformMBeanProvider
instanceKlass java/lang/management/ManagementFactory$PlatformMBeanFinder$1
instanceKlass com/mendix/model/settings/ModelDistributionSettings
instanceKlass java/lang/management/ManagementFactory$PlatformMBeanFinder
instanceKlass com/mendix/model/settings/ModelModelerSettings
instanceKlass com/sun/jmx/mbeanserver/JmxMBeanServer$3
instanceKlass javax/management/ObjectInstance
instanceKlass java/util/EventObject
instanceKlass com/mendix/model/settings/ModelConfigurationSettings
instanceKlass com/sun/jmx/mbeanserver/NamedObject
instanceKlass com/mendix/model/settings/ModelCertificateSettings
instanceKlass com/sun/jmx/interceptor/DefaultMBeanServerInterceptor$ResourceContext$1
instanceKlass com/sun/jmx/interceptor/DefaultMBeanServerInterceptor$ResourceContext
instanceKlass com/sun/jmx/mbeanserver/Repository$RegistrationContext
instanceKlass com/sun/jmx/mbeanserver/DynamicMBean2
instanceKlass com/mendix/model/security/ModelUserRole
instanceKlass com/sun/jmx/defaults/JmxProperties
instanceKlass com/sun/jmx/mbeanserver/Introspector
instanceKlass com/mendix/model/security/ModelProjectSecurity
instanceKlass com/mendix/extensions/security/ModelProjectSecurityExtension
instanceKlass com/sun/jmx/mbeanserver/JmxMBeanServer$2
instanceKlass com/sun/jmx/interceptor/DefaultMBeanServerInterceptor
instanceKlass com/sun/jmx/interceptor/MBeanServerInterceptor
instanceKlass com/mendix/model/security/ModelPasswordPolicySettings
instanceKlass com/mendix/model/security/ModelDemoUserImpl
instanceKlass com/mendix/model/security/ModelDemoUser
instanceKlass java/util/concurrent/locks/ReentrantReadWriteLock$WriteLock
instanceKlass java/util/concurrent/locks/ReentrantReadWriteLock$ReadLock
instanceKlass com/mendix/model/scheduledevents/ModelYearWeekdaySchedule
instanceKlass java/util/concurrent/locks/ReentrantReadWriteLock
instanceKlass java/util/concurrent/locks/ReadWriteLock
instanceKlass com/mendix/model/scheduledevents/ModelYearDateSchedule
instanceKlass com/mendix/model/scheduledevents/ModelYearSchedule
instanceKlass com/sun/jmx/mbeanserver/Repository
instanceKlass com/mendix/model/scheduledevents/ModelWeekSchedule
instanceKlass com/sun/jmx/mbeanserver/JmxMBeanServer$1
instanceKlass com/sun/jmx/mbeanserver/SecureClassLoaderRepository
instanceKlass com/sun/jmx/mbeanserver/MBeanInstantiator
instanceKlass com/mendix/model/scheduledevents/ModelScheduledEvent
instanceKlass com/sun/jmx/mbeanserver/ClassLoaderRepositorySupport$LoaderEntry
instanceKlass com/sun/jmx/mbeanserver/ClassLoaderRepositorySupport
instanceKlass com/sun/jmx/mbeanserver/ModifiableClassLoaderRepository
instanceKlass javax/management/loading/ClassLoaderRepository
instanceKlass com/mendix/model/scheduledevents/ModelMonthWeekdaySchedule
instanceKlass com/mendix/model/scheduledevents/ModelMonthDateSchedule
instanceKlass com/mendix/model/scheduledevents/ModelMonthSchedule
instanceKlass javax/management/ImmutableDescriptor
instanceKlass javax/management/Descriptor
instanceKlass com/mendix/model/scheduledevents/ModelMinuteSchedule
instanceKlass com/mendix/model/scheduledevents/ModelHourSchedule
instanceKlass com/mendix/model/scheduledevents/ModelDaySchedule
instanceKlass com/mendix/model/scheduledevents/ModelSchedule
instanceKlass sun/util/logging/PlatformLogger$ConfigurableBridge$LoggerConfiguration
instanceKlass com/mendix/model/regularexpressions/ModelRegularExpression
instanceKlass jdk/internal/logger/LoggerFinderLoader
instanceKlass com/mendix/model/queues/ModelQueueSettings
instanceKlass  @bci java/lang/System$LoggerFinder accessProvider ()Ljava/lang/System$LoggerFinder; 8 <appendix> argL0 ; # java/lang/System$LoggerFinder$$Lambda+0x00000217d22fdfe8
instanceKlass com/mendix/model/queues/ModelQueueFixedRetry
instanceKlass jdk/internal/logger/LazyLoggers$LazyLoggerFactories
instanceKlass jdk/internal/logger/LazyLoggers$1
instanceKlass jdk/internal/logger/LazyLoggers
instanceKlass com/mendix/model/queues/ModelQueueExponentialRetry
instanceKlass com/mendix/model/queues/ModelQueueRetry
instanceKlass com/sun/jmx/remote/util/ClassLogger
instanceKlass javax/management/NotificationBroadcasterSupport$1
instanceKlass com/mendix/model/queues/ModelQueue
instanceKlass javax/management/NotificationBroadcasterSupport
instanceKlass com/mendix/model/queues/ModelBasicQueueConfig
instanceKlass com/mendix/model/queues/ModelQueueConfig
instanceKlass java/util/ComparableTimSort
instanceKlass com/mendix/model/projects/ModelProject
instanceKlass com/mendix/extensions/projects/ModelProjectExtension
instanceKlass javax/management/ObjectName$Property
instanceKlass javax/management/ObjectName
instanceKlass javax/management/QueryExp
instanceKlass com/mendix/model/projects/ModelModuleImpl
instanceKlass com/mendix/model/projects/ModelModule
instanceKlass com/mendix/extensions/projects/ModelModuleExtension
instanceKlass com/sun/jmx/mbeanserver/Util
instanceKlass com/mendix/model/projects/ModelFolderBase
instanceKlass javax/management/MBeanInfo
instanceKlass com/mendix/model/nanoflows/ModelNanoflowParameterValue
instanceKlass javax/management/MBeanFeatureInfo
instanceKlass javax/management/DescriptorRead
instanceKlass com/mendix/model/microflows/ModelWhileLoopCondition
instanceKlass javax/management/MBeanServerDelegate
instanceKlass javax/management/NotificationEmitter
instanceKlass javax/management/NotificationBroadcaster
instanceKlass com/mendix/model/microflows/ModelUnion
instanceKlass javax/management/MBeanServerDelegateMBean
instanceKlass com/mendix/model/microflows/ModelTypedTemplate
instanceKlass javax/management/MBeanRegistration
instanceKlass javax/management/DynamicMBean
instanceKlass com/mendix/model/microflows/ModelTemplateArgument
instanceKlass com/mendix/model/microflows/ModelTail
instanceKlass com/sun/jmx/mbeanserver/JmxMBeanServer
instanceKlass com/sun/jmx/mbeanserver/SunJmxMBeanServer
instanceKlass javax/management/MBeanServer
instanceKlass javax/management/MBeanServerConnection
instanceKlass com/mendix/model/microflows/ModelSubtract
instanceKlass com/mendix/model/microflows/ModelStringTemplateParameterValue
instanceKlass javax/management/MBeanServerBuilder
instanceKlass com/mendix/model/microflows/ModelStartEvent
instanceKlass com/sun/jmx/mbeanserver/GetPropertyAction
instanceKlass com/mendix/model/microflows/ModelSortItemList
instanceKlass com/mendix/model/microflows/ModelSort
instanceKlass  @bci java/lang/management/ManagementFactory loadNativeLib ()V 0 <appendix> argL0 ; # java/lang/management/ManagementFactory$$Lambda+0x00000217d22f9210
instanceKlass java/lang/management/ManagementFactory
instanceKlass com/mendix/model/microflows/ModelSequenceFlow
instanceKlass com/mendix/model/microflows/ModelFlow
instanceKlass javax/management/MBeanServerFactory
instanceKlass com/mendix/model/microflows/ModelRuleSplitCondition
instanceKlass com/mendix/model/microflows/ModelRuleCallParameterMapping
instanceKlass  @bci com/mendix/connectionbus/ConnectionMinibus <init> (Lcom/mendix/connectionbus/configuration/MainDatabaseConfiguration;Lcom/mendix/connectionbus/configuration/DataStorageConfiguration;Lcom/mendix/logging/ILogManager;Lio/micrometer/core/instrument/MeterRegistry;)V 76 <appendix> argL0 ; # com/mendix/connectionbus/ConnectionMinibus$$Lambda+0x00000217d2423a70
instanceKlass io/micrometer/core/instrument/binder/commonspool2/CommonsObjectPool2Metrics
instanceKlass io/micrometer/core/instrument/binder/MeterBinder
instanceKlass com/mendix/model/microflows/ModelRuleCall
# instanceKlass java/lang/invoke/LambdaForm$MH+0x00000217d2428400
instanceKlass com/mendix/model/microflows/ModelRule
# instanceKlass java/lang/invoke/LambdaForm$MH+0x00000217d2428000
# instanceKlass java/lang/invoke/LambdaForm$MH+0x00000217d2421c00
# instanceKlass java/lang/invoke/LambdaForm$MH+0x00000217d2421800
instanceKlass com/mendix/model/microflows/ModelRollbackAction
# instanceKlass java/lang/invoke/LambdaForm$MH+0x00000217d2421400
instanceKlass com/mendix/model/microflows/ModelSortItem
instanceKlass com/mendix/model/microflows/ModelRetrieveAction
instanceKlass com/mendix/model/microflows/ModelPrimitiveTypedTemplateArgument
instanceKlass com/mendix/model/microflows/ModelTypedTemplateArgument
instanceKlass com/mendix/model/microflows/ModelParameterIdUrlSegment
# instanceKlass java/lang/invoke/LambdaForm$MH+0x00000217d2421000
# instanceKlass java/lang/invoke/LambdaForm$MH+0x00000217d2420c00
# instanceKlass java/lang/invoke/LambdaForm$MH+0x00000217d2420800
instanceKlass com/mendix/model/microflows/ModelNoCase
instanceKlass com/mendix/metrics/MetricsFactory
instanceKlass com/mendix/metrics/Metric$Builder
instanceKlass com/mendix/model/microflows/ModelNanoflowCallParameterMapping
instanceKlass com/mendix/model/microflows/ModelNanoflowCallAction
instanceKlass com/mendix/basis/objectmanagement/member/AccessibilityChecker
instanceKlass com/mendix/core/objectmanagement/member/MendixObjectReferenceSetExt
instanceKlass com/mendix/core/objectmanagement/member/MendixObjectReferenceSet
instanceKlass com/mendix/model/microflows/ModelNanoflowCall
instanceKlass com/mendix/basis/objectmanagement/member/MendixObjectReferencingMember
instanceKlass com/mendix/core/objectmanagement/member/MendixObjectReference
instanceKlass com/mendix/basis/objectmanagement/MendixObject
instanceKlass com/mendix/model/microflows/ModelNanoflow
instanceKlass java/util/concurrent/ConcurrentLinkedQueue$Node
instanceKlass com/mendix/model/microflows/ModelMicroflowPrimitiveParameterUrlSegment
instanceKlass com/mendix/basis/actionmanagement/CoreActionHandler
instanceKlass com/mendix/core/actionmanagement/internal/CoreActionHandler
instanceKlass com/mendix/core/actionmanagement/internal/ICoreActionHandler
instanceKlass com/mendix/basis/actionmanagement/ActionManager$$anon$1
instanceKlass com/mendix/model/microflows/ModelMicroflowParameterValue
instanceKlass  @bci jdk/internal/reflect/DirectConstructorHandleAccessor invokeImpl ([Ljava/lang/Object;)Ljava/lang/Object; 88 <adapter> ; # java/lang/invoke/LambdaForm$MH+0x00000217d2420400
# instanceKlass java/lang/invoke/LambdaForm$MH+0x00000217d2420000
# instanceKlass java/lang/invoke/LambdaForm$MH+0x00000217d241dc00
instanceKlass com/mendix/model/microflows/ModelMicroflowParameterAttributeUrlSegment
# instanceKlass java/lang/invoke/LambdaForm$MH+0x00000217d241d800
instanceKlass com/mendix/model/microflows/ModelMicroflowParameterObject
instanceKlass com/mendix/model/microflows/ModelMicroflowObjectCollection
# instanceKlass java/lang/invoke/LambdaForm$MH+0x00000217d241d400
# instanceKlass java/lang/invoke/LambdaForm$MH+0x00000217d241d000
instanceKlass com/mendix/model/microflows/ModelMicroflowCallParameterMapping
# instanceKlass java/lang/invoke/LambdaForm$MH+0x00000217d241cc00
# instanceKlass java/lang/invoke/LambdaForm$MH+0x00000217d241c800
instanceKlass com/mendix/model/microflows/ModelMicroflowCallAction
# instanceKlass java/lang/invoke/LambdaForm$MH+0x00000217d241c400
# instanceKlass java/lang/invoke/LambdaForm$MH+0x00000217d241c000
instanceKlass com/mendix/model/microflows/ModelMicroflowCall
instanceKlass com/mendix/model/microflows/ModelMicroflow
instanceKlass com/mendix/model/microflows/ModelServerSideMicroflow
instanceKlass com/mendix/model/microflows/ModelMicroflowBase
instanceKlass com/mendix/webui/internal/component/CustomJavaActionDelegateProvider
instanceKlass com/mendix/model/microflows/ModelMeterTagMapping
instanceKlass com/mendix/model/microflows/ModelLoopedActivity
instanceKlass com/amazonaws/services/s3/model/EncryptionMaterialsProvider
instanceKlass com/amazonaws/services/s3/model/EncryptionMaterialsFactory
instanceKlass com/amazonaws/services/s3/model/EncryptionMaterialsAccessor
instanceKlass com/mendix/storage/s3/internal/S3ClientBuilder
instanceKlass org/apache/http/conn/socket/ConnectionSocketFactory
instanceKlass com/mendix/model/microflows/ModelLogMessageAction
instanceKlass com/amazonaws/auth/AWSCredentialsProvider
instanceKlass com/mendix/storage/s3/internal/ClientProvider
instanceKlass com/mendix/model/microflows/ModelListRange
instanceKlass com/mendix/util/NamedThreads$Factory$
instanceKlass com/mendix/util/NamedThreads$Factory
instanceKlass java/util/concurrent/ThreadPoolExecutor$AbortPolicy
instanceKlass java/util/concurrent/RejectedExecutionHandler
instanceKlass com/mendix/model/microflows/ModelListOperationAction
instanceKlass com/mendix/storage/s3/internal/ThreadPoolScheduler$
instanceKlass com/mendix/storage/s3/internal/ThreadPoolScheduler
instanceKlass com/mendix/model/microflows/ModelJavaScriptActionParameterMapping
instanceKlass com/mendix/storage/s3/internal/DateTimeNow
instanceKlass com/mendix/storage/s3/internal/TokenServiceTokenHandler
instanceKlass com/mendix/model/microflows/ModelJavaScriptActionCallAction
# instanceKlass java/lang/invoke/LambdaForm$MH+0x00000217d2415000
# instanceKlass java/lang/invoke/LambdaForm$MH+0x00000217d2414c00
# instanceKlass java/lang/invoke/LambdaForm$MH+0x00000217d2414800
instanceKlass com/mendix/model/microflows/ModelJavaActionParameterMapping
instanceKlass com/mendix/model/microflows/ModelCodeActionParameterMapping
instanceKlass com/amazonaws/services/s3/internal/S3VersionResult
instanceKlass com/amazonaws/services/s3/internal/S3RequesterChargedResult
instanceKlass com/amazonaws/services/s3/internal/ObjectExpirationResult
instanceKlass com/amazonaws/services/s3/internal/SSEResultBase
instanceKlass com/amazonaws/services/s3/internal/ServerSideEncryptionResult
instanceKlass com/mendix/model/microflows/ModelJavaActionCallAction
instanceKlass com/mendix/storage/s3/internal/TokenHandler
instanceKlass com/mendix/storage/s3/internal/SynchronizedRetriever
instanceKlass com/mendix/storage/s3/internal/DateTimeProvider
instanceKlass com/mendix/storage/s3/internal/TokenRefreshScheduler
instanceKlass com/mendix/model/microflows/ModelIterableList
instanceKlass com/mendix/model/microflows/ModelLoopSource
instanceKlass com/mendix/model/microflows/ModelIntersect
instanceKlass com/mendix/model/microflows/ModelInheritanceSplit
instanceKlass com/mendix/core/actionmanagement/internal/ActionHandler
instanceKlass com/mendix/model/microflows/ModelInheritanceCase
instanceKlass  @bci com/mendix/basis/actionmanagement/ActionRegistry instantiatorFor (Ljava/lang/Class;)Lscala/Function3; 2 <appendix> member <vmtarget> ; # com/mendix/basis/actionmanagement/ActionRegistry$$Lambda+0x00000217d24093b0
instanceKlass com/mendix/model/microflows/ModelIncrementCounterMeterAction
instanceKlass scala/runtime/LazyRef
instanceKlass io/micrometer/core/instrument/Tag
instanceKlass com/mendix/model/microflows/ModelHead
instanceKlass com/mendix/model/microflows/ModelGaugeMeterAction
instanceKlass com/mendix/model/microflows/ModelFindByExpression
instanceKlass com/mendix/model/microflows/ModelFind
instanceKlass com/mendix/model/microflows/ModelFilterByExpression
instanceKlass com/mendix/model/microflows/ModelExpressionListOperation
instanceKlass com/mendix/model/microflows/ModelFilter
instanceKlass  @bci io/micrometer/core/instrument/composite/CompositeMeterRegistry <init> (Lio/micrometer/core/instrument/Clock;Ljava/lang/Iterable;)V 104 <appendix> member <vmtarget> ; # io/micrometer/core/instrument/composite/CompositeMeterRegistry$$Lambda+0x00000217d240f520
instanceKlass com/mendix/model/microflows/ModelInspectAttribute
instanceKlass  @cpi io/micrometer/core/instrument/MeterRegistry 842 form vmentry <vmtarget> ; # java/lang/invoke/LambdaForm$DMH+0x00000217d2408c00
instanceKlass  @bci io/micrometer/core/instrument/composite/CompositeMeterRegistry <init> (Lio/micrometer/core/instrument/Clock;Ljava/lang/Iterable;)V 93 <appendix> member <vmtarget> ; # io/micrometer/core/instrument/composite/CompositeMeterRegistry$$Lambda+0x00000217d240f108
instanceKlass  @bci io/micrometer/core/instrument/composite/CompositeMeterRegistry <init> (Lio/micrometer/core/instrument/Clock;Ljava/lang/Iterable;)V 84 <appendix> member <vmtarget> ; # io/micrometer/core/instrument/composite/CompositeMeterRegistry$$Lambda+0x00000217d240ecd0
instanceKlass com/mendix/model/microflows/ModelExpressionSplitCondition
instanceKlass com/mendix/model/microflows/ModelSplitCondition
instanceKlass io/micrometer/core/instrument/config/NamingConvention$4
instanceKlass io/micrometer/core/instrument/config/NamingConvention$3
instanceKlass com/mendix/model/microflows/ModelExclusiveSplit
instanceKlass io/micrometer/core/instrument/config/NamingConvention$2
instanceKlass io/micrometer/core/instrument/config/NamingConvention$1
instanceKlass com/mendix/model/microflows/ModelExclusiveMerge
instanceKlass  @bci io/micrometer/core/instrument/config/NamingConvention <clinit> ()V 0 <appendix> argL0 ; # io/micrometer/core/instrument/config/NamingConvention$$Lambda+0x00000217d240d128
instanceKlass io/micrometer/core/instrument/config/NamingConvention
instanceKlass com/mendix/model/microflows/ModelErrorEvent
instanceKlass io/micrometer/core/instrument/distribution/pause/NoPauseDetector
instanceKlass io/micrometer/core/instrument/MeterRegistry$More
instanceKlass com/mendix/model/microflows/ModelListEquals
instanceKlass io/micrometer/core/instrument/MeterRegistry$Config
instanceKlass io/micrometer/core/instrument/Clock$1
instanceKlass io/micrometer/core/instrument/Clock
instanceKlass com/mendix/model/microflows/ModelEnumerationCase
instanceKlass com/mendix/model/microflows/ModelCaseValue
# instanceKlass java/lang/invoke/LambdaForm$MH+0x00000217d2408800
# instanceKlass java/lang/invoke/LambdaForm$MH+0x00000217d2408400
instanceKlass com/mendix/model/microflows/ModelEntityTypeCodeActionParameterValue
instanceKlass java/util/stream/ReduceOps$AccumulatingSink
instanceKlass java/util/stream/ReduceOps$Box
instanceKlass java/util/stream/ReduceOps$ReduceOp
instanceKlass java/util/stream/ReduceOps
instanceKlass  @bci java/util/stream/Collectors castingIdentity ()Ljava/util/function/Function; 0 <appendix> argL0 ; # java/util/stream/Collectors$$Lambda+0x800000042
instanceKlass  @bci java/util/stream/Collectors mapMerger (Ljava/util/function/BinaryOperator;)Ljava/util/function/BinaryOperator; 1 <appendix> member <vmtarget> ; # java/util/stream/Collectors$$Lambda+0x00000217d22f61d8
instanceKlass java/util/stream/Collector
instanceKlass com/mendix/model/microflows/ModelEndEvent
instanceKlass  @bci java/util/stream/Collectors toMap (Ljava/util/function/Function;Ljava/util/function/Function;Ljava/util/function/BinaryOperator;Ljava/util/function/Supplier;)Ljava/util/stream/Collector; 3 <appendix> member <vmtarget> ; # java/util/stream/Collectors$$Lambda+0x00000217d22f5fb0
instanceKlass  @cpi java/util/stream/Collectors 1354 form vmentry <vmtarget> ; # java/lang/invoke/LambdaForm$DMH+0x00000217d2408000
instanceKlass java/util/stream/Collectors
instanceKlass  @bci io/micrometer/core/instrument/MeterRegistry <clinit> ()V 31 <appendix> argL0 ; # io/micrometer/core/instrument/MeterRegistry$$Lambda+0x00000217d2405e28
instanceKlass com/mendix/model/microflows/ModelDeleteAction
instanceKlass  @bci io/micrometer/core/instrument/MeterRegistry <clinit> ()V 26 <appendix> argL0 ; # io/micrometer/core/instrument/MeterRegistry$$Lambda+0x00000217d2405890
instanceKlass java/util/function/BinaryOperator
instanceKlass  @bci io/micrometer/core/instrument/MeterRegistry <clinit> ()V 21 <appendix> argL0 ; # io/micrometer/core/instrument/MeterRegistry$$Lambda+0x00000217d2405450
instanceKlass  @bci java/util/function/Function identity ()Ljava/util/function/Function; 0 <appendix> argL0 ; # java/util/function/Function$$Lambda+0x00000217d22f5b98
instanceKlass io/micrometer/common/util/internal/logging/AbstractInternalLogger
instanceKlass org/slf4j/spi/LocationAwareLogger
instanceKlass com/mendix/model/microflows/ModelDatabaseRetrieveSource
instanceKlass  @bci com/mendix/logging/slf4j/MxLoggerFactory createLogger (Ljava/lang/String;)Lcom/mendix/logging/slf4j/MxLoggerAdapter; 4 <appendix> argL0 ; # com/mendix/logging/slf4j/MxLoggerFactory$$Lambda+0x00000217d2404320
instanceKlass  @bci com/mendix/logging/slf4j/MxLoggerFactory getLogger (Ljava/lang/String;)Lorg/slf4j/Logger; 101 <appendix> member <vmtarget> ; # com/mendix/logging/slf4j/MxLoggerFactory$$Lambda+0x00000217d24040e8
instanceKlass com/mendix/model/microflows/ModelCustomRange
instanceKlass com/mendix/model/microflows/ModelCreateVariableAction
instanceKlass org/slf4j/helpers/Reporter
instanceKlass org/slf4j/MDC
instanceKlass com/mendix/model/microflows/ModelCreateListAction
instanceKlass com/mendix/model/microflows/ModelCreateObjectAction
instanceKlass java/net/URLClassLoader$3$1
instanceKlass java/net/URLClassLoader$3
instanceKlass com/mendix/model/microflows/ModelCounterMeterAction
instanceKlass com/mendix/model/microflows/ModelMeterAction
instanceKlass org/slf4j/helpers/Util
instanceKlass com/mendix/model/microflows/ModelContinueEvent
instanceKlass org/slf4j/helpers/NOPMDCAdapter
instanceKlass org/slf4j/helpers/NOP_FallbackServiceProvider
instanceKlass com/mendix/model/microflows/ModelContains
instanceKlass com/mendix/model/microflows/ModelBinaryListOperation
instanceKlass com/mendix/model/microflows/ModelListOperation
instanceKlass org/slf4j/helpers/ThreadLocalMapOfStacks
instanceKlass com/mendix/model/microflows/ModelConstantRange
instanceKlass org/slf4j/helpers/BasicMDCAdapter
instanceKlass org/slf4j/Marker
instanceKlass org/slf4j/helpers/BasicMarkerFactory
instanceKlass com/mendix/model/microflows/ModelCommitAction
instanceKlass org/slf4j/helpers/SubstituteLoggerFactory
instanceKlass com/mendix/model/microflows/ModelChangeVariableAction
instanceKlass org/slf4j/helpers/SubstituteServiceProvider
instanceKlass com/mendix/model/microflows/ModelRange
instanceKlass com/mendix/model/microflows/ModelChangeListAction
instanceKlass org/slf4j/event/LoggingEvent
instanceKlass com/mendix/model/microflows/ModelMemberChange
instanceKlass org/slf4j/LoggerFactory
instanceKlass com/mendix/model/microflows/ModelChangeObjectAction
instanceKlass com/mendix/model/microflows/ModelChangeMembersAction
instanceKlass io/micrometer/common/util/internal/logging/InternalLogger
instanceKlass com/mendix/model/microflows/ModelCastAction
instanceKlass io/micrometer/common/util/internal/logging/InternalLoggerFactory
instanceKlass com/mendix/model/microflows/ModelBreakEvent
instanceKlass io/micrometer/common/util/internal/logging/WarnThenDebugLogger
instanceKlass com/mendix/model/microflows/ModelBasicCodeActionParameterValue
instanceKlass io/micrometer/core/instrument/config/MeterFilter
instanceKlass io/micrometer/core/instrument/DistributionSummary
instanceKlass io/micrometer/core/instrument/FunctionTimer
instanceKlass io/micrometer/core/instrument/LongTaskTimer
instanceKlass io/micrometer/core/instrument/FunctionCounter
instanceKlass com/mendix/model/microflows/ModelAssociationRetrieveSource
instanceKlass com/mendix/model/microflows/ModelRetrieveSource
instanceKlass com/mendix/integration/model/xmlschemas/ModelXmlSchemaEntry
instanceKlass io/micrometer/core/instrument/Timer
instanceKlass io/micrometer/core/instrument/distribution/HistogramSupport
instanceKlass com/mendix/integration/model/xmlschemas/ModelXmlSchema
instanceKlass io/micrometer/core/instrument/Counter
instanceKlass com/mendix/integration/model/webservices/ModelWsdlDescription
instanceKlass com/mendix/model/microflows/ModelAnnotation
instanceKlass io/micrometer/core/instrument/TimeGauge
instanceKlass io/micrometer/core/instrument/Gauge
instanceKlass io/micrometer/core/instrument/Meter
instanceKlass com/mendix/integration/model/webservices/ModelVersionedService
instanceKlass io/micrometer/core/instrument/distribution/pause/PauseDetector
instanceKlass com/mendix/integration/model/webservices/ModelSystemIdDataAttribute
instanceKlass com/mendix/model/microflows/ModelAggregateListAction
instanceKlass com/mendix/integration/model/webservices/ModelServiceInfo
instanceKlass  @bci com/mendix/basis/objectmanagement/meta/metamodel/MetaPrimitiveRegistry <init> (Lscala/Function0;Lscala/Function0;)V 262 <appendix> argL0 ; # com/mendix/basis/objectmanagement/meta/metamodel/MetaPrimitiveRegistry$$Lambda+0x00000217d23f1630
instanceKlass com/mendix/core/objectmanagement/member/MendixHashString
instanceKlass com/mendix/model/microflows/ModelActionActivity
instanceKlass com/mendix/model/microflows/ModelActivity
instanceKlass com/mendix/model/microflows/ModelMicroflowObject
instanceKlass com/mendix/extensions/microflows/ModelMicroflowObjectExtension
instanceKlass  @bci com/mendix/basis/objectmanagement/meta/metamodel/MetaPrimitiveRegistry <init> (Lscala/Function0;Lscala/Function0;)V 238 <appendix> argL0 ; # com/mendix/basis/objectmanagement/meta/metamodel/MetaPrimitiveRegistry$$Lambda+0x00000217d23f0538
instanceKlass com/mendix/core/objectmanagement/member/MendixString
instanceKlass com/mendix/integration/model/webservices/ModelRpcOperationElement
instanceKlass  @bci com/mendix/basis/objectmanagement/meta/metamodel/MetaPrimitiveRegistry <init> (Lscala/Function0;Lscala/Function0;)V 214 <appendix> argL0 ; # com/mendix/basis/objectmanagement/meta/metamodel/MetaPrimitiveRegistry$$Lambda+0x00000217d23ef700
instanceKlass com/mendix/core/objectmanagement/member/MendixLong
instanceKlass com/mendix/model/javascriptactions/ModelJavaScriptActionParameter
instanceKlass com/mendix/model/javascriptactions/ModelJavaScriptAction
instanceKlass  @bci com/mendix/basis/objectmanagement/meta/metamodel/MetaPrimitiveRegistry <init> (Lscala/Function0;Lscala/Function0;)V 190 <appendix> argL0 ; # com/mendix/basis/objectmanagement/meta/metamodel/MetaPrimitiveRegistry$$Lambda+0x00000217d23ee0e8
instanceKlass com/mendix/core/objectmanagement/member/MendixInteger
instanceKlass com/mendix/integration/model/webservices/ModelRpcMessagePartElement
instanceKlass com/mendix/model/javaactions/ModelJavaActionParameter
instanceKlass com/mendix/model/codeactions/ModelCodeActionParameter
instanceKlass  @bci com/mendix/basis/objectmanagement/meta/metamodel/MetaPrimitiveRegistry <init> (Lscala/Function0;Lscala/Function0;)V 166 <appendix> argL0 ; # com/mendix/basis/objectmanagement/meta/metamodel/MetaPrimitiveRegistry$$Lambda+0x00000217d23ecd70
instanceKlass com/mendix/core/objectmanagement/member/MendixEnum
instanceKlass com/mendix/model/javaactions/ModelJavaAction
instanceKlass com/mendix/model/codeactions/ModelCodeAction
instanceKlass  @bci com/mendix/basis/objectmanagement/meta/metamodel/MetaPrimitiveRegistry <init> (Lscala/Function0;Lscala/Function0;)V 143 <appendix> member <vmtarget> ; # com/mendix/basis/objectmanagement/meta/metamodel/MetaPrimitiveRegistry$$Lambda+0x00000217d23eba68
instanceKlass com/mendix/core/objectmanagement/member/MendixDecimal
instanceKlass com/mendix/integration/model/webservices/ModelPublishedWebService
instanceKlass com/mendix/integration/model/webservices/ModelPublishedServiceBase
instanceKlass com/mendix/model/images/ModelImageCollection
instanceKlass  @bci com/mendix/basis/objectmanagement/meta/metamodel/MetaPrimitiveRegistry <init> (Lscala/Function0;Lscala/Function0;)V 119 <appendix> argL0 ; # com/mendix/basis/objectmanagement/meta/metamodel/MetaPrimitiveRegistry$$Lambda+0x00000217d23ea638
instanceKlass com/mendix/core/objectmanagement/member/MendixDateTime
instanceKlass com/mendix/model/images/ModelImage
instanceKlass  @bci com/mendix/basis/objectmanagement/meta/metamodel/MetaPrimitiveRegistry <init> (Lscala/Function0;Lscala/Function0;)V 96 <appendix> argL0 ; # com/mendix/basis/objectmanagement/meta/metamodel/MetaPrimitiveRegistry$$Lambda+0x00000217d23e95d0
instanceKlass com/mendix/core/objectmanagement/member/MendixBoolean
instanceKlass com/mendix/integration/model/webservices/ModelPublishedParameter
instanceKlass com/mendix/model/enumerations/ModelEnumerationValue
instanceKlass  @bci com/mendix/basis/objectmanagement/meta/metamodel/MetaPrimitiveRegistry <init> (Lscala/Function0;Lscala/Function0;)V 70 <appendix> argL0 ; # com/mendix/basis/objectmanagement/meta/metamodel/MetaPrimitiveRegistry$$Lambda+0x00000217d23e8000
instanceKlass com/mendix/core/objectmanagement/member/MendixBinaryDatabase
instanceKlass com/mendix/core/objectmanagement/member/MendixBinaryGetValueFromString
instanceKlass com/mendix/core/objectmanagement/member/MendixBinary
instanceKlass com/mendix/integration/model/webservices/ModelPublishedOperation
instanceKlass com/mendix/integration/model/webservices/ModelPublishedResource
instanceKlass com/mendix/basis/objectmanagement/meta/metamodel/MetaPrimitiveRegistry$ExtensibleCreator
instanceKlass com/mendix/model/enumerations/ModelEnumeration
instanceKlass  @bci com/mendix/basis/objectmanagement/meta/metamodel/MetaPrimitiveRegistry <init> (Lscala/Function0;Lscala/Function0;)V 43 <appendix> argL0 ; # com/mendix/basis/objectmanagement/meta/metamodel/MetaPrimitiveRegistry$$Lambda+0x00000217d23e5fa8
instanceKlass com/mendix/basis/objectmanagement/MendixObjectMemberImpl
instanceKlass com/mendix/basis/objectmanagement/MendixObjectMember
instanceKlass com/mendix/core/objectmanagement/member/MendixAutoNumber
instanceKlass com/mendix/systemwideinterfaces/core/IMendixObjectMember
instanceKlass scala/runtime/AbstractFunction0
instanceKlass scala/Function0$mcZ$sp
instanceKlass com/mendix/integration/model/webservices/ModelPartEncoding
instanceKlass com/mendix/model/domainmodels/ModelViewEntitySourceDocument
instanceKlass com/mendix/model/microflows/ModelStringTemplate
instanceKlass com/mendix/integration/model/webservices/ModelOperationInfo
instanceKlass io/opentelemetry/api/trace/ArrayBasedTraceState
instanceKlass com/mendix/model/domainmodels/ModelValidationRule
instanceKlass io/opentelemetry/api/trace/ArrayBasedTraceStateBuilder
instanceKlass com/mendix/integration/model/webservices/ModelImportedWebService
instanceKlass io/opentelemetry/api/trace/TraceStateBuilder
instanceKlass io/opentelemetry/api/trace/TraceState
instanceKlass com/mendix/model/domainmodels/ModelUniqueRuleInfo
instanceKlass io/opentelemetry/api/internal/OtelEncodingUtils
instanceKlass com/mendix/integration/model/webservices/ModelDataEntity
instanceKlass io/opentelemetry/api/trace/ImmutableTraceFlags
instanceKlass io/opentelemetry/api/trace/TraceFlags
instanceKlass com/mendix/modelstorage/UuidField$
instanceKlass com/mendix/integration/model/webservices/ModelDataAttribute
instanceKlass io/opentelemetry/api/trace/SpanId
instanceKlass com/mendix/model/domainmodels/ModelStringAttributeType
instanceKlass io/opentelemetry/api/trace/TraceId
instanceKlass com/mendix/integration/model/webservices/ModelDataAssociation
instanceKlass com/mendix/integration/model/webservices/ModelDataEntityBase
instanceKlass com/mendix/integration/model/webservices/ModelDataMember
instanceKlass com/mendix/workflows/model/workflows/ModelXPathBasedUserSource
instanceKlass io/opentelemetry/api/internal/ImmutableSpanContext
instanceKlass io/opentelemetry/api/trace/SpanContext
instanceKlass com/mendix/integration/model/settings/ModelIntegrationProjectSettingsPart
instanceKlass io/opentelemetry/api/trace/PropagatedSpan
instanceKlass com/mendix/model/domainmodels/ModelStoredValue
instanceKlass io/opentelemetry/context/DefaultContextKey
instanceKlass io/opentelemetry/context/ContextKey
instanceKlass com/mendix/integration/model/rest/ModelValueTemplate
instanceKlass com/mendix/workflows/model/workflows/ModelWorkflowEventHandler
instanceKlass io/opentelemetry/api/trace/SpanContextKey
instanceKlass com/mendix/model/domainmodels/ModelRequiredRuleInfo
instanceKlass io/opentelemetry/context/ArrayBasedContext
instanceKlass com/mendix/integration/model/rest/ModelStringValue
instanceKlass io/opentelemetry/context/ContextStorageWrappers
instanceKlass io/opentelemetry/context/Scope
instanceKlass com/mendix/integration/model/rest/ModelStringBody
instanceKlass com/mendix/workflows/model/workflows/ModelWorkflowDefinitionObjectSelection
instanceKlass com/mendix/model/domainmodels/ModelRegExRuleInfo
instanceKlass io/opentelemetry/context/ContextStorageProvider
instanceKlass com/mendix/integration/model/rest/ModelRestParameter
instanceKlass com/mendix/integration/model/rest/ModelRestOperationParameter
instanceKlass com/mendix/integration/model/rest/ModelRestOperationMethodWithoutBody
instanceKlass io/opentelemetry/context/LazyStorage
instanceKlass com/mendix/workflows/model/workflows/ModelWorkflowDefinitionNameSelection
instanceKlass com/mendix/workflows/model/workflows/ModelWorkflowDefinitionSelection
instanceKlass io/opentelemetry/context/ContextStorage
instanceKlass com/mendix/model/domainmodels/ModelRangeRuleInfo
instanceKlass com/mendix/integration/model/rest/ModelRestOperationMethodWithBody
instanceKlass com/mendix/integration/model/rest/ModelRestOperationMethod
instanceKlass io/opentelemetry/context/Context
instanceKlass io/opentelemetry/api/trace/Span
instanceKlass io/opentelemetry/context/ImplicitContextKeyed
instanceKlass com/mendix/integration/model/rest/ModelRestOperation
instanceKlass  @bci com/mendix/basis/conf/ConfigurationImpl <init> (Lcom/mendix/logging/ILogManager;Lcom/mendix/configuration/ConfigurationRegistry;Lcom/mendix/modelstorage/ProjectModelStore;Lcom/mendix/basis/objectmanagement/SchemeFactory;)V 1767 <appendix> argL0 ; # com/mendix/basis/conf/ConfigurationImpl$$Lambda+0x00000217d23d7b28
instanceKlass com/mendix/workflows/model/workflows/ModelWorkflowCallParameterMapping
instanceKlass com/mendix/integration/model/rest/ModelPublishedRestServiceResource
instanceKlass com/mendix/basis/conf/ConfigurationImpl$Setting$
instanceKlass com/mendix/model/domainmodels/ModelOqlViewValue
instanceKlass com/mendix/integration/model/rest/ModelPublishedRestServiceOperation
instanceKlass com/mendix/basis/conf/ConfigurationImpl$Setting
instanceKlass com/mendix/basis/conf/ConfigValueChecker
instanceKlass com/mendix/workflows/model/workflows/ModelWorkflow
instanceKlass com/mendix/integration/model/rest/ModelPublishedRestService
instanceKlass com/mendix/modelstorage/PointerField$
instanceKlass com/mendix/model/domainmodels/ModelOqlViewEntitySource
# instanceKlass java/lang/invoke/LambdaForm$MH+0x00000217d23d0400
instanceKlass com/mendix/model/domainmodels/ModelViewEntitySource
# instanceKlass java/lang/invoke/LambdaForm$MH+0x00000217d23d0000
# instanceKlass java/lang/invoke/LambdaForm$MH+0x00000217d23c0800
# instanceKlass java/lang/invoke/LambdaForm$MH+0x00000217d23c0400
instanceKlass com/mendix/integration/model/rest/ModelOperationParameter
instanceKlass com/mendix/basis/conf/Setting
instanceKlass com/mendix/workflows/model/workflows/ModelWaitForTimerActivity
instanceKlass com/mendix/integration/model/rest/ModelODataRemoteEnumerationValue
instanceKlass com/mendix/model/enumerations/ModelRemoteEnumerationValue
instanceKlass com/mendix/model/domainmodels/ModelOqlViewAssociationSource
instanceKlass com/mendix/integration/model/rest/ModelODataRemoteEntitySource
instanceKlass com/mendix/integration/modelstorage/ODataRemoteEntitySourceCapabilities
instanceKlass com/mendix/model/domainmodels/ModelQueryBasedRemoteEntitySource
instanceKlass com/mendix/workflows/model/workflows/ModelWaitForNotificationActivity
instanceKlass com/mendix/integration/model/rest/ModelODataRemoteAssociationSource
instanceKlass com/mendix/model/domainmodels/ModelRemoteAssociationSource
instanceKlass com/mendix/model/domainmodels/ModelAssociationSource
instanceKlass com/mendix/model/domainmodels/ModelNoGeneralization
instanceKlass com/mendix/integration/model/rest/ModelODataMappedValue
instanceKlass com/mendix/model/domainmodels/ModelMappedValue
instanceKlass com/mendix/model/microflows/ModelTextTemplate
instanceKlass com/mendix/model/microflows/ModelTemplate
instanceKlass com/mendix/workflows/model/workflows/ModelVoidConditionOutcome
instanceKlass com/mendix/integration/model/rest/ModelODataKeyPart
instanceKlass scala/collection/immutable/ListMapBuilder
instanceKlass scala/collection/mutable/SeqMap
instanceKlass com/mendix/model/domainmodels/ModelMemberAccess
instanceKlass scala/collection/immutable/ListMap$
instanceKlass com/mendix/integration/model/rest/ModelODataKey
instanceKlass org/apache/http/HttpRequestInterceptor
instanceKlass org/apache/http/client/AuthenticationStrategy
instanceKlass org/apache/http/client/CredentialsProvider
instanceKlass com/mendix/integration/model/rest/ModelODataEntityTypeSource
instanceKlass com/mendix/model/domainmodels/ModelRemoteEntitySource
instanceKlass com/mendix/model/domainmodels/ModelEntitySource
instanceKlass com/mendix/modelstorage/EntitySourceCapabilities
instanceKlass com/mendix/workflows/model/workflows/ModelVetoCompletionCriteria
instanceKlass com/mendix/integration/model/rest/ModelNoResponseHandling
instanceKlass org/apache/http/auth/Credentials
instanceKlass com/mendix/model/domainmodels/ModelMaxLengthRuleInfo
instanceKlass com/mendix/http/HttpClientBuilder
instanceKlass com/mendix/http/HttpResponse
instanceKlass com/mendix/integration/model/rest/ModelImplicitMappingResponseHandling
instanceKlass com/mendix/integration/model/rest/ModelRestOperationResponseHandling
instanceKlass org/apache/http/HttpEntity
# instanceKlass java/lang/invoke/LambdaForm$MH+0x00000217d23c0000
instanceKlass com/mendix/workflows/model/workflows/ModelUserTaskOutcome
instanceKlass com/mendix/integration/model/rest/ModelImplicitMappingBody
instanceKlass com/mendix/integration/model/rest/ModelBody
instanceKlass com/mendix/webui/model/navigation/ModelRoleBasedNativeHomePage
instanceKlass com/mendix/model/domainmodels/ModelLongAttributeType
instanceKlass  @bci scala/collection/mutable/HashSet addAll (Lscala/collection/IterableOnce;)Lscala/collection/mutable/HashSet; 24 <appendix> member <vmtarget> ; # scala/collection/mutable/HashSet$$Lambda+0x00000217d236b778
instanceKlass com/mendix/integration/model/rest/ModelHeaderWithValueTemplate
instanceKlass com/mendix/integration/model/rest/ModelCorsConfiguration
instanceKlass com/mendix/webui/model/navigation/ModelRoleBasedHomePage
instanceKlass com/mendix/workflows/model/workflows/ModelThresholdCompletionCriteria
instanceKlass com/mendix/integration/model/rest/ModelConsumedRestService
instanceKlass com/mendix/webui/model/navigation/ModelProgressiveWebAppSettings
instanceKlass com/mendix/model/domainmodels/ModelIntegerAttributeType
# instanceKlass java/lang/invoke/LambdaForm$MH+0x00000217d23b6400
instanceKlass  @cpi com/mendix/connectionbus/connections/jdbc/rendering/OqlRenderer 1108 form vmentry <vmtarget> ; # java/lang/invoke/LambdaForm$DMH+0x00000217d23b6000
# instanceKlass java/lang/invoke/LambdaForm$MH+0x00000217d23b5c00
instanceKlass com/mendix/integration/model/rest/ModelConsumedODataService
# instanceKlass java/lang/invoke/LambdaForm$DMH+0x00000217d23b5800
instanceKlass com/mendix/model/domainmodels/ModelRemoteEntitySourceDocument
# instanceKlass java/lang/invoke/LambdaForm$DMH+0x00000217d23b5400
# instanceKlass java/lang/invoke/LambdaForm$DMH+0x00000217d23b5000
instanceKlass java/lang/invoke/MethodHandleImpl$ArrayAccessor
instanceKlass java/lang/invoke/MethodHandleImpl$LoopClauses
instanceKlass java/lang/invoke/MethodHandleImpl$CasesHolder
# instanceKlass java/lang/invoke/LambdaForm$MH+0x00000217d23b4c00
instanceKlass com/mendix/webui/model/navigation/ModelOfflineEntityConfig
# instanceKlass java/lang/invoke/LambdaForm$MH+0x00000217d23b4800
# instanceKlass java/lang/invoke/LambdaForm$MH+0x00000217d23b4400
# instanceKlass java/lang/invoke/LambdaForm$MH+0x00000217d23b4000
instanceKlass com/mendix/workflows/model/workflows/ModelSingleUserTaskActivity
instanceKlass com/mendix/integration/model/rest/ModelConstantValue
instanceKlass com/mendix/integration/model/rest/ModelValue
instanceKlass com/mendix/webui/model/navigation/ModelNotFoundHomePage
instanceKlass com/mendix/model/domainmodels/ModelIndexedAttribute
instanceKlass scala/collection/concurrent/CNode$
instanceKlass com/mendix/integration/model/rest/ModelBasicAuthenticationScheme
instanceKlass com/mendix/integration/model/rest/ModelAuthenticationScheme
instanceKlass  @bci com/mendix/metrics/micrometer/MicrometerConfigurationImpl$ <clinit> ()V 169 <appendix> argL0 ; # com/mendix/metrics/micrometer/MicrometerConfigurationImpl$$$Lambda+0x00000217d23b06c8
instanceKlass com/mendix/metrics/micrometer/MicrometerConfiguration$Registry
instanceKlass com/mendix/webui/model/navigation/ModelNavigationProfile
instanceKlass com/mendix/metrics/micrometer/MicrometerConfigurationImpl$MicrometerValueType$
instanceKlass com/mendix/workflows/model/workflows/ModelPercentageAmountUserInput
instanceKlass com/mendix/integration/model/odatapublish/ModelServiceFeed
instanceKlass com/mendix/webui/model/navigation/ModelNavigationDocument
instanceKlass  @bci com/mendix/metrics/micrometer/MicrometerConfigurationImpl$ <clinit> ()V 64 <appendix> argL0 ; # com/mendix/metrics/micrometer/MicrometerConfigurationImpl$$$Lambda+0x00000217d23adf50
instanceKlass com/mendix/model/projects/ModelProjectDocument
instanceKlass com/mendix/model/domainmodels/ModelHashedStringAttributeType
instanceKlass com/mendix/metrics/micrometer/MicrometerConfiguration$Filter
instanceKlass com/mendix/integration/model/odatapublish/ModelReadSource
instanceKlass com/mendix/webui/model/navigation/ModelNativeNavigationProfile
instanceKlass com/mendix/webui/model/navigation/ModelNavigationProfileBase
instanceKlass scala/Tuple3
instanceKlass scala/Product3
instanceKlass com/mendix/metrics/micrometer/MicrometerConfigurationImpl$MeterFilterReplyType$
instanceKlass com/mendix/workflows/model/workflows/ModelParameter
instanceKlass com/mendix/integration/model/odatapublish/ModelQueryOptions
instanceKlass com/mendix/webui/model/navigation/ModelNativeHomePage
instanceKlass com/mendix/webui/model/navigation/ModelNativeHomePageBase
instanceKlass com/mendix/webui/model/navigation/ModelHomePage
instanceKlass com/mendix/webui/model/navigation/ModelHomePageBase
instanceKlass com/mendix/webui/model/microflows/ModelValidationFeedbackAction
instanceKlass com/mendix/metrics/micrometer/MicrometerConfigurationImpl$FilterTypeConfigType$
instanceKlass com/mendix/model/domainmodels/ModelGeneralization
instanceKlass com/mendix/model/domainmodels/ModelGeneralizationBase
instanceKlass com/mendix/configuration/Configuration$Map3
instanceKlass com/mendix/integration/model/odatapublish/ModelPublishedODataService2
instanceKlass sun/reflect/generics/tree/IntSignature
instanceKlass com/mendix/webui/model/microflows/ModelSynchronizeAction
instanceKlass com/mendix/configuration/Configuration$TypeMapping
instanceKlass com/mendix/metrics/micrometer/MicrometerConfigurationImpl$
instanceKlass com/mendix/model/texts/ModelText
instanceKlass com/mendix/workflows/model/workflows/ModelParallelSplitOutcome
instanceKlass com/mendix/integration/model/odatapublish/ModelPublishedMicroflowParameter
instanceKlass com/mendix/webui/model/microflows/ModelShowMessageAction
instanceKlass com/mendix/metrics/micrometer/MicrometerConfiguration$ConfigKey$
instanceKlass com/mendix/model/domainmodels/ModelEqualsToRuleInfo
instanceKlass com/mendix/model/domainmodels/ModelRuleInfo
instanceKlass com/mendix/webui/model/microflows/ModelShowHomePageAction
instanceKlass com/mendix/model/enumerations/ModelCondition
instanceKlass com/mendix/integration/model/odatapublish/ModelPublishedMicroflow
instanceKlass com/mendix/basis/conf/ConfigurationConstants$
instanceKlass com/mendix/webui/model/microflows/ModelShowPageAction
instanceKlass com/mendix/workflows/model/workflows/ModelParallelSplitActivity
instanceKlass com/mendix/documentexporter/model/microflows/ModelGenerateDocumentAction
instanceKlass com/mendix/workflows/model/workflows/ModelPageReference
instanceKlass com/mendix/integration/model/odatapublish/ModelPublishedId
instanceKlass com/mendix/model/domainmodels/ModelEnumerationAttributeType
instanceKlass com/mendix/basis/conf/PerformDeleteFromStorage
instanceKlass com/mendix/webui/model/microflows/ModelPushToClientAction
instanceKlass com/mendix/workflows/model/workflows/ModelPageParameterMapping
instanceKlass com/mendix/integration/model/odatapublish/ModelPublishedEnumerationValue
instanceKlass com/mendix/model/domainmodels/ModelEntityKeyPart
instanceKlass com/mendix/webui/model/microflows/ModelDownloadFileAction
instanceKlass com/mendix/integration/model/odatapublish/ModelPublishedEnumeration
instanceKlass com/mendix/documentexporter/model/microflows/ModelDocumentTemplateParameterMapping
instanceKlass com/mendix/workflows/model/workflows/ModelNonInterruptingTimerBoundaryEvent
instanceKlass com/mendix/model/domainmodels/ModelEntityKey
instanceKlass com/mendix/webui/model/microflows/ModelCloseFormAction
instanceKlass com/mendix/integration/model/odatapublish/ModelPublishedContract
instanceKlass com/mendix/workflows/model/workflows/ModelNoEvent
instanceKlass com/mendix/webui/model/microflows/ModelClearFromClientAction
instanceKlass com/mendix/model/domainmodels/ModelIndex
instanceKlass com/mendix/basis/objectmanagement/meta/datavalidation/DataValidation
instanceKlass com/mendix/systemwideinterfaces/core/meta/IDataValidation
instanceKlass com/mendix/integration/model/odatapublish/ModelPublishedAttribute
instanceKlass com/mendix/documentexporter/model/documenttemplates/ModelTitle
instanceKlass com/mendix/workflows/model/workflows/ModelMultiUserTaskActivity
instanceKlass com/mendix/workflows/model/workflows/ModelUserTaskActivity
instanceKlass com/mendix/integration/model/odatapublish/ModelPublishedAssociationEnd
instanceKlass com/mendix/integration/model/odatapublish/ModelPublishedMember
instanceKlass com/mendix/webui/model/menus/ModelMenuDocument
instanceKlass com/mendix/integration/model/odatapublish/ModelEntityType
instanceKlass com/mendix/workflows/model/workflows/ModelMicroflowEventHandler
instanceKlass com/mendix/integration/model/odatapublish/ModelEntitySet
instanceKlass  @bci com/mendix/http/configuration/ConfigurationImpl$ <clinit> ()V 10 <appendix> argL0 ; # com/mendix/http/configuration/ConfigurationImpl$$$Lambda+0x00000217d239a5e0
instanceKlass com/mendix/http/configuration/ConfigurationImpl$
instanceKlass com/mendix/webui/model/settings/ModelWebUIProjectSettingsPart
instanceKlass com/mendix/model/domainmodels/ModelEntity
instanceKlass com/mendix/http/constants/HttpConstants$
instanceKlass com/mendix/integration/model/odatapublish/ModelChangeSource
instanceKlass com/mendix/documentexporter/model/documenttemplates/ModelTemplateGridContents
instanceKlass com/mendix/workflows/model/workflows/ModelMicroflowCompletionCriteria
instanceKlass com/mendix/webui/model/forms/ModelTemplateGrid
instanceKlass com/mendix/webui/model/forms/ModelSyncClientAction
instanceKlass com/mendix/integration/model/odatapublish/ModelChangeNotSupported
instanceKlass com/mendix/workflows/model/workflows/ModelMicroflowCallParameterMapping
instanceKlass com/mendix/modelstorage/BuilderMode
instanceKlass com/mendix/model/domainmodels/ModelEventHandler
instanceKlass org/bson/BSONCallback
instanceKlass com/mendix/webui/model/forms/ModelStaticOrDynamicString
instanceKlass com/mendix/integration/model/odatapublish/ModelCallMicroflowToRead
instanceKlass com/mendix/integration/model/odatapublish/ModelReadMode
instanceKlass com/mendix/documentexporter/model/documenttemplates/ModelTemplateGrid
instanceKlass com/mendix/workflows/model/workflows/ModelMicroflowBasedUserSource
instanceKlass com/mendix/webui/model/forms/ModelSnippet
instanceKlass com/mendix/integration/model/odatapublish/ModelCallMicroflowToChange
instanceKlass com/mendix/integration/model/odatapublish/ModelChangeMode
instanceKlass com/mendix/workflows/model/workflows/ModelMicroflowBasedEvent
instanceKlass com/mendix/workflows/model/workflows/ModelUserTaskEvent
instanceKlass com/mendix/webui/model/forms/ModelSignOutClientAction
instanceKlass com/azure/core/credential/TokenCredential
instanceKlass com/mendix/model/domainmodels/ModelDomainModel
instanceKlass com/azure/core/http/policy/HttpPipelinePolicy
instanceKlass com/mendix/integration/model/microflows/ModelWebServiceOperationSimpleParameterMapping
instanceKlass com/mendix/documentexporter/model/documenttemplates/ModelTableRow
instanceKlass com/mendix/workflows/model/workflows/ModelMajorityCompletionCriteria
instanceKlass com/mendix/webui/model/forms/ModelSaveChangesClientAction
instanceKlass com/mendix/storage/azure/internal/ClientProvider
instanceKlass sun/security/util/ManifestEntryVerifier$SunProviderHolder
instanceKlass java/util/Base64$Encoder
instanceKlass java/util/Base64$Decoder
instanceKlass java/util/Base64
instanceKlass javax/crypto/SecretKey
instanceKlass sun/security/util/Length
instanceKlass sun/security/util/KeyUtil
instanceKlass java/security/interfaces/XECKey
instanceKlass java/security/interfaces/ECKey
instanceKlass sun/security/util/JarConstraintsParameters
instanceKlass sun/security/util/ConstraintsParameters
instanceKlass java/security/CodeSigner
instanceKlass java/security/Timestamp
instanceKlass sun/security/timestamp/TimestampToken
instanceKlass java/security/cert/CertPath
instanceKlass java/math/MutableBigInteger
instanceKlass sun/security/rsa/RSAPadding
instanceKlass sun/security/rsa/RSACore
instanceKlass java/security/interfaces/RSAPrivateCrtKey
instanceKlass sun/security/pkcs/PKCS8Key
instanceKlass sun/security/util/InternalPrivateKey
instanceKlass java/security/interfaces/RSAPrivateKey
instanceKlass java/security/PrivateKey
instanceKlass javax/security/auth/Destroyable
instanceKlass jdk/internal/icu/util/CodePointTrie$Data
instanceKlass jdk/internal/icu/util/CodePointMap
instanceKlass jdk/internal/icu/util/VersionInfo
instanceKlass  @bci jdk/internal/module/SystemModuleFinders$SystemModuleReader open (Ljava/lang/String;)Ljava/util/Optional; 6 <appendix> member <vmtarget> ; # jdk/internal/module/SystemModuleFinders$SystemModuleReader$$Lambda+0x00000217d22ee4d0
instanceKlass jdk/internal/icu/impl/ICUBinary$1
instanceKlass jdk/internal/icu/impl/ICUBinary
instanceKlass jdk/internal/icu/impl/NormalizerImpl$IsAcceptable
instanceKlass jdk/internal/icu/impl/ICUBinary$Authenticate
instanceKlass jdk/internal/icu/impl/NormalizerImpl
instanceKlass jdk/internal/icu/impl/Norm2AllModes$Norm2AllModesSingleton
instanceKlass jdk/internal/icu/impl/Norm2AllModes$NFKCSingleton
instanceKlass jdk/internal/icu/impl/Norm2AllModes
instanceKlass jdk/internal/icu/text/Normalizer2
instanceKlass jdk/internal/icu/text/NormalizerBase$ModeImpl
instanceKlass jdk/internal/icu/text/NormalizerBase$NFKDModeImpl
instanceKlass jdk/internal/icu/text/NormalizerBase$1
instanceKlass jdk/internal/icu/text/NormalizerBase$Mode
instanceKlass jdk/internal/icu/text/NormalizerBase
instanceKlass java/text/Normalizer
instanceKlass sun/security/x509/AVAKeyword
instanceKlass sun/security/jca/ServiceId
instanceKlass java/security/Signature$1
instanceKlass jdk/internal/access/JavaSecuritySignatureAccess
instanceKlass java/security/SignatureSpi
instanceKlass sun/security/util/SignatureUtil
instanceKlass sun/security/pkcs/SigningCertificateInfo$ESSCertId
instanceKlass sun/security/pkcs/SigningCertificateInfo
instanceKlass sun/security/pkcs/PKCS9Attribute
instanceKlass sun/security/pkcs/PKCS9Attributes
instanceKlass java/time/Instant
instanceKlass java/time/zone/ZoneOffsetTransition
instanceKlass java/time/LocalTime
instanceKlass java/time/temporal/ValueRange
instanceKlass java/time/Duration
instanceKlass java/time/temporal/TemporalAmount
instanceKlass java/time/temporal/TemporalUnit
instanceKlass java/time/temporal/TemporalField
instanceKlass java/time/LocalDate
instanceKlass java/time/chrono/ChronoLocalDate
instanceKlass java/time/ZonedDateTime
instanceKlass java/time/chrono/ChronoZonedDateTime
instanceKlass java/time/LocalDateTime
instanceKlass java/time/chrono/ChronoLocalDateTime
instanceKlass java/time/temporal/Temporal
instanceKlass java/time/zone/ZoneOffsetTransitionRule
instanceKlass java/time/zone/ZoneRules
instanceKlass  @bci java/time/ZoneOffset ofTotalSeconds (I)Ljava/time/ZoneOffset; 37 <appendix> argL0 ; # java/time/ZoneOffset$$Lambda+0x80000000c
instanceKlass sun/security/util/DisabledAlgorithmConstraints$Constraints$Holder
instanceKlass sun/security/util/DisabledAlgorithmConstraints$Constraint
instanceKlass java/security/spec/ECFieldF2m
instanceKlass java/security/spec/ECParameterSpec
instanceKlass java/security/spec/ECPoint
instanceKlass java/security/spec/EllipticCurve
instanceKlass java/security/spec/ECFieldFp
instanceKlass java/security/spec/ECField
instanceKlass sun/security/util/CurveDB
instanceKlass sun/security/util/DisabledAlgorithmConstraints$Constraints
instanceKlass java/util/Arrays$ArrayItr
instanceKlass sun/security/util/AbstractAlgorithmConstraints$1
instanceKlass sun/security/util/AlgorithmDecomposer
instanceKlass sun/security/util/DisabledAlgorithmConstraints$JarHolder
instanceKlass sun/security/util/AbstractAlgorithmConstraints
instanceKlass java/security/AlgorithmConstraints
instanceKlass sun/security/pkcs/SignerInfo
instanceKlass java/security/cert/PolicyQualifierInfo
instanceKlass sun/security/x509/CertificatePolicyId
instanceKlass sun/security/x509/PolicyInformation
instanceKlass sun/security/x509/DistributionPoint
instanceKlass sun/security/x509/DNSName
instanceKlass sun/security/x509/URIName
instanceKlass sun/security/x509/GeneralName
instanceKlass sun/security/x509/AccessDescription
instanceKlass sun/security/x509/GeneralNames
instanceKlass jdk/internal/event/EventHelper
instanceKlass sun/security/jca/JCAUtil
instanceKlass sun/security/util/MemoryCache$CacheEntry
instanceKlass sun/security/x509/KeyIdentifier
instanceKlass sun/security/x509/OIDMap$OIDInfo
instanceKlass sun/security/x509/PKIXExtensions
instanceKlass sun/security/x509/OIDMap
instanceKlass sun/security/x509/Extension
instanceKlass java/security/cert/Extension
instanceKlass sun/security/x509/CertificateExtensions
instanceKlass sun/security/rsa/RSAUtil
instanceKlass java/security/interfaces/RSAPublicKey
instanceKlass java/security/interfaces/RSAKey
instanceKlass java/security/spec/PSSParameterSpec
instanceKlass java/security/spec/AlgorithmParameterSpec
instanceKlass java/security/spec/RSAPrivateKeySpec
instanceKlass java/security/spec/RSAPublicKeySpec
instanceKlass java/security/KeyFactorySpi
instanceKlass sun/security/rsa/SunRsaSignEntries
instanceKlass sun/security/jca/ProviderList$ServiceList$1
instanceKlass java/security/KeyFactory
instanceKlass  @bci java/security/spec/EncodedKeySpec <clinit> ()V 0 <appendix> argL0 ; # java/security/spec/EncodedKeySpec$$Lambda+0x00000217d22db728
instanceKlass  @cpi org/apache/commons/logging/LogFactory 1066 form vmentry <vmtarget> ; # java/lang/invoke/LambdaForm$DMH+0x00000217d2394400
instanceKlass jdk/internal/access/JavaSecuritySpecAccess
instanceKlass java/security/spec/EncodedKeySpec
instanceKlass java/security/spec/KeySpec
instanceKlass sun/security/util/BitArray
instanceKlass sun/security/x509/X509Key
instanceKlass java/security/PublicKey
instanceKlass java/security/Key
instanceKlass sun/security/x509/CertificateX509Key
instanceKlass sun/util/calendar/CalendarUtils
instanceKlass sun/util/calendar/CalendarDate
instanceKlass sun/util/calendar/CalendarSystem$GregorianHolder
instanceKlass sun/util/calendar/CalendarSystem
instanceKlass sun/security/x509/CertificateValidity
instanceKlass sun/security/x509/AVA
instanceKlass sun/security/x509/RDN
instanceKlass javax/security/auth/x500/X500Principal
instanceKlass  @bci sun/security/x509/X500Name <clinit> ()V 153 <appendix> argL0 ; # sun/security/x509/X500Name$$Lambda+0x00000217d22d9518
instanceKlass sun/security/x509/X500Name
instanceKlass sun/security/x509/GeneralNameInterface
instanceKlass sun/security/x509/CertificateAlgorithmId
instanceKlass sun/security/x509/SerialNumber
instanceKlass sun/security/x509/CertificateSerialNumber
instanceKlass sun/security/x509/CertificateVersion
instanceKlass sun/security/x509/X509CertInfo
instanceKlass sun/security/util/Cache$EqualByteArray
instanceKlass java/security/cert/X509Extension
instanceKlass java/lang/Byte$ByteCache
instanceKlass  @bci sun/security/util/DerInputStream seeOptionalContextSpecific (I)Z 2 <appendix> member <vmtarget> ; # sun/security/util/DerInputStream$$Lambda+0x00000217d22d7130
instanceKlass  @cpi sun/security/util/DerInputStream 295 form vmentry <vmtarget> ; # java/lang/invoke/LambdaForm$DMH+0x00000217d2394000
instanceKlass sun/security/util/Cache
instanceKlass java/security/cert/CertificateFactorySpi
instanceKlass java/security/cert/CertificateFactory
instanceKlass sun/security/x509/AlgorithmId
instanceKlass sun/security/util/ByteArrayTagOrder
instanceKlass sun/security/util/ByteArrayLexOrder
instanceKlass sun/security/util/DerValue
instanceKlass sun/security/util/ObjectIdentifier
instanceKlass sun/security/pkcs/ContentInfo
instanceKlass sun/security/util/DerEncoder
instanceKlass sun/security/util/DerInputStream
instanceKlass sun/security/pkcs/PKCS7
instanceKlass  @bci sun/security/util/ManifestDigester <init> ([B)V 350 <appendix> argL0 ; # sun/security/util/ManifestDigester$$Lambda+0x00000217d22d4558
instanceKlass sun/security/util/ManifestDigester$Section
instanceKlass sun/security/util/ManifestDigester$Entry
instanceKlass sun/security/util/ManifestDigester$Position
instanceKlass sun/security/util/ManifestDigester
instanceKlass sun/security/util/ManifestEntryVerifier
instanceKlass jdk/internal/misc/ThreadTracker
instanceKlass java/util/jar/JarFile$ThreadTrackHolder
instanceKlass com/mendix/integration/model/microflows/ModelWebServiceOperationAdvancedParameterMapping
instanceKlass com/mendix/integration/model/microflows/ModelWebServiceOperationParameterMapping
instanceKlass com/mendix/workflows/model/workflows/ModelLinearRecurrence
instanceKlass com/mendix/workflows/model/workflows/ModelRecurrence
instanceKlass com/mendix/webui/model/forms/ModelReferenceSetSelector
instanceKlass com/mendix/logging/apache/commons/ApacheCommonsLog$
instanceKlass com/mendix/model/domainmodels/ModelAssociationDeleteBehavior
instanceKlass com/mendix/integration/model/microflows/ModelSimpleRequestHandling
instanceKlass com/mendix/documentexporter/model/documenttemplates/ModelTableCell
instanceKlass com/mendix/workflows/model/workflows/ModelJumpToActivity
instanceKlass com/mendix/webui/model/forms/ModelRangeSearchField
instanceKlass org/slf4j/helpers/NOPLoggerFactory
instanceKlass com/mendix/logging/slf4j/MxSLF4JServiceProvider$
instanceKlass org/slf4j/spi/MDCAdapter
instanceKlass com/mendix/integration/model/microflows/ModelSendExternalObject
instanceKlass com/mendix/workflows/model/workflows/ModelInterruptingTimerBoundaryEvent
instanceKlass com/mendix/workflows/model/workflows/ModelBoundaryEvent
instanceKlass com/mendix/webui/model/forms/ModelParameterIdUrlSegment
instanceKlass org/slf4j/IMarkerFactory
instanceKlass com/mendix/logging/slf4j/MxSLF4JServiceProvider
instanceKlass org/slf4j/spi/SLF4JServiceProvider
instanceKlass com/mendix/model/domainmodels/ModelDecimalAttributeType
instanceKlass com/mendix/model/domainmodels/ModelDecimalAttributeTypeBase
instanceKlass  @bci com/mendix/logging/slf4j/MxLoggerFactory <clinit> ()V 31 <appendix> argL0 ; # com/mendix/logging/slf4j/MxLoggerFactory$$Lambda+0x00000217d238a400
instanceKlass com/mendix/integration/model/microflows/ModelResultHandling
instanceKlass com/mendix/documentexporter/model/documenttemplates/ModelTable
instanceKlass com/mendix/documentexporter/model/documenttemplates/ModelTableExtension
instanceKlass com/mendix/workflows/model/workflows/ModelFlow
instanceKlass  @bci com/mendix/logging/slf4j/MxLoggerFactory <clinit> ()V 15 <appendix> argL0 ; # com/mendix/logging/slf4j/MxLoggerFactory$$Lambda+0x00000217d2388938
instanceKlass org/slf4j/spi/LoggingEventBuilder
instanceKlass com/mendix/webui/model/forms/ModelParameterAttributeUrlSegment
instanceKlass com/mendix/model/url/ModelUrlSegment
instanceKlass com/mendix/logging/slf4j/MxLoggerAdapter
instanceKlass com/mendix/integration/model/microflows/ModelRestParameterMapping
instanceKlass com/mendix/integration/model/microflows/ModelRestOperationParameterMapping
instanceKlass com/mendix/documentexporter/model/documenttemplates/ModelStyle
instanceKlass com/mendix/workflows/model/workflows/ModelExclusiveSplitActivity
instanceKlass com/mendix/integration/model/microflows/ModelRestOperationCallAction
instanceKlass org/slf4j/Logger
instanceKlass com/mendix/webui/model/forms/ModelPageTemplate
instanceKlass com/mendix/model/domainmodels/ModelDateTimeAttributeType
instanceKlass com/mendix/configuration/Configuration$MapOf
instanceKlass com/mendix/workflows/model/workflows/ModelEnumerationValueConditionOutcome
instanceKlass com/mendix/configuration/Configuration$MapOf$
instanceKlass com/mendix/integration/model/microflows/ModelRestCallAction
instanceKlass com/mendix/webui/model/forms/ModelPageParameterMapping
instanceKlass com/mendix/configuration/Configuration$ListOf
instanceKlass com/mendix/documentexporter/model/documenttemplates/ModelStaticLabel
instanceKlass com/mendix/workflows/model/workflows/ModelEndWorkflowActivity
instanceKlass  @bci java/util/regex/Pattern negate (Ljava/util/regex/Pattern$CharPredicate;)Ljava/util/regex/Pattern$CharPredicate; 1 <appendix> member <vmtarget> ; # java/util/regex/Pattern$$Lambda+0x800000031
instanceKlass java/util/regex/Pattern$BitClass
instanceKlass com/mendix/storage/s3/internal/S3StorageConfiguration$
instanceKlass com/mendix/integration/model/microflows/ModelProxyConfiguration
instanceKlass com/mendix/webui/model/forms/ModelPageParameter
instanceKlass com/mendix/model/domainmodels/ModelCrossAssociation
instanceKlass com/mendix/documentexporter/model/documenttemplates/ModelStaticImageViewer
instanceKlass com/mendix/workflows/model/workflows/ModelEndOfParallelSplitPathActivity
instanceKlass com/mendix/integration/model/microflows/ModelOutputVariable
instanceKlass com/mendix/webui/model/forms/ModelPage
instanceKlass com/mendix/integration/model/microflows/ModelMappingRequestHandling
instanceKlass com/mendix/documentexporter/model/documenttemplates/ModelPageBreak
# instanceKlass java/lang/invoke/LambdaForm$MH+0x00000217d2380400
instanceKlass com/mendix/workflows/model/workflows/ModelEndOfBoundaryEventPathActivity
# instanceKlass java/lang/invoke/LambdaForm$MH+0x00000217d2380000
instanceKlass com/mendix/integration/model/microflows/ModelIncludedAssociation
instanceKlass com/mendix/webui/model/forms/ModelOpenLinkClientAction
instanceKlass com/mendix/model/domainmodels/ModelCalculatedValue
instanceKlass com/mendix/model/domainmodels/ModelValueType
instanceKlass com/mendix/workflows/model/workflows/ModelEmptyUserSource
instanceKlass com/mendix/workflows/model/workflows/ModelUserSource
instanceKlass com/mendix/integration/model/microflows/ModelImportXmlAction
instanceKlass com/mendix/webui/model/forms/ModelNoClientAction
instanceKlass com/mendix/documentexporter/model/documenttemplates/ModelLineBreak
instanceKlass com/mendix/workflows/model/workflows/ModelConsensusCompletionCriteria
instanceKlass com/mendix/workflows/model/workflows/ModelUserTaskCompletionCriteria
instanceKlass com/mendix/integration/model/microflows/ModelImportMappingParameterValue
instanceKlass com/mendix/webui/model/forms/ModelMicroflowSettings
instanceKlass com/mendix/model/domainmodels/ModelBooleanAttributeType
instanceKlass com/mendix/webui/model/forms/ModelMicroflowClientAction
instanceKlass com/mendix/workflows/model/workflows/ModelCallWorkflowActivity
instanceKlass com/mendix/integration/model/microflows/ModelImportMappingCall
instanceKlass com/mendix/webui/model/forms/ModelLayout
instanceKlass com/mendix/workflows/model/workflows/ModelCallMicroflowTask
instanceKlass com/mendix/workflows/model/MicroflowReference
instanceKlass com/mendix/workflows/model/workflows/ModelConditionOutcomeActivity
instanceKlass com/mendix/workflows/model/workflows/ModelWorkflowActivity
instanceKlass com/mendix/documentexporter/model/documenttemplates/ModelHeader
instanceKlass com/mendix/integration/model/microflows/ModelHttpHeaderEntry
instanceKlass com/mendix/model/domainmodels/ModelBinaryAttributeType
instanceKlass com/mendix/webui/model/forms/ModelGridSortItem
instanceKlass com/mendix/workflows/model/workflows/ModelBooleanConditionOutcome
instanceKlass com/mendix/workflows/model/workflows/ModelConditionOutcome
instanceKlass com/mendix/workflows/model/workflows/ModelOutcome
instanceKlass  @bci com/mendix/container/wiring/ActivateTask execute (Lscala/collection/immutable/List;)Lscala/util/Either; 65 <appendix> member <vmtarget> ; # com/mendix/container/wiring/ActivateTask$$Lambda+0x00000217d2374000
instanceKlass  @bci com/mendix/container/wiring/ActivateTask execute (Lscala/collection/immutable/List;)Lscala/util/Either; 2 <appendix> member <vmtarget> ; # com/mendix/container/wiring/ActivateTask$$Lambda+0x00000217d231dbc0
instanceKlass scala/util/hashing/package$
instanceKlass com/mendix/integration/model/microflows/ModelHttpConfiguration
instanceKlass com/mendix/webui/model/forms/ModelGridSortBar
instanceKlass com/mendix/workflows/model/workflows/ModelAllUserInput
instanceKlass com/mendix/documentexporter/model/documenttemplates/ModelGridSortItem
instanceKlass com/mendix/workflows/model/workflows/ModelAbsoluteAmountUserInput
instanceKlass com/mendix/workflows/model/workflows/ModelTargetUserInput
instanceKlass com/mendix/integration/model/microflows/ModelFormDataRequestHandling
instanceKlass com/mendix/modelstorage/IntField$
instanceKlass com/mendix/webui/model/forms/ModelGridSelectAllButton
instanceKlass com/mendix/model/domainmodels/ModelAutoNumberAttributeType
instanceKlass com/mendix/model/domainmodels/ModelIntegerAttributeTypeBase
instanceKlass com/mendix/model/domainmodels/ModelNumericAttributeTypeBase
instanceKlass com/mendix/model/domainmodels/ModelAttributeType
instanceKlass com/mendix/connectionbus/retrieve/query/oql/SelectQuery
instanceKlass com/mendix/datastorage/oqltree/trees/TreeNode
instanceKlass com/mendix/workflows/model/settings/ModelWorkflowsProjectSettingsPart
instanceKlass com/mendix/model/settings/ModelProjectSettingsPart
instanceKlass com/mendix/connectionbus/ConnectionBusCache
instanceKlass com/mendix/datastorage/handler/cache/QueryCacheManager
instanceKlass com/mendix/datastorage/modelresolver/impl/OQLTreeIdentifierToModelResolver
instanceKlass com/mendix/connectionbus/connections/jdbc/JdbcDataStoreConfigurator
instanceKlass com/mendix/integration/model/microflows/ModelFormDataPart
instanceKlass  @bci com/mendix/modelstorage/FieldType$ apply (Ljava/lang/Class;)Lcom/mendix/modelstorage/FieldType; 176 <appendix> argL0 ; # com/mendix/modelstorage/FieldType$$$Lambda+0x00000217d2367308
instanceKlass com/mendix/webui/model/forms/ModelGridSearchButton
instanceKlass com/mendix/modelstorage/EnumField
instanceKlass com/mendix/integration/model/microflows/ModelExternalActionParameterMapping
instanceKlass com/mendix/workflows/model/microflows/ModelWorkflowOperationAction
instanceKlass com/mendix/documentexporter/model/documenttemplates/ModelGridSortBar
instanceKlass com/mendix/basis/connectionbus/modelsynchronization/CurrentSQLCommand
instanceKlass com/mendix/webui/model/forms/ModelGridNewButton
instanceKlass com/mendix/model/domainmodels/ModelAttribute
instanceKlass com/mendix/modelstorage/OtherField$
instanceKlass com/mendix/integration/model/microflows/ModelExportXmlAction
instanceKlass com/mendix/workflows/model/microflows/ModelWorkflowCallAction
instanceKlass com/mendix/webui/model/forms/ModelGridDeselectAllButton
instanceKlass java/util/concurrent/ScheduledExecutorService
instanceKlass scala/reflect/ManifestFactory$WildcardManifest
instanceKlass com/mendix/integration/model/microflows/ModelExportMappingParameterValue
instanceKlass com/mendix/model/microflows/ModelExpressionBasedCodeActionParameterValue
instanceKlass com/mendix/model/microflows/ModelCodeActionParameterValue
instanceKlass com/mendix/workflows/model/microflows/ModelUnpauseOperation
instanceKlass com/mendix/documentexporter/model/documenttemplates/ModelFooter
instanceKlass com/mendix/webui/model/forms/ModelGridControlBar
instanceKlass com/mendix/webui/model/forms/ModelControlBar
instanceKlass java/net/ServerSocket
instanceKlass com/mendix/modelstorage/FieldType
instanceKlass com/mendix/model/domainmodels/ModelAssociation
instanceKlass com/mendix/model/domainmodels/ModelAssociationBase
instanceKlass com/mendix/modelstorage/FieldType$
instanceKlass com/mendix/datastorage/query/plans/Query
instanceKlass com/mendix/datastorage/oqltree/OqlWriter
instanceKlass com/mendix/integration/model/microflows/ModelDeleteExternalObject
instanceKlass com/mendix/workflows/model/microflows/ModelUnlockWorkflowAction
instanceKlass com/mendix/webui/model/forms/ModelGridActionButton
instanceKlass com/mendix/modelstorage/FieldInfo
instanceKlass com/mendix/modelstorage/FieldInfo$
instanceKlass com/mendix/queryparser/QueryParser
instanceKlass com/mendix/integration/model/microflows/ModelCustomRequestHandling
instanceKlass com/mendix/workflows/model/microflows/ModelSetTaskOutcomeAction
instanceKlass com/mendix/documentexporter/model/documenttemplates/ModelDynamicLabel
instanceKlass com/mendix/documentexporter/model/documenttemplates/ModelAttributeWidget
instanceKlass com/mendix/webui/model/forms/ModelFormattingInfo
instanceKlass com/mendix/datastorage/handler/QueryHandler
instanceKlass com/mendix/connectionbus/util/DecimalRounder
instanceKlass com/mendix/connectionbus/connections/jdbc/JdbcDataStore
instanceKlass com/mendix/model/domainmodels/ModelAccessRule
instanceKlass com/mendix/integration/model/microflows/ModelAdvancedRequestHandling
instanceKlass com/mendix/workflows/model/microflows/ModelRetryOperation
instanceKlass com/mendix/webui/model/forms/ModelPageSettings
instanceKlass com/mendix/model/datasets/ModelOqlDataSetSource
instanceKlass com/mendix/connectionbus/connections/jdbc/ConnectionManager
instanceKlass com/mendix/connectionbus/retrieve/InternalRetrievalSchema
instanceKlass com/mendix/integration/model/microflows/ModelWebServiceCallAction
instanceKlass com/mendix/workflows/model/microflows/ModelRestartOperation
instanceKlass com/mendix/documentexporter/model/documenttemplates/ModelDynamicImageViewer
instanceKlass com/mendix/webui/model/forms/ModelPageForSpecialization
instanceKlass com/mendix/model/datasets/ModelJavaDataSetSource
instanceKlass com/mendix/model/datasets/ModelDataSetSource
instanceKlass com/mendix/connectionbus/retrieve/InternalMetaAssociationSchema
instanceKlass com/mendix/datastorage/model/Model
instanceKlass com/mendix/integration/model/microflows/ModelCallExternalAction
instanceKlass com/mendix/workflows/model/microflows/ModelPauseOperation
instanceKlass com/mendix/webui/model/forms/ModelPageClientAction
instanceKlass com/mendix/model/datasets/ModelDataSetParameterAccess
instanceKlass com/mendix/connectionbus/retrieve/InternalGetRequest
instanceKlass com/mendix/basis/connectionbus/DatabaseProfiler
instanceKlass com/mendix/basis/connectionbus/TokenResolverCreator
instanceKlass com/mendix/basis/connectionbus/requests/ConnectionBusConfig
instanceKlass com/mendix/model/datasets/ModelDataSetParameter
instanceKlass com/mendix/webui/model/forms/ModelDropDownSearchField
instanceKlass com/mendix/integration/model/microflows/ModelBodyVariable
instanceKlass com/mendix/workflows/model/microflows/ModelOpenWorkflowAction
instanceKlass com/mendix/documentexporter/model/documenttemplates/ModelDocumentTemplate
instanceKlass com/mendix/datastorage/TransactionContext
instanceKlass java/lang/annotation/Target
instanceKlass com/mendix/model/datasets/ModelDataSetObjectConstraint
instanceKlass com/mendix/webui/model/forms/ModelDeleteClientAction
instanceKlass com/mendix/integration/model/microflows/ModelBinaryRequestHandling
instanceKlass com/mendix/integration/model/microflows/ModelRequestHandling
instanceKlass com/mendix/workflows/model/microflows/ModelOpenUserTaskAction
instanceKlass com/mendix/integration/model/messagedefinitions/ModelMessageDefinitionCollection
instanceKlass java/lang/reflect/Proxy$ProxyBuilder$1
instanceKlass java/sql/Connection
instanceKlass java/sql/Wrapper
instanceKlass jdk/internal/org/objectweb/asm/Edge
instanceKlass com/mendix/model/datasets/ModelDataSetNumericConstraint
instanceKlass  @bci java/lang/reflect/ProxyGenerator addProxyMethod (Ljava/lang/reflect/Method;Ljava/lang/Class;)V 23 <appendix> argL0 ; # java/lang/reflect/ProxyGenerator$$Lambda+0x00000217d22d1120
instanceKlass com/mendix/webui/model/forms/ModelSelectButton
instanceKlass  @bci java/lang/reflect/ProxyGenerator addProxyMethod (Ljava/lang/reflect/ProxyGenerator$ProxyMethod;)V 10 <appendix> argL0 ; # java/lang/reflect/ProxyGenerator$$Lambda+0x00000217d22d0ef0
instanceKlass java/util/StringJoiner
instanceKlass java/lang/reflect/ProxyGenerator$ProxyMethod
instanceKlass com/mendix/workflows/model/microflows/ModelNotifyWorkflowAction
instanceKlass  @bci java/lang/reflect/Proxy getLoader (Ljava/lang/Module;)Ljava/lang/ClassLoader; 6 <appendix> member <vmtarget> ; # java/lang/reflect/Proxy$$Lambda+0x00000217d22d07c8
instanceKlass com/mendix/documentexporter/model/documenttemplates/ModelDataViewContents
instanceKlass com/mendix/documentexporter/model/documenttemplates/ModelDropZone
instanceKlass  @bci java/lang/WeakPairMap computeIfAbsent (Ljava/lang/Object;Ljava/lang/Object;Ljava/util/function/BiFunction;)Ljava/lang/Object; 18 <appendix> member <vmtarget> ; # java/lang/WeakPairMap$$Lambda+0x00000217d22d0390
instanceKlass  @bci java/lang/Module implAddExportsOrOpens (Ljava/lang/String;Ljava/lang/Module;ZZ)V 145 <appendix> argL0 ; # java/lang/Module$$Lambda+0x00000217d22d0170
instanceKlass com/mendix/integration/model/messagedefinitions/ModelEntityMessageDefinition
instanceKlass com/mendix/integration/model/messagedefinitions/ModelMessageDefinition
instanceKlass  @bci java/lang/module/ModuleDescriptor$Builder packages (Ljava/util/Set;)Ljava/lang/module/ModuleDescriptor$Builder; 17 <appendix> argL0 ; # java/lang/module/ModuleDescriptor$Builder$$Lambda+0x800000002
instanceKlass java/lang/WeakPairMap$Pair$Lookup
instanceKlass java/lang/WeakPairMap$Pair
instanceKlass java/lang/WeakPairMap
instanceKlass java/lang/Module$ReflectionData
instanceKlass jdk/internal/module/Checks
instanceKlass java/lang/module/ModuleDescriptor$Builder
instanceKlass  @bci java/lang/reflect/Proxy$ProxyBuilder getDynamicModule (Ljava/lang/ClassLoader;)Ljava/lang/Module; 4 <appendix> argL0 ; # java/lang/reflect/Proxy$ProxyBuilder$$Lambda+0x00000217d22cf858
instanceKlass com/mendix/model/datasets/ModelDataSetModuleRoleAccess
instanceKlass java/util/Collections$1
instanceKlass java/lang/reflect/Proxy$ProxyBuilder
instanceKlass com/mendix/webui/model/forms/ModelDataGridRemoveButton
instanceKlass  @bci java/lang/reflect/Proxy getProxyConstructor (Ljava/lang/Class;Ljava/lang/ClassLoader;[Ljava/lang/Class;)Ljava/lang/reflect/Constructor; 35 <appendix> argL0 ; # java/lang/reflect/Proxy$$Lambda+0x00000217d22cee40
instanceKlass java/lang/reflect/Proxy
instanceKlass sun/reflect/annotation/AnnotationInvocationHandler
instanceKlass com/mendix/workflows/model/microflows/ModelLockWorkflowAction
instanceKlass java/lang/reflect/InvocationHandler
instanceKlass sun/reflect/annotation/AnnotationParser$1
instanceKlass com/mendix/workflows/model/microflows/ModelGetWorkflowsAction
instanceKlass com/mendix/integration/model/mappings/ModelMappingMicroflowParameter
instanceKlass com/mendix/webui/model/forms/ModelDataGridExportToExcelButton
instanceKlass com/mendix/webui/model/forms/ModelDataGridExportToCSVButton
instanceKlass java/lang/annotation/Inherited
instanceKlass java/lang/annotation/Retention
instanceKlass sun/reflect/annotation/ExceptionProxy
instanceKlass com/mendix/documentexporter/model/documenttemplates/ModelDataView
instanceKlass sun/reflect/annotation/AnnotationType$1
instanceKlass sun/reflect/annotation/AnnotationType
instanceKlass java/lang/reflect/GenericArrayType
instanceKlass sun/reflect/generics/visitor/Reifier
instanceKlass sun/reflect/generics/visitor/TypeTreeVisitor
instanceKlass com/mendix/workflows/model/microflows/ModelGetWorkflowDataAction
instanceKlass sun/reflect/generics/factory/CoreReflectionFactory
instanceKlass sun/reflect/generics/factory/GenericsFactory
instanceKlass sun/reflect/generics/scope/AbstractScope
instanceKlass sun/reflect/generics/scope/Scope
instanceKlass com/mendix/integration/model/mappings/ModelMappingMicroflowCall
instanceKlass sun/reflect/generics/tree/ClassTypeSignature
instanceKlass sun/reflect/generics/tree/SimpleClassTypeSignature
instanceKlass sun/reflect/generics/tree/FieldTypeSignature
instanceKlass sun/reflect/generics/tree/BaseType
instanceKlass sun/reflect/generics/tree/TypeSignature
instanceKlass sun/reflect/generics/tree/ReturnType
instanceKlass sun/reflect/generics/tree/TypeArgument
instanceKlass sun/reflect/generics/tree/TypeTree
instanceKlass sun/reflect/generics/tree/Tree
instanceKlass sun/reflect/generics/parser/SignatureParser
instanceKlass  @bci com/mendix/modelstorage/Reflection$ $anonfun$modelProperties$1 (Ljava/lang/reflect/Field;)Lscala/Option; 5 <appendix> member <vmtarget> ; # com/mendix/modelstorage/Reflection$$$Lambda+0x00000217d2347918
instanceKlass com/mendix/modelstorage/ModelProperty
instanceKlass com/mendix/model/datasets/ModelDataSetDateTimeConstraint
instanceKlass com/mendix/model/datasets/ModelDataSetParameterConstraint
instanceKlass  @bci scala/collection/ArrayOps$ <clinit> ()V 10 <appendix> argL0 ; # scala/collection/ArrayOps$$$Lambda+0x00000217d234b0d8
instanceKlass com/mendix/webui/model/forms/ModelGridColumn
instanceKlass com/mendix/core/actionmanagement/ListenersRegistry
instanceKlass com/mendix/basis/connectionbus/data/DataTable
instanceKlass scala/collection/DoubleStepper
instanceKlass scala/collection/Stepper$mcD$sp
instanceKlass scala/collection/LongStepper
instanceKlass scala/collection/Stepper$mcJ$sp
instanceKlass scala/collection/convert/impl/IndexedStepperBase
instanceKlass scala/collection/Stepper$EfficientSplit
instanceKlass scala/collection/ArrayOps$
instanceKlass com/mendix/workflows/model/microflows/ModelGetWorkflowActivityRecordsAction
instanceKlass com/mendix/integration/model/jsonstructures/ModelJsonStructure
instanceKlass com/mendix/integration/model/xmlschemas/ModelMxSchema
instanceKlass com/mendix/externalinterface/connector/WebSocketEndpointConfiguration
instanceKlass com/mendix/webui/model/forms/ModelDataGridAddButton
instanceKlass com/mendix/webui/model/forms/ModelGridControlBarButton
instanceKlass com/mendix/webui/model/forms/ModelControlBarButton
instanceKlass com/mendix/basis/objectmanagement/MendixIdentifier
instanceKlass  @bci com/mendix/modelstorage/Reflection$ modelProperties (Ljava/lang/Class;)Lscala/collection/immutable/Map; 5 <appendix> argL0 ; # com/mendix/modelstorage/Reflection$$$Lambda+0x00000217d23448d8
instanceKlass com/mendix/documentexporter/model/documenttemplates/ModelDataGridColumn
instanceKlass com/mendix/workflows/model/microflows/ModelGenerateJumpToOptionsAction
instanceKlass  @bci com/mendix/modelstorage/Reflection$ allFields (Ljava/lang/Class;)Lscala/collection/Iterator; 25 <appendix> argL0 ; # com/mendix/modelstorage/Reflection$$$Lambda+0x00000217d233fb90
instanceKlass com/mendix/integration/model/importmappings/ModelImportValueMappingElement
instanceKlass com/mendix/model/datasets/ModelDataSetConstraintAccess
instanceKlass com/mendix/webui/model/forms/ModelDataGrid
instanceKlass com/mendix/webui/model/forms/ModelColumnGrid
instanceKlass com/mendix/webui/model/forms/ModelGrid
instanceKlass com/mendix/webui/model/forms/ModelListenTargetWidget
instanceKlass com/mendix/webui/model/forms/ModelEntityWidget
instanceKlass com/mendix/webui/model/forms/ModelConditionallyVisibleWidget
instanceKlass com/mendix/webui/model/forms/ModelWidget
instanceKlass  @bci com/mendix/modelstorage/Reflection$ allFields (Ljava/lang/Class;)Lscala/collection/Iterator; 15 <appendix> argL0 ; # com/mendix/modelstorage/Reflection$$$Lambda+0x00000217d233dc28
instanceKlass com/mendix/workflows/model/microflows/ModelContinueOperation
instanceKlass com/mendix/integration/model/importmappings/ModelImportObjectMappingElement
instanceKlass  @bci com/mendix/modelstorage/Reflection$ allFields (Ljava/lang/Class;)Lscala/collection/Iterator; 7 <appendix> argL0 ; # com/mendix/modelstorage/Reflection$$$Lambda+0x00000217d233ca20
instanceKlass com/mendix/webui/model/forms/ModelCreateObjectClientAction
instanceKlass com/mendix/basis/action/CustomActionFactory
instanceKlass com/mendix/systemwideinterfaces/core/IProfiler
instanceKlass com/mendix/basis/action/InternalXPathQuery
instanceKlass com/mendix/datastorage/XPathSchemaQuery
instanceKlass com/mendix/modelstorage/Reflection$
instanceKlass com/mendix/documentexporter/model/documenttemplates/ModelDataGridCell
instanceKlass com/mendix/workflows/model/microflows/ModelApplyJumpToOptionAction
instanceKlass com/mendix/integration/model/importmappings/ModelImportMapping
instanceKlass  @bci com/mendix/modelstorage/ClassInfo$ apply (Lcom/mendix/modelstorage/ModelElementFactory;)Lcom/mendix/modelstorage/ClassInfo; 14 <appendix> member <vmtarget> ; # com/mendix/modelstorage/ClassInfo$$$Lambda+0x00000217d233a3c0
instanceKlass com/mendix/modelstorage/ModelData
instanceKlass com/mendix/modelstorage/LazyContainer
instanceKlass scala/Function3
instanceKlass com/mendix/webui/model/forms/ModelConfirmationInfo
instanceKlass com/mendix/systemwideinterfaces/core/meta/IMetaPrimitive
instanceKlass com/mendix/systemwideinterfaces/core/meta/IMetaAssociation
instanceKlass com/mendix/model/datasets/ModelDataSetColumn
instanceKlass com/mendix/m2ee/api/IMxRuntimeResponse
instanceKlass com/mendix/basis/component/DeleteByXPathBuilder
instanceKlass java/util/UUID
instanceKlass com/mendix/modelstorage/ClassInfo
instanceKlass com/mendix/workflows/model/microflows/ModelAbortOperation
instanceKlass com/mendix/workflows/model/microflows/ModelWorkflowOperation
instanceKlass com/mendix/integration/model/microflows/ModelVariableExport
instanceKlass com/mendix/modelstorage/ClassInfo$
instanceKlass com/mendix/webui/model/forms/ModelComparisonSearchField
instanceKlass com/mendix/webui/model/forms/ModelSingleSearchField
instanceKlass com/mendix/webui/model/forms/ModelSearchField
instanceKlass com/mendix/webui/model/forms/ModelControlBarItem
instanceKlass com/mendix/webui/model/forms/ModelClosePageClientAction
instanceKlass com/mendix/basis/session/User
instanceKlass java/util/concurrent/RunnableScheduledFuture
instanceKlass java/util/concurrent/RunnableFuture
instanceKlass com/mendix/webui/model/forms/ModelCancelChangesClientAction
instanceKlass scala/collection/immutable/MapNode$
instanceKlass scala/collection/immutable/HashMap$
instanceKlass  @bci com/mendix/modelstorage/ModelClassRepository classInfos ()Lscala/collection/immutable/Map; 6 <appendix> argL0 ; # com/mendix/modelstorage/ModelClassRepository$$Lambda+0x00000217d2335f10
instanceKlass com/mendix/mlkit/model/microflows/ModelMLModelCallAction
instanceKlass com/mendix/model/microflows/ModelMicroflowAction
instanceKlass com/mendix/documentexporter/model/documenttemplates/ModelDataGrid
instanceKlass com/mendix/documentexporter/model/documenttemplates/ModelDataGridExtension
instanceKlass com/mendix/documentexporter/model/documenttemplates/ModelGrid
instanceKlass com/mendix/documentexporter/model/documenttemplates/ModelEntityWidget
instanceKlass com/mendix/documentexporter/model/documenttemplates/ModelWidget
instanceKlass com/mendix/workflows/model/forms/ModelSetTaskOutcomeClientAction
instanceKlass com/mendix/integration/model/microflows/ModelFileDocumentExport
instanceKlass com/mendix/integration/model/microflows/ModelOutputMethod
instanceKlass com/mendix/model/datasets/ModelDataSetAccess
instanceKlass com/mendix/webui/model/forms/ModelCallNanoflowClientAction
instanceKlass com/mendix/integration/model/exportmappings/ModelExportValueMappingElement
instanceKlass com/mendix/integration/model/mappings/ModelValueMappingElement
instanceKlass com/mendix/mlkit/model/mlmappings/ModelTensorMappingElement
instanceKlass com/mendix/mlkit/model/mlmappings/ModelTensorDimension
instanceKlass com/mendix/workflows/model/forms/ModelOpenWorkflowClientAction
instanceKlass com/mendix/webui/model/forms/ModelBuildingBlock
instanceKlass com/mendix/webui/model/forms/ModelTemplateFormBase
instanceKlass com/mendix/webui/model/forms/ModelFormBase
instanceKlass com/mendix/integration/model/exportmappings/ModelExportObjectMappingElement
instanceKlass com/mendix/integration/model/mappings/ModelObjectMappingElement
instanceKlass com/mendix/integration/model/mappings/ModelMappingElement
instanceKlass com/mendix/mlkit/model/mlmappings/ModelMLModelMappings
instanceKlass com/mendix/documentexporter/model/documenttemplates/ModelConditionSettings
instanceKlass com/mendix/workflows/model/forms/ModelOpenUserTaskClientAction
instanceKlass com/mendix/model/datasets/ModelDataSet
instanceKlass com/mendix/systemwideinterfaces/core/ILanguage
instanceKlass com/mendix/webui/model/customicons/ModelCustomIconCollection
instanceKlass com/mendix/integration/model/exportmappings/ModelExportMapping
instanceKlass com/mendix/integration/model/mappings/ModelMappingDocument
instanceKlass com/mendix/workflows/model/forms/ModelCallWorkflowClientAction
instanceKlass com/mendix/webui/model/forms/ModelClientAction
instanceKlass com/mendix/mlkit/model/mlmappings/ModelMLModelEntityMappings
instanceKlass scala/reflect/ClassTag$GenericClassTag
instanceKlass com/mendix/model/constants/ModelConstant
instanceKlass scala/runtime/ClassValueCompat$
instanceKlass scala/runtime/ClassValueCompat
instanceKlass scala/runtime/ClassValueCompat$ClassValueInterface
instanceKlass com/mendix/mlkit/model/mlmappings/ModelMLMappingDocument
instanceKlass com/mendix/model/projects/ModelDocument
instanceKlass com/mendix/model/projects/ModelModuleDocument
instanceKlass scala/reflect/ClassTag$
instanceKlass com/mendix/modelstorage/ModelElement
instanceKlass com/mendix/modelstorage/ModelElementFactory
instanceKlass jdk/internal/util/random/RandomSupport
instanceKlass java/util/concurrent/ForkJoinTask$Aux
instanceKlass java/util/concurrent/ForkJoinTask
instanceKlass scala/concurrent/impl/Promise$ManyCallbacks
instanceKlass  @bci scala/concurrent/Future$ apply (Lscala/Function0;Lscala/concurrent/ExecutionContext;)Lscala/concurrent/Future; 5 <appendix> member <vmtarget> ; # scala/concurrent/Future$$$Lambda+0x00000217d23284c8
instanceKlass java/util/concurrent/ForkJoinPool$2
instanceKlass jdk/internal/access/JavaUtilConcurrentFJPAccess
instanceKlass jdk/internal/vm/ThreadContainers
instanceKlass java/util/concurrent/ForkJoinPool$DefaultForkJoinWorkerThreadFactory
instanceKlass jdk/internal/vm/StackableScope
instanceKlass java/util/concurrent/ForkJoinPool$WorkQueue
instanceKlass java/util/concurrent/AbstractExecutorService
instanceKlass  @bci scala/concurrent/impl/ExecutionContextImpl$ fromExecutor (Ljava/util/concurrent/Executor;Lscala/Function1;)Lscala/concurrent/ExecutionContextExecutor; 55 <appendix> member <vmtarget> ; # scala/concurrent/impl/ExecutionContextImpl$$$Lambda+0x00000217d2321b58
instanceKlass  @cpi org/apache/logging/log4j/status/StatusLogger$PropertiesUtilsDouble 232 form vmentry <vmtarget> ; # java/lang/invoke/LambdaForm$DMH+0x00000217d2320800
instanceKlass scala/concurrent/BlockContext
instanceKlass scala/concurrent/impl/ExecutionContextImpl$DefaultThreadFactory
instanceKlass java/util/concurrent/ForkJoinPool$ForkJoinWorkerThreadFactory
instanceKlass scala/math/Fractional
instanceKlass scala/runtime/RichDouble$
instanceKlass scala/concurrent/ExecutionContextExecutorService
instanceKlass scala/concurrent/impl/ExecutionContextImpl$
instanceKlass  @bci scala/concurrent/ExecutionContext$ <clinit> ()V 10 <appendix> argL0 ; # scala/concurrent/ExecutionContext$$$Lambda+0x00000217d2323690
instanceKlass scala/concurrent/ExecutionContext$
instanceKlass scala/concurrent/ExecutionContext$Implicits$
instanceKlass  @bci com/mendix/modelstorage/ModelClassRegistry registerClasses (Lcom/mendix/modelstorage/ModelClassRepository;)V 8 <appendix> member <vmtarget> ; # com/mendix/modelstorage/ModelClassRegistry$$Lambda+0x00000217d231fbd8
instanceKlass scala/runtime/java8/JFunction0$mcV$sp
instanceKlass  @bci scala/concurrent/Future$ <clinit> ()V 444 <appendix> argL0 ; # scala/concurrent/Future$$$Lambda+0x00000217d2322d08
instanceKlass  @bci scala/concurrent/Future$ <clinit> ()V 436 <appendix> argL0 ; # scala/concurrent/Future$$$Lambda+0x00000217d2322770
instanceKlass  @bci scala/concurrent/Future$ <clinit> ()V 428 <appendix> argL0 ; # scala/concurrent/Future$$$Lambda+0x00000217d23223b8
instanceKlass  @bci scala/concurrent/Future$ <clinit> ()V 404 <appendix> argL0 ; # scala/concurrent/Future$$$Lambda+0x00000217d2322000
instanceKlass scala/concurrent/ExecutionContext$parasitic$
instanceKlass scala/concurrent/BatchingExecutor
instanceKlass scala/concurrent/ExecutionContextExecutor
instanceKlass scala/concurrent/Batchable
instanceKlass scala/concurrent/impl/Promise$
instanceKlass scala/concurrent/impl/Promise$Callbacks
instanceKlass scala/concurrent/Promise$
instanceKlass scala/util/control/NoStackTrace$
instanceKlass  @bci scala/concurrent/Future$ <clinit> ()V 350 <appendix> argL0 ; # scala/concurrent/Future$$$Lambda+0x00000217d2325bf0
instanceKlass  @bci scala/concurrent/Future$ <clinit> ()V 342 <appendix> argL0 ; # scala/concurrent/Future$$$Lambda+0x00000217d2325838
instanceKlass scala/runtime/BoxedUnit
instanceKlass java/util/concurrent/atomic/AtomicReference
instanceKlass scala/concurrent/Promise
instanceKlass scala/util/control/NoStackTrace
instanceKlass scala/concurrent/ExecutionContext
instanceKlass scala/concurrent/Future
instanceKlass scala/concurrent/Awaitable
instanceKlass scala/concurrent/Future$
instanceKlass com/mendix/shared/util/MiscUtils$
instanceKlass com/mendix/datastorage/xpath/MxPathQuery
instanceKlass com/mendix/datastorage/ExecutionContext
instanceKlass com/mendix/integration/data/odata/ProvidesFeed
instanceKlass com/mendix/http/HttpExecutor
instanceKlass com/mendix/integration/data/odata/HttpServiceProvidesFeed
instanceKlass com/mendix/m2ee/api/IMxRuntimeRequest
# instanceKlass java/lang/invoke/LambdaForm$MH+0x00000217d2320400
# instanceKlass java/lang/invoke/LambdaForm$MH+0x00000217d2320000
# instanceKlass java/lang/invoke/LambdaForm$MH+0x00000217d231d400
instanceKlass  @bci com/mendix/container/wiring/InjectDependencyTask execute (Lscala/collection/immutable/List;)Lscala/util/Either; 157 <appendix> member <vmtarget> ; # com/mendix/container/wiring/InjectDependencyTask$$Lambda+0x00000217d231d800
instanceKlass cats/data/ValidatedInstances$$anon$3
instanceKlass  @bci com/mendix/container/wiring/InjectDependencyTask $anonfun$execute$4 (Lcom/mendix/container/wiring/InjectDependencyTask;Lcom/mendix/container/componentregistry/ComponentInstance;Lcom/mendix/container/componentregistry/ComponentInstance;)Lcats/data/Validated; 136 <appendix> member <vmtarget> ; # com/mendix/container/wiring/InjectDependencyTask$$Lambda+0x00000217d2247538
# instanceKlass java/lang/invoke/LambdaForm$MH+0x00000217d231d000
# instanceKlass java/lang/invoke/LambdaForm$MH+0x00000217d231cc00
# instanceKlass java/lang/invoke/LambdaForm$MH+0x00000217d231c800
instanceKlass  @bci com/mendix/container/wiring/InjectDependencyTask$Reflect call (Ljava/lang/String;Ljava/lang/Class;Ljava/lang/Object;)Lcats/data/Validated; 25 <appendix> member <vmtarget> ; # com/mendix/container/wiring/InjectDependencyTask$Reflect$$Lambda+0x00000217d2246f30
instanceKlass com/mendix/container/wiring/InjectDependencyTask$Reflect
instanceKlass  @bci com/mendix/container/wiring/InjectDependencyTask $anonfun$execute$2 (Lcom/mendix/container/wiring/InjectDependencyTask;Lscala/collection/immutable/List;Lcom/mendix/container/componentregistry/ComponentInstance;)Lcats/data/Validated; 15 <appendix> member <vmtarget> ; # com/mendix/container/wiring/InjectDependencyTask$$Lambda+0x00000217d2246960
instanceKlass  @bci com/mendix/container/wiring/InjectDependencyTask $anonfun$execute$2 (Lcom/mendix/container/wiring/InjectDependencyTask;Lscala/collection/immutable/List;Lcom/mendix/container/componentregistry/ComponentInstance;)Lcats/data/Validated; 5 <appendix> member <vmtarget> ; # com/mendix/container/wiring/InjectDependencyTask$$Lambda+0x00000217d22465a0
instanceKlass  @bci com/mendix/container/wiring/InjectDependencyTask execute (Lscala/collection/immutable/List;)Lscala/util/Either; 148 <appendix> member <vmtarget> ; # com/mendix/container/wiring/InjectDependencyTask$$Lambda+0x00000217d22461e0
instanceKlass scala/collection/SeqFactory$UnapplySeqWrapper
instanceKlass scala/collection/SeqFactory$UnapplySeqWrapper$
instanceKlass  @bci com/mendix/container/wiring/InjectDependencyTask execute (Lscala/collection/immutable/List;)Lscala/util/Either; 2 <appendix> member <vmtarget> ; # com/mendix/container/wiring/InjectDependencyTask$$Lambda+0x00000217d2245a28
instanceKlass com/mendix/connectionbus/configuration/DataStorageConfiguration$
instanceKlass com/mendix/datastorage/oqltree/OqlVersion
instanceKlass com/mendix/connectionbus/configuration/MainDatabaseConfiguration$ConnectionPooling$
instanceKlass com/mendix/connectionbus/configuration/ConfigurationService$DbmsConfigType$
instanceKlass com/mendix/connectionbus/ConnectionBusImpl$StateShifter
instanceKlass com/mendix/datastorage/dependentqueries/QueryExpressionType$QueryExpressionType
instanceKlass com/mendix/datastorage/accessrules/impl/AccessRulesHandler
instanceKlass com/mendix/connectionbus/modelsynchronization/migration/PreanalysisPhaseMigrationHelper$
instanceKlass com/mendix/connectionbus/Version
instanceKlass com/mendix/connectionbus/ConnectionBusImpl$Running$
instanceKlass com/mendix/connectionbus/ConnectionBusImpl$DbHasSynced$
instanceKlass com/mendix/connectionbus/ConnectionBusImpl$HasSyncQueries$
instanceKlass com/mendix/connectionbus/ConnectionBusImpl$Started$
instanceKlass com/mendix/connectionbus/ConnectionBusImpl$Inactive$
instanceKlass com/mendix/connectionbus/ConnectionBusImpl$ConnectionBusState
instanceKlass com/mendix/connectionbus/ConnectionBusImpl$
instanceKlass com/mendix/connectionbus/connections/jdbc/implementations/hsqldb/DateTimeLocalizationConverter
instanceKlass com/mendix/basis/connectionbus/requests/types/IdentifierGetRequest
instanceKlass com/mendix/connectionbus/store/InternalStoreRequest
instanceKlass com/mendix/basis/connectionbus/requests/types/StoreRequest
instanceKlass com/mendix/datastorage/handler/StorageFormatMapper
instanceKlass com/mendix/basis/connectionbus/requests/types/XPathTextGetRequest
instanceKlass com/mendix/basis/connectionbus/requests/RetrievalSchema
instanceKlass com/mendix/basis/connectionbus/requests/types/OQLTextGetRequest
instanceKlass com/mendix/basis/connectionbus/requests/types/GetRequest$LockType
instanceKlass com/mendix/basis/connectionbus/handler/RemoteKeyMapping
instanceKlass com/mendix/basis/connectionbus/requests/MetaAssociationSchema
instanceKlass com/mendix/basis/connectionbus/ApiMessageInfo
instanceKlass com/mendix/basis/connectionbus/requests/types/GetRequest
instanceKlass com/mendix/basis/connectionbus/modelsynchronization/DatabaseSynchronizationInformation
instanceKlass com/mendix/connectionbus/IdentifierPool
instanceKlass java/util/concurrent/ExecutorService
instanceKlass java/util/concurrent/Executor
instanceKlass com/mendix/datastorage/accessrules/ConstraintExpressionGeneratorFactory
instanceKlass com/mendix/datastorage/handler/XPathParser
instanceKlass jdk/internal/module/ModulePatcher$PatchedModuleReader
instanceKlass scala/collection/mutable/IndexedBuffer
instanceKlass scala/collection/mutable/ArrayBuffer$
instanceKlass scala/collection/mutable/HashSet$Node
instanceKlass scala/collection/mutable/Set
instanceKlass scala/collection/mutable/SetOps
instanceKlass scala/collection/mutable/HashSet$
instanceKlass  @bci com/mendix/container/componentregistry/Component $anonfun$instantiate$10 (Lscala/collection/immutable/List;Lscala/Tuple2;)Lscala/collection/IterableOnce; 26 <appendix> argL0 ; # com/mendix/container/componentregistry/Component$$Lambda+0x00000217d2245670
instanceKlass  @bci com/mendix/container/componentregistry/Component $anonfun$instantiate$11 (Ljava/lang/String;Lcom/mendix/container/componentregistry/ComponentInstance;)Z 8 <appendix> member <vmtarget> ; # com/mendix/container/componentregistry/Component$$Lambda+0x00000217d22452b0
instanceKlass  @bci com/mendix/container/componentregistry/Component $anonfun$instantiate$10 (Lscala/collection/immutable/List;Lscala/Tuple2;)Lscala/collection/IterableOnce; 18 <appendix> member <vmtarget> ; # com/mendix/container/componentregistry/Component$$Lambda+0x00000217d2244ef0
instanceKlass com/mendix/modules/exportmanager/interfaces/excel/IExcelGrid
instanceKlass org/apache/poi/ss/usermodel/RichTextString
instanceKlass org/apache/poi/ss/usermodel/CellStyle
instanceKlass com/mendix/util/requestlimiting/ConfigurationImpl$$anon$2
instanceKlass com/mendix/util/requestlimiting/ConfigurationImpl$$anon$1
instanceKlass com/mendix/configuration/Configuration$LongType$
instanceKlass com/mendix/util/requestlimiting/Configuration$
instanceKlass com/mendix/util/requestlimiting/ConfigurationImpl$
instanceKlass com/mendix/util/requestlimiting/InvalidRequestLimiterConfiguration
instanceKlass com/sun/activation/registries/MailcapTokenizer
instanceKlass javax/activation/SecuritySupport$2
instanceKlass jdk/internal/foreign/MemorySessionImpl
instanceKlass java/lang/foreign/MemorySegment$Scope
instanceKlass javax/activation/SecuritySupport$3
instanceKlass com/sun/activation/registries/MailcapFile
instanceKlass jdk/internal/logger/DefaultLoggerFinder$1
instanceKlass java/util/logging/Logger$SystemLoggerHelper$1
instanceKlass java/util/logging/Logger$SystemLoggerHelper
instanceKlass java/util/logging/LogManager$4
instanceKlass jdk/internal/logger/BootstrapLogger$BootstrapExecutors
instanceKlass jdk/internal/logger/BootstrapLogger$RedirectedLoggers
instanceKlass java/util/ServiceLoader$ProviderImpl
instanceKlass java/util/ServiceLoader$1
instanceKlass java/util/concurrent/CopyOnWriteArrayList$COWIterator
instanceKlass jdk/internal/logger/BootstrapLogger$DetectBackend$1
instanceKlass jdk/internal/logger/BootstrapLogger$DetectBackend
instanceKlass jdk/internal/logger/BootstrapLogger
instanceKlass sun/util/logging/PlatformLogger$ConfigurableBridge
instanceKlass sun/util/logging/PlatformLogger$Bridge
instanceKlass java/lang/System$Logger
instanceKlass java/util/stream/Streams
instanceKlass java/util/stream/Stream$Builder
instanceKlass java/util/stream/Streams$AbstractStreamBuilderImpl
instanceKlass  @bci java/util/stream/FindOps$FindSink$OfRef <clinit> ()V 43 <appendix> argL0 ; # java/util/stream/FindOps$FindSink$OfRef$$Lambda+0x800000048
instanceKlass  @bci java/util/stream/FindOps$FindSink$OfRef <clinit> ()V 38 <appendix> argL0 ; # java/util/stream/FindOps$FindSink$OfRef$$Lambda+0x80000004a
instanceKlass  @bci java/util/stream/FindOps$FindSink$OfRef <clinit> ()V 16 <appendix> argL0 ; # java/util/stream/FindOps$FindSink$OfRef$$Lambda+0x800000049
instanceKlass  @bci java/util/stream/FindOps$FindSink$OfRef <clinit> ()V 11 <appendix> argL0 ; # java/util/stream/FindOps$FindSink$OfRef$$Lambda+0x80000004b
instanceKlass java/util/stream/FindOps$FindOp
instanceKlass java/util/stream/TerminalOp
instanceKlass java/util/stream/FindOps$FindSink
instanceKlass java/util/stream/TerminalSink
instanceKlass java/util/stream/FindOps
instanceKlass  @bci java/util/logging/Level$KnownLevel findByName (Ljava/lang/String;Ljava/util/function/Function;)Ljava/util/Optional; 29 <appendix> argL0 ; # java/util/logging/Level$KnownLevel$$Lambda+0x800000023
instanceKlass java/util/ArrayList$ArrayListSpliterator
instanceKlass  @bci java/util/logging/Level findLevel (Ljava/lang/String;)Ljava/util/logging/Level; 13 <appendix> argL0 ; # java/util/logging/Level$$Lambda+0x800000011
instanceKlass java/util/Hashtable$Enumerator
instanceKlass java/util/Collections$3
instanceKlass java/util/logging/LogManager$LoggerContext$1
instanceKlass java/util/logging/LogManager$VisitedLoggers
instanceKlass java/util/function/Predicate
instanceKlass java/util/logging/LogManager$2
instanceKlass java/lang/System$LoggerFinder
instanceKlass java/util/logging/LogManager$LoggingProviderAccess
instanceKlass sun/util/logging/internal/LoggingProviderImpl$LogManagerAccess
instanceKlass java/lang/Shutdown$Lock
instanceKlass java/lang/Shutdown
instanceKlass java/lang/ApplicationShutdownHooks$1
instanceKlass java/lang/ApplicationShutdownHooks
instanceKlass java/util/Collections$SynchronizedMap
instanceKlass java/util/logging/LogManager$LogNode
instanceKlass java/util/logging/LogManager$LoggerContext
instanceKlass java/util/logging/LogManager$1
instanceKlass java/util/logging/LogManager
instanceKlass java/util/logging/Logger$ConfigurationData
instanceKlass java/util/logging/Logger$LoggerBundle
instanceKlass java/util/logging/Handler
instanceKlass java/util/logging/Logger
instanceKlass  @bci java/util/logging/Level$KnownLevel add (Ljava/util/logging/Level;)V 49 <appendix> argL0 ; # java/util/logging/Level$KnownLevel$$Lambda+0x800000022
instanceKlass  @bci java/util/logging/Level$KnownLevel add (Ljava/util/logging/Level;)V 19 <appendix> argL0 ; # java/util/logging/Level$KnownLevel$$Lambda+0x800000021
instanceKlass java/util/logging/Level
instanceKlass com/sun/activation/registries/LogSupport
instanceKlass javax/activation/MailcapCommandMap$1
instanceKlass javax/activation/SecuritySupport$1
instanceKlass javax/activation/SecuritySupport
instanceKlass javax/activation/CommandMap
instanceKlass com/mendix/systemwideinterfaces/connectionbus/requests/types/IXPathTextGetRequest
instanceKlass com/mendix/systemwideinterfaces/connectionbus/requests/IRetrievalSchema
instanceKlass com/mendix/systemwideinterfaces/connectionbus/data/IDataTable
instanceKlass com/mendix/datastorage/XPathQuery
instanceKlass com/mendix/datastorage/XPathBasicQuery
instanceKlass com/mendix/datastorage/XPathQueryBase
instanceKlass com/mendix/systemwideinterfaces/core/IDataType
instanceKlass com/mendix/systemwideinterfaces/core/IUser
instanceKlass com/mendix/basis/session/Session
instanceKlass com/mendix/systemwideinterfaces/core/ISession
instanceKlass java/util/concurrent/ScheduledFuture
instanceKlass java/util/concurrent/Future
instanceKlass java/util/concurrent/Delayed
instanceKlass com/mendix/basis/action/user/Changer
instanceKlass com/mendix/core/actionmanagement/internal/InternalCoreAction
instanceKlass com/mendix/basis/actionmanagement/InternalUserActionCallBuilder
instanceKlass com/mendix/core/actionmanagement/UserActionCallBuilder
instanceKlass com/mendix/basis/actionmanagement/InternalMicroflowCallBuilder
instanceKlass com/mendix/basis/actionmanagement/ActionCallBuilderUtil
instanceKlass com/mendix/core/actionmanagement/MicroflowCallBuilder
instanceKlass com/mendix/core/actionmanagement/ActionCallBuilder
instanceKlass com/mendix/systemwideinterfaces/core/meta/IMetaObject
instanceKlass com/mendix/systemwideinterfaces/core/ICoreAction
instanceKlass java/util/concurrent/Callable
instanceKlass com/mendix/systemwideinterfaces/connectionbus/requests/types/IOQLTextGetRequest
instanceKlass com/mendix/systemwideinterfaces/connectionbus/requests/types/ITextGetRequest
instanceKlass com/mendix/systemwideinterfaces/connectionbus/requests/types/IGetRequest
instanceKlass com/mendix/m2ee/appcontainer/server/handler/EventSender$
instanceKlass com/mendix/modelstorage/ProjectModelStoreImpl$ComponentModelStoreDelegate
instanceKlass java/util/concurrent/Semaphore
instanceKlass scala/collection/concurrent/TrieMap$MangledHashing
instanceKlass java/util/concurrent/atomic/AtomicIntegerFieldUpdater$AtomicIntegerFieldUpdaterImpl$1
instanceKlass java/util/concurrent/atomic/AtomicIntegerFieldUpdater
instanceKlass scala/collection/concurrent/KVNode
instanceKlass scala/collection/concurrent/INode$
instanceKlass  @bci scala/math/Equiv$ universal ()Lscala/math/Equiv; 0 <appendix> argL0 ; # scala/math/Equiv$$$Lambda+0x00000217d2307448
instanceKlass scala/util/hashing/Hashing$Default
instanceKlass scala/util/hashing/Hashing$
instanceKlass scala/util/hashing/Hashing
instanceKlass scala/collection/concurrent/Map
instanceKlass sun/reflect/misc/ReflectUtil
instanceKlass scala/collection/concurrent/Gen
instanceKlass java/util/concurrent/atomic/AtomicReferenceFieldUpdater$AtomicReferenceFieldUpdaterImpl$1
instanceKlass java/util/concurrent/atomic/AtomicReferenceFieldUpdater
instanceKlass scala/collection/concurrent/BasicNode
instanceKlass scala/collection/concurrent/TrieMap$
instanceKlass com/mendix/configuration/Configuration$StringType$
instanceKlass com/mendix/storage/azure/internal/Configuration$
instanceKlass com/mendix/datastorage/QueryBuilder
instanceKlass com/mendix/metrics/jmx/MxJmxConfig
instanceKlass io/micrometer/jmx/JmxConfig
instanceKlass io/micrometer/core/instrument/dropwizard/DropwizardConfig
instanceKlass io/micrometer/statsd/StatsdConfig
instanceKlass com/mendix/workflows/external/runtimeintegration/MendixWorkflowConfiguration$
instanceKlass com/mendix/basis/connectionbus/handler/DataSourceQueryHandler
instanceKlass com/mendix/integration/data/internal/IntegrationDataModel
instanceKlass com/mendix/integration/data/odata/CallWithRetry
instanceKlass scala/runtime/AbstractPartialFunction
instanceKlass  @bci com/mendix/integration/data/odata/ODataBinaryMemberFactory <init> ()V 33 <appendix> member <vmtarget> ; # com/mendix/integration/data/odata/ODataBinaryMemberFactory$$Lambda+0x00000217d22a7af8
instanceKlass  @bci com/mendix/integration/data/odata/ODataBinaryMemberFactory <init> ()V 27 <appendix> member <vmtarget> ; # com/mendix/integration/data/odata/ODataBinaryMemberFactory$$Lambda+0x00000217d22a7848
instanceKlass com/mendix/integration/data/odata/ODataBinaryMember$
instanceKlass com/mendix/integration/data/odata/ServiceProvidesFeed
instanceKlass com/mendix/microflows/MicroflowAction
instanceKlass spray/json/JsonFormat
instanceKlass spray/json/JsonWriter
instanceKlass spray/json/JsonReader
instanceKlass spray/json/JsValue
instanceKlass com/mendix/webui/requesthandling/Instruction
instanceKlass com/mendix/modules/debugger/FlowDebugger
instanceKlass com/mendix/modules/debugger/DebuggerBase
instanceKlass javax/websocket/Endpoint
instanceKlass com/mendix/externalinterface/connector/IRequestHandler
instanceKlass spray/json/ParserInput
instanceKlass com/mendix/webui/internal/WebUIImpl
instanceKlass com/mendix/webui/internal/WebUIImpl$
instanceKlass com/mendix/systemwideinterfaces/core/IMendixIdentifier
instanceKlass com/mendix/webui/feedback/Feedback
instanceKlass com/mendix/systemwideinterfaces/core/IFeedback
instanceKlass scala/runtime/OrderedProxy
instanceKlass scala/Proxy$Typed
instanceKlass scala/Proxy
# instanceKlass java/lang/invoke/LambdaForm$DMH+0x00000217d2300000
instanceKlass  @bci scala/collection/MapView$MapValues iterator ()Lscala/collection/Iterator; 10 <appendix> member <vmtarget> ; # scala/collection/MapView$MapValues$$Lambda+0x00000217d22bf0e8
instanceKlass  @bci scala/concurrent/duration/Duration$ <clinit> ()V 280 <appendix> argL0 ; # scala/concurrent/duration/Duration$$$Lambda+0x00000217d22bc928
instanceKlass scala/collection/MapViewFactory
instanceKlass scala/collection/immutable/HashMapBuilder
instanceKlass scala/util/hashing/MurmurHash3
instanceKlass scala/collection/immutable/MapBuilderImpl
instanceKlass scala/collection/immutable/SeqMap$SeqMap4
instanceKlass scala/collection/immutable/SeqMap$SeqMap3
instanceKlass scala/collection/immutable/SeqMap$SeqMap2
instanceKlass scala/collection/immutable/SeqMap$SeqMap1
instanceKlass scala/collection/immutable/SeqMap
instanceKlass scala/collection/SeqMap
instanceKlass scala/collection/immutable/StrictOptimizedMapOps
instanceKlass scala/$less$colon$less$
instanceKlass scala/concurrent/duration/Duration$
instanceKlass scala/concurrent/duration/package$DurationInt$
instanceKlass scala/concurrent/duration/Duration
instanceKlass scala/concurrent/duration/package$
instanceKlass scala/concurrent/duration/package$DurationInt
instanceKlass scala/concurrent/duration/DurationConversions
instanceKlass  @bci java/util/regex/CharPredicates ASCII_WORD ()Ljava/util/regex/Pattern$BmpCharPredicate; 0 <appendix> argL0 ; # java/util/regex/CharPredicates$$Lambda+0x00000217d22c4888
instanceKlass  @bci java/util/regex/CharPredicates ASCII_SPACE ()Ljava/util/regex/Pattern$BmpCharPredicate; 0 <appendix> argL0 ; # java/util/regex/CharPredicates$$Lambda+0x800000026
instanceKlass scala/util/matching/UnanchoredRegex
instanceKlass scala/util/matching/Regex
instanceKlass  @bci scala/collection/StringOps$ <clinit> ()V 10 <appendix> argL0 ; # scala/collection/StringOps$$$Lambda+0x00000217d22a25d8
instanceKlass scala/collection/IntStepper
instanceKlass scala/collection/Stepper$mcI$sp
instanceKlass scala/collection/StringOps$
instanceKlass com/mendix/configuration/Configuration$DurationType
instanceKlass java/time/temporal/TemporalAdjuster
instanceKlass java/time/temporal/TemporalAccessor
instanceKlass java/time/ZoneId
instanceKlass com/mendix/webui/internal/WebUI
instanceKlass java/lang/Thread$ThreadNumbering
instanceKlass  @bci com/mendix/logging/impl/LogManager createLogNode (Ljava/lang/String;)Lcom/mendix/logging/impl/LogNode; 39 <appendix> member <vmtarget> ; # com/mendix/logging/impl/LogManager$$Lambda+0x00000217d22a4000
instanceKlass  @cpi io/micrometer/core/instrument/binder/jvm/JvmGcMetrics 508 form vmentry <vmtarget> ; # java/lang/invoke/LambdaForm$DMH+0x00000217d22a0000
instanceKlass  @bci com/mendix/logging/impl/LogManager createLogNode (Ljava/lang/String;)Lcom/mendix/logging/impl/LogNode; 32 <appendix> member <vmtarget> ; # com/mendix/logging/impl/LogManager$$Lambda+0x00000217d2294c30
instanceKlass  @bci com/mendix/logging/impl/LogManager getLogNode (Ljava/lang/String;)Lcom/mendix/logging/ILogNode; 6 <appendix> member <vmtarget> ; # com/mendix/logging/impl/LogManager$$Lambda+0x00000217d22949f8
instanceKlass com/mendix/basis/log/LogNodes$
instanceKlass com/mendix/basis/log/LogNodes
instanceKlass com/mendix/logging/impl/CriticalMessageStore
instanceKlass java/util/concurrent/LinkedBlockingQueue$Node
instanceKlass  @bci com/mendix/logging/impl/LogQueue <init> (Ljava/util/function/Supplier;)V 2 <appendix> argL0 ; # com/mendix/logging/impl/LogQueue$$Lambda+0x00000217d229f9a0
instanceKlass  @cpi org/apache/logging/log4j/util/PropertiesUtil$Environment 294 form vmentry <vmtarget> ; # java/lang/invoke/LambdaForm$DMH+0x00000217d2294400
instanceKlass java/util/function/BiConsumer
instanceKlass  @bci com/mendix/logging/impl/LogManager <init> ()V 44 <appendix> member <vmtarget> ; # com/mendix/logging/impl/LogManager$$Lambda+0x00000217d229f788
instanceKlass com/mendix/logging/impl/LogNode
instanceKlass java/util/concurrent/BlockingQueue
instanceKlass com/mendix/logging/impl/LogQueue
instanceKlass  @bci com/mendix/logging/impl/LogManager <init> ()V 27 <appendix> argL0 ; # com/mendix/logging/impl/LogManager$$Lambda+0x00000217d229ef68
instanceKlass com/mendix/logging/ILogNode
instanceKlass com/mendix/logging/LogMessage
instanceKlass com/mendix/logging/impl/subscribers/LogMessageTextRenderer
instanceKlass java/util/Observable
instanceKlass io/micrometer/influx/InfluxConfig
instanceKlass io/micrometer/core/instrument/step/StepRegistryConfig
instanceKlass scala/runtime/AbstractFunction2
instanceKlass scala/Function2
instanceKlass com/mendix/configuration/Configuration$FileType
instanceKlass com/mendix/configuration/Configuration$IntType$
instanceKlass scala/Predef$ArrowAssoc$
instanceKlass com/mendix/configuration/Configuration$Parameter
instanceKlass  @bci com/mendix/configuration/Configuration register (Ljava/lang/String;Lcom/mendix/configuration/Configuration$Type;Ljava/lang/Object;)Lcom/mendix/configuration/Configuration$Parameter; 24 <appendix> member <vmtarget> ; # com/mendix/configuration/Configuration$$Lambda+0x00000217d22957d0
instanceKlass com/mendix/configuration/Configuration$BooleanType$
instanceKlass com/mendix/configuration/Configuration$OptionOf
instanceKlass scala/collection/mutable/HashMap$Node
instanceKlass scala/math/package$
instanceKlass scala/runtime/RichInt$
instanceKlass scala/collection/MapView
instanceKlass scala/collection/StrictOptimizedMapOps
instanceKlass scala/collection/mutable/HashMap$
instanceKlass scala/collection/MapFactory$Delegate
instanceKlass com/mendix/configuration/Configuration$Type
instanceKlass  @bci com/mendix/container/componentregistry/ComponentInstance $anonfun$activateMethod$1 (Lcom/mendix/container/componentregistry/ComponentInstance;Ljava/lang/String;)Lscala/Option; 31 <appendix> argL0 ; # com/mendix/container/componentregistry/ComponentInstance$$Lambda+0x00000217d2244b38
instanceKlass  @bci com/mendix/container/componentregistry/ComponentInstance $anonfun$activateMethod$1 (Lcom/mendix/container/componentregistry/ComponentInstance;Ljava/lang/String;)Lscala/Option; 23 <appendix> member <vmtarget> ; # com/mendix/container/componentregistry/ComponentInstance$$Lambda+0x00000217d2244778
instanceKlass com/mendix/integration/exporter/xml/XmlExporter
instanceKlass com/mendix/integration/exporter/json/JsonExporter
instanceKlass com/mendix/integration/exporter/Exporter
instanceKlass org/osgi/service/event/Event
instanceKlass com/mendix/basis/value/MendixValue
instanceKlass com/mendix/modelstorage/ComponentModelStore
instanceKlass com/mendix/integration/exporter/ExportParameter
instanceKlass com/mendix/modules/microflowengine/MicroflowEngineModule
instanceKlass com/mendix/systemwideinterfaces/core/IMendixObject
instanceKlass com/mendix/integration/importer/ImportParameter
instanceKlass com/mendix/basis/action/Context
instanceKlass com/mendix/systemwideinterfaces/core/IContext
instanceKlass java/util/Date
instanceKlass scala/Enumeration$Value
instanceKlass com/mendix/basis/component/LocalComponent
instanceKlass java/lang/PublicMethods
instanceKlass com/mendix/integration/model/internal/IntegrationModel
instanceKlass com/mendix/basis/session/LoginManager
instanceKlass com/mendix/basis/session/UserValidator
instanceKlass scala/util/Try
instanceKlass scala/$less$colon$less
instanceKlass  @bci com/mendix/metrics/prometheus/PrometheusMeterRegistryFactory <init> ()V 72 <appendix> member <vmtarget> ; # com/mendix/metrics/prometheus/PrometheusMeterRegistryFactory$$Lambda+0x00000217d21fdb50
instanceKlass java/net/URLClassLoader$2
instanceKlass java/util/ResourceBundle$Control$2
instanceKlass sun/util/resources/Bundles
instanceKlass java/util/ResourceBundle$CacheKeyReference
instanceKlass java/util/ResourceBundle$CacheKey
instanceKlass  @bci java/util/ResourceBundle getLoader (Ljava/lang/Module;)Ljava/lang/ClassLoader; 6 <appendix> member <vmtarget> ; # java/util/ResourceBundle$$Lambda+0x00000217d22c0aa0
instanceKlass sun/util/locale/LocaleObjectCache
instanceKlass java/util/ResourceBundle$Control
instanceKlass java/util/stream/Sink$ChainedReference
instanceKlass java/util/stream/AbstractSpinedBuffer
instanceKlass java/util/stream/Node$Builder
instanceKlass java/util/stream/Sink
instanceKlass java/util/stream/Node$OfDouble
instanceKlass java/util/stream/Node$OfLong
instanceKlass java/util/stream/Node$OfInt
instanceKlass java/util/stream/Node$OfPrimitive
instanceKlass java/util/stream/Nodes$EmptyNode
instanceKlass java/util/stream/Node
instanceKlass java/util/stream/Nodes
instanceKlass  @bci java/util/stream/ReferencePipeline toArray ()[Ljava/lang/Object; 1 <appendix> argL0 ; # java/util/stream/ReferencePipeline$$Lambda+0x00000217d22c0000
instanceKlass java/util/function/IntFunction
instanceKlass java/util/ImmutableCollections$Access$1
instanceKlass jdk/internal/access/JavaUtilCollectionAccess
instanceKlass java/util/ImmutableCollections$Access
instanceKlass  @bci java/util/ResourceBundle$ResourceBundleControlProviderHolder lambda$static$0 ()Ljava/util/List; 11 <appendix> argL0 ; # java/util/ResourceBundle$ResourceBundleControlProviderHolder$$Lambda+0x00000217d207f718
instanceKlass  @cpi org/apache/logging/log4j/util/StackLocator 271 form vmentry <vmtarget> ; # java/lang/invoke/LambdaForm$DMH+0x00000217d2294000
instanceKlass java/util/ServiceLoader$Provider
instanceKlass java/util/ServiceLoader$ProviderSpliterator
instanceKlass java/util/spi/ResourceBundleControlProvider
instanceKlass  @bci java/util/ResourceBundle$ResourceBundleControlProviderHolder <clinit> ()V 0 <appendix> argL0 ; # java/util/ResourceBundle$ResourceBundleControlProviderHolder$$Lambda+0x00000217d207f088
instanceKlass java/util/ResourceBundle$ResourceBundleControlProviderHolder
instanceKlass java/util/ResourceBundle$1
instanceKlass jdk/internal/access/JavaUtilResourceBundleAccess
instanceKlass java/util/ResourceBundle
instanceKlass scala/util/Using$Releasable
instanceKlass javax/servlet/http/HttpServletResponse
instanceKlass javax/servlet/ServletResponse
instanceKlass java/util/concurrent/atomic/AtomicBoolean
instanceKlass io/micrometer/prometheus/PrometheusConfig
instanceKlass javax/servlet/GenericServlet
instanceKlass javax/servlet/ServletConfig
instanceKlass javax/servlet/Servlet
instanceKlass scala/collection/immutable/Node$
instanceKlass scala/collection/Hashing$
instanceKlass scala/Array$
instanceKlass scala/collection/immutable/Node
instanceKlass scala/collection/immutable/HashSetBuilder
instanceKlass scala/runtime/BoxesRunTime
instanceKlass scala/runtime/Statics$VM
instanceKlass scala/runtime/Statics
instanceKlass scala/collection/immutable/SetBuilderImpl
instanceKlass scala/collection/MapOps$GenKeySet
instanceKlass scala/collection/immutable/StrictOptimizedSetOps
instanceKlass scala/collection/StrictOptimizedSetOps
instanceKlass scala/collection/ClassTagIterableFactory
instanceKlass scala/collection/EvidenceIterableFactory
instanceKlass scala/collection/EvidenceIterableFactoryDefaults
instanceKlass scala/runtime/ScalaRunTime$
instanceKlass scala/reflect/NoManifest$
instanceKlass scala/reflect/ManifestFactory$ClassTypeManifest
instanceKlass scala/runtime/Null$
instanceKlass scala/collection/mutable/IndexedSeq
instanceKlass scala/collection/mutable/IndexedSeqOps
instanceKlass scala/reflect/AnyValManifest
instanceKlass scala/reflect/ManifestFactory$
instanceKlass scala/reflect/Manifest
instanceKlass scala/reflect/ClassTag
instanceKlass scala/reflect/ClassManifestDeprecatedApis
instanceKlass scala/reflect/OptManifest
instanceKlass scala/reflect/Manifest$
instanceKlass scala/Tuple2$
instanceKlass scala/collection/immutable/Set
instanceKlass scala/collection/immutable/SetOps
instanceKlass scala/collection/Set
instanceKlass scala/collection/SetOps
instanceKlass scala/collection/immutable/Set$
instanceKlass scala/collection/immutable/Map$
instanceKlass scala/util/Right$
instanceKlass scala/util/Left$
instanceKlass scala/util/Either$
instanceKlass scala/math/Ordering$
instanceKlass scala/math/LowPriorityOrderingImplicits
instanceKlass scala/math/Ordered$
instanceKlass scala/math/Numeric$
instanceKlass scala/math/Integral$
instanceKlass scala/math/Fractional$
instanceKlass scala/math/Equiv$
instanceKlass scala/math/LowPriorityEquiv
instanceKlass scala/math/Integral
instanceKlass scala/math/Ordered
instanceKlass scala/math/ScalaNumericConversions
instanceKlass scala/math/ScalaNumericAnyConversions
instanceKlass scala/math/BigInt$
instanceKlass scala/math/BigDecimal$
instanceKlass scala/collection/immutable/Range$
instanceKlass scala/collection/mutable/StringBuilder$
instanceKlass  @bci scala/collection/immutable/LazyList$ <clinit> ()V 44 <appendix> argL0 ; # scala/collection/immutable/LazyList$$$Lambda+0x00000217d2256eb0
instanceKlass  @bci scala/collection/immutable/LazyList$ <clinit> ()V 22 <appendix> argL0 ; # scala/collection/immutable/LazyList$$$Lambda+0x00000217d22554a0
instanceKlass scala/collection/immutable/LazyList$State$Empty$
instanceKlass scala/collection/immutable/LazyList$State
instanceKlass scala/collection/immutable/LazyList$
instanceKlass scala/collection/immutable/Stream$
instanceKlass scala/collection/package$$colon$plus$
instanceKlass scala/collection/package$$plus$colon$
instanceKlass scala/collection/immutable/$colon$colon$
instanceKlass scala/collection/Iterator$
instanceKlass scala/collection/immutable/VectorStatics$
instanceKlass scala/collection/IndexedSeqView
instanceKlass scala/collection/BufferedIterator
instanceKlass scala/collection/AbstractIterator
instanceKlass scala/collection/immutable/Vector$
instanceKlass scala/collection/SeqFactory$Delegate
instanceKlass scala/collection/immutable/List$$anon$1
instanceKlass scala/collection/immutable/List$
instanceKlass scala/collection/IterableFactory$Delegate
instanceKlass scala/package$$anon$1
instanceKlass scala/Specializable
instanceKlass scala/package$
instanceKlass scala/LowPriorityImplicits2
instanceKlass io/micrometer/registry/otlp/OtlpConfig
instanceKlass io/micrometer/core/instrument/push/PushRegistryConfig
instanceKlass io/micrometer/core/instrument/config/MeterRegistryConfig
instanceKlass  @bci cats/syntax/EitherOps$ toEitherNel$extension (Lscala/util/Either;)Lscala/util/Either; 2 <appendix> argL0 ; # cats/syntax/EitherOps$$$Lambda+0x00000217d22443c0
instanceKlass  @bci com/mendix/container/wiring/InstantiateTask execute (Lscala/collection/immutable/List;)Lscala/util/Either; 15 <appendix> member <vmtarget> ; # com/mendix/container/wiring/InstantiateTask$$Lambda+0x00000217d2244000
instanceKlass  @bci com/mendix/container/componentregistry/Component $anonfun$instantiate$7 (Lcom/mendix/container/componentregistry/Component;Lscala/collection/immutable/List;Lscala/collection/immutable/List;Ljava/lang/reflect/Constructor;)Lscala/util/Either; 85 <appendix> member <vmtarget> ; # com/mendix/container/componentregistry/Component$$Lambda+0x00000217d223fa58
instanceKlass  @bci com/mendix/container/componentregistry/Component $anonfun$instantiate$7 (Lcom/mendix/container/componentregistry/Component;Lscala/collection/immutable/List;Lscala/collection/immutable/List;Ljava/lang/reflect/Constructor;)Lscala/util/Either; 73 <appendix> member <vmtarget> ; # com/mendix/container/componentregistry/Component$$Lambda+0x00000217d223f490
instanceKlass  @bci com/mendix/container/componentregistry/Component $anonfun$instantiate$7 (Lcom/mendix/container/componentregistry/Component;Lscala/collection/immutable/List;Lscala/collection/immutable/List;Ljava/lang/reflect/Constructor;)Lscala/util/Either; 40 <appendix> member <vmtarget> ; # com/mendix/container/componentregistry/Component$$Lambda+0x00000217d223f1e0
instanceKlass  @bci com/mendix/container/componentregistry/Component $anonfun$instantiate$7 (Lcom/mendix/container/componentregistry/Component;Lscala/collection/immutable/List;Lscala/collection/immutable/List;Ljava/lang/reflect/Constructor;)Lscala/util/Either; 24 <appendix> member <vmtarget> ; # com/mendix/container/componentregistry/Component$$Lambda+0x00000217d223ee20
instanceKlass  @bci com/mendix/container/componentregistry/Component $anonfun$instantiate$7 (Lcom/mendix/container/componentregistry/Component;Lscala/collection/immutable/List;Lscala/collection/immutable/List;Ljava/lang/reflect/Constructor;)Lscala/util/Either; 15 <appendix> argL0 ; # com/mendix/container/componentregistry/Component$$Lambda+0x00000217d223ea68
instanceKlass  @bci com/mendix/container/componentregistry/Component $anonfun$instantiate$7 (Lcom/mendix/container/componentregistry/Component;Lscala/collection/immutable/List;Lscala/collection/immutable/List;Ljava/lang/reflect/Constructor;)Lscala/util/Either; 6 <appendix> member <vmtarget> ; # com/mendix/container/componentregistry/Component$$Lambda+0x00000217d223e7b8
instanceKlass  @bci com/mendix/container/componentregistry/Component instantiate (Lscala/collection/immutable/List;)Lscala/util/Either; 86 <appendix> member <vmtarget> ; # com/mendix/container/componentregistry/Component$$Lambda+0x00000217d223e3f8
instanceKlass  @bci com/mendix/container/componentregistry/Component instantiate (Lscala/collection/immutable/List;)Lscala/util/Either; 71 <appendix> member <vmtarget> ; # com/mendix/container/componentregistry/Component$$Lambda+0x00000217d223e148
instanceKlass  @bci com/mendix/container/componentregistry/Component $anonfun$instantiate$3 (Lcom/mendix/container/componentregistry/Component;ILscala/collection/immutable/List;Ljava/lang/reflect/Constructor;)Z 58 <appendix> argL0 ; # com/mendix/container/componentregistry/Component$$Lambda+0x00000217d223d818
instanceKlass  @bci com/mendix/container/componentregistry/Component $anonfun$instantiate$3 (Lcom/mendix/container/componentregistry/Component;ILscala/collection/immutable/List;Ljava/lang/reflect/Constructor;)Z 5 <appendix> member <vmtarget> ; # com/mendix/container/componentregistry/Component$$Lambda+0x00000217d223d568
instanceKlass  @bci scala/io/Source$ fromFile (Ljava/io/File;ILscala/io/Codec;)Lscala/io/BufferedSource; 13 <adapter> ; # java/lang/invoke/LambdaForm$MH+0x00000217d2240c00
# instanceKlass java/lang/invoke/LambdaForm$DMH+0x00000217d2240800
instanceKlass  @bci scala/io/Source$ fromFile (Ljava/io/File;ILscala/io/Codec;)Lscala/io/BufferedSource; 13 <appendix> form vmentry <vmtarget> ; # java/lang/invoke/LambdaForm$DMH+0x00000217d2240400
instanceKlass  @bci com/mendix/container/componentregistry/Component instantiate (Lscala/collection/immutable/List;)Lscala/util/Either; 60 <appendix> member <vmtarget> ; # com/mendix/container/componentregistry/Component$$Lambda+0x00000217d223d1a8
instanceKlass  @cpi com/mendix/container/componentregistry/Component 205 form vmentry <vmtarget> ; # java/lang/invoke/LambdaForm$DMH+0x00000217d2240000
instanceKlass  @bci com/mendix/container/componentregistry/Component instantiate (Lscala/collection/immutable/List;)Lscala/util/Either; 22 <appendix> argL0 ; # com/mendix/container/componentregistry/Component$$Lambda+0x00000217d223cdf0
instanceKlass  @bci com/mendix/container/componentregistry/Component instantiate (Lscala/collection/immutable/List;)Lscala/util/Either; 5 <appendix> member <vmtarget> ; # com/mendix/container/componentregistry/Component$$Lambda+0x00000217d223cb40
instanceKlass  @bci com/mendix/container/wiring/Wiring$ $anonfun$doWireRuntime$5 (Lcom/mendix/container/componentregistry/ComponentInstance;Lscala/Tuple4;)Lscala/util/Either; 24 <appendix> member <vmtarget> ; # com/mendix/container/wiring/Wiring$$$Lambda+0x00000217d223c780
instanceKlass  @bci scala/collection/StrictOptimizedSeqOps $anonfun$diff$1 (Lscala/collection/mutable/Map;Lscala/collection/mutable/Builder;Ljava/lang/Object;)Lscala/Option; 4 <appendix> member <vmtarget> ; # scala/collection/StrictOptimizedSeqOps$$Lambda+0x00000217d223c3c0
instanceKlass  @bci scala/collection/StrictOptimizedSeqOps diff (Lscala/collection/Seq;)Ljava/lang/Object; 43 <appendix> member <vmtarget> ; # scala/collection/StrictOptimizedSeqOps$$Lambda+0x00000217d223c000
instanceKlass  @bci scala/collection/SeqOps $anonfun$occCounts$1 (Lscala/collection/mutable/HashMap;Ljava/lang/Object;)Lscala/Option; 2 <appendix> argL0 ; # scala/collection/SeqOps$$Lambda+0x00000217d223bc48
instanceKlass  @bci scala/collection/SeqOps occCounts (Lscala/collection/Seq;)Lscala/collection/mutable/Map; 10 <appendix> member <vmtarget> ; # scala/collection/SeqOps$$Lambda+0x00000217d223b888
instanceKlass  @bci com/mendix/container/wiring/Wiring$ $anonfun$determineExecutionOrder$3 (Lscala/collection/immutable/Map;Lscala/collection/immutable/List;Lcom/mendix/container/wiring/WiringTask;)Z 11 <appendix> member <vmtarget> ; # com/mendix/container/wiring/Wiring$$$Lambda+0x00000217d223b4c8
instanceKlass  @bci com/mendix/container/wiring/Wiring$ executionOrder$1 (Lscala/collection/immutable/List;Lscala/collection/immutable/List;Lscala/collection/immutable/Map;)Lscala/util/Either; 24 <appendix> member <vmtarget> ; # com/mendix/container/wiring/Wiring$$$Lambda+0x00000217d223b108
instanceKlass scala/util/hashing/MurmurHash3$ArrayHashing
instanceKlass scala/util/hashing/Hashing
instanceKlass  @bci com/mendix/container/wiring/ActivateTask dependsOn (Lcom/mendix/container/wiring/WiringTask;)Z 167 <appendix> member <vmtarget> ; # com/mendix/container/wiring/ActivateTask$$Lambda+0x00000217d2239350
instanceKlass java/util/TimSort
instanceKlass java/util/Arrays$LegacyMergeSort
instanceKlass  @bci com/mendix/container/wiring/InstantiateTask dependsOn (Lcom/mendix/container/wiring/WiringTask;)Z 44 <appendix> member <vmtarget> ; # com/mendix/container/wiring/InstantiateTask$$Lambda+0x00000217d2238f90
instanceKlass  @bci com/mendix/container/componentregistry/ComponentData constructorParameters$lzycompute ()Lscala/collection/immutable/List; 38 <appendix> argL0 ; # com/mendix/container/componentregistry/ComponentData$$Lambda+0x00000217d2238bd8
instanceKlass scala/math/Ordering$$anon$1
instanceKlass scala/math/Ordering$Reverse
instanceKlass scala/math/Ordering$Int$
instanceKlass scala/math/Ordering$IntOrdering
instanceKlass  @bci com/mendix/container/componentregistry/ComponentData constructorParameters$lzycompute ()Lscala/collection/immutable/List; 24 <appendix> argL0 ; # com/mendix/container/componentregistry/ComponentData$$Lambda+0x00000217d2235970
instanceKlass  @bci com/mendix/container/componentregistry/ComponentData constructorParameters$lzycompute ()Lscala/collection/immutable/List; 16 <appendix> argL0 ; # com/mendix/container/componentregistry/ComponentData$$Lambda+0x00000217d22355b8
instanceKlass  @bci com/mendix/container/wiring/Wiring$ $anonfun$determineExecutionOrder$1 (Lscala/collection/immutable/List;Lcom/mendix/container/wiring/WiringTask;)Lscala/Tuple2; 12 <appendix> member <vmtarget> ; # com/mendix/container/wiring/Wiring$$$Lambda+0x00000217d22351f8
instanceKlass scala/Predef$ArrowAssoc$
instanceKlass  @bci com/mendix/container/wiring/Wiring$ determineExecutionOrder (Lscala/collection/immutable/List;)Lscala/util/Either; 2 <appendix> member <vmtarget> ; # com/mendix/container/wiring/Wiring$$$Lambda+0x00000217d2237a70
instanceKlass  @bci com/mendix/container/wiring/Wiring$ doWireRuntime (Lcom/mendix/container/componentregistry/ComponentInstance;Lscala/collection/immutable/List;)Lscala/util/Either; 69 <appendix> member <vmtarget> ; # com/mendix/container/wiring/Wiring$$$Lambda+0x00000217d22376b0
instanceKlass com/mendix/container/wiring/InstantiateTask
instanceKlass  @bci com/mendix/container/wiring/Wiring$ $anonfun$doWireRuntime$2 (Lscala/collection/immutable/List;Lscala/collection/immutable/List;)Lscala/Tuple4; 11 <appendix> argL0 ; # com/mendix/container/wiring/Wiring$$$Lambda+0x00000217d2237008
instanceKlass com/mendix/container/wiring/ActivateTask
instanceKlass  @bci com/mendix/container/wiring/Wiring$ $anonfun$doWireRuntime$2 (Lscala/collection/immutable/List;Lscala/collection/immutable/List;)Lscala/Tuple4; 1 <appendix> argL0 ; # com/mendix/container/wiring/Wiring$$$Lambda+0x00000217d2236960
instanceKlass  @bci com/mendix/container/wiring/Wiring$ doWireRuntime (Lcom/mendix/container/componentregistry/ComponentInstance;Lscala/collection/immutable/List;)Lscala/util/Either; 60 <appendix> member <vmtarget> ; # com/mendix/container/wiring/Wiring$$$Lambda+0x00000217d22365a0
instanceKlass  @bci cats/kernel/Monoid combineAll (Lscala/collection/IterableOnce;)Ljava/lang/Object; 13 <appendix> member <vmtarget> ; # cats/kernel/Monoid$$Lambda+0x00000217d2236000
instanceKlass cats/kernel/instances/EitherInstances$$anon$2
instanceKlass cats/kernel/instances/ListMonoid
instanceKlass cats/kernel/instances/ListMonoid$
instanceKlass cats/Foldable$ToFoldableOps$$anon$6
instanceKlass  @bci scala/Function2 tupled ()Lscala/Function1; 1 <appendix> member <vmtarget> ; # scala/Function2$$Lambda+0x00000217d2232c80
instanceKlass  @bci cats/Apply map2Eval (Ljava/lang/Object;Lcats/Eval;Lscala/Function2;)Lcats/Eval; 4 <appendix> member <vmtarget> ; # cats/Apply$$Lambda+0x00000217d22328c0
instanceKlass  @bci cats/data/Chain$ $anonfun$traverseViaChain$3 (Lcats/Applicative;Lscala/Function1;Ljava/lang/Object;Lcats/Eval;)Lcats/Eval; 9 <appendix> argL0 ; # cats/data/Chain$$$Lambda+0x00000217d2232328
instanceKlass  @bci cats/data/Chain$ loop$4 (IIILcats/Applicative;Lscala/Function1;Lscala/collection/immutable/IndexedSeq;)Lcats/Eval; 62 <appendix> member <vmtarget> ; # cats/data/Chain$$$Lambda+0x00000217d2232078
instanceKlass  @bci cats/instances/ListInstances$$anon$1 traverse (Lscala/collection/immutable/List;Lscala/Function1;Lcats/Applicative;)Ljava/lang/Object; 99 <appendix> argL0 ; # cats/instances/ListInstances$$anon$1$$Lambda+0x00000217d2231cc0
instanceKlass  @bci cats/data/Chain$ $anonfun$traverseViaChain$5 (Lcats/Applicative;Ljava/lang/Object;)Ljava/lang/Object; 2 <appendix> argL0 ; # cats/data/Chain$$$Lambda+0x00000217d2231908
instanceKlass  @bci cats/data/Chain$ $anonfun$traverseViaChain$1 (Lcats/Applicative;Lscala/Function1;Lscala/collection/immutable/IndexedSeq;I)Ljava/lang/Object; 16 <appendix> argL0 ; # cats/data/Chain$$$Lambda+0x00000217d2231550
instanceKlass  @bci cats/data/Chain$ loop$4 (IIILcats/Applicative;Lscala/Function1;Lscala/collection/immutable/IndexedSeq;)Lcats/Eval; 81 <appendix> member <vmtarget> ; # cats/data/Chain$$$Lambda+0x00000217d222fae8
instanceKlass  @bci cats/data/Chain$ loop$4 (IIILcats/Applicative;Lscala/Function1;Lscala/collection/immutable/IndexedSeq;)Lcats/Eval; 16 <adapter> ; # java/lang/invoke/LambdaForm$MH+0x00000217d2234c00
# instanceKlass java/lang/invoke/LambdaForm$DMH+0x00000217d2234800
instanceKlass  @bci cats/data/Chain$ loop$4 (IIILcats/Applicative;Lscala/Function1;Lscala/collection/immutable/IndexedSeq;)Lcats/Eval; 16 <appendix> form vmentry <vmtarget> ; # java/lang/invoke/LambdaForm$DMH+0x00000217d2234400
instanceKlass  @bci cats/data/Chain$ loop$4 (IIILcats/Applicative;Lscala/Function1;Lscala/collection/immutable/IndexedSeq;)Lcats/Eval; 16 <appendix> member <vmtarget> ; # cats/data/Chain$$$Lambda+0x00000217d222f838
instanceKlass  @cpi cats/data/Chain$ 292 form vmentry <vmtarget> ; # java/lang/invoke/LambdaForm$DMH+0x00000217d2234000
instanceKlass cats/kernel/instances/StaticMethods$WrappedIndexedSeq
instanceKlass cats/kernel/compat/HashCompat
instanceKlass scala/collection/mutable/IndexedBuffer
instanceKlass scala/collection/IterableOnce$
instanceKlass scala/runtime/AbstractFunction1
instanceKlass cats/data/ChainInstances$$anon$5
instanceKlass cats/data/ChainInstances$$anon$4
instanceKlass cats/data/ChainInstances$$anon$2
instanceKlass cats/data/Chain
instanceKlass cats/data/ChainCompat
instanceKlass cats/data/ChainInstances3
instanceKlass cats/data/ChainCompanionCompat
instanceKlass  @bci cats/Traverse sequence (Ljava/lang/Object;Lcats/Applicative;)Ljava/lang/Object; 2 <appendix> argL0 ; # cats/Traverse$$Lambda+0x00000217d2229678
instanceKlass cats/Traverse$ToTraverseOps$$anon$3
instanceKlass com/mendix/container/wiring/InjectDependencyTask
instanceKlass  @bci com/mendix/container/wiring/InjectDependencyTask$ all (Lcom/mendix/container/componentregistry/Component;Lscala/collection/immutable/List;)Lscala/util/Either; 31 <appendix> member <vmtarget> ; # com/mendix/container/wiring/InjectDependencyTask$$$Lambda+0x00000217d2228d30
instanceKlass  @bci com/mendix/container/wiring/InjectDependencyTask$ $anonfun$all$2 (Lscala/collection/immutable/List;Lcom/mendix/container/componentregistry/DependencyInfo;)Lscala/Tuple2; 2 <appendix> member <vmtarget> ; # com/mendix/container/wiring/InjectDependencyTask$$$Lambda+0x00000217d2228970
instanceKlass  @bci com/mendix/container/wiring/InjectDependencyTask$ all (Lcom/mendix/container/componentregistry/Component;Lscala/collection/immutable/List;)Lscala/util/Either; 19 <appendix> member <vmtarget> ; # com/mendix/container/wiring/InjectDependencyTask$$$Lambda+0x00000217d22285b0
instanceKlass  @bci com/mendix/container/wiring/InjectDependencyTask$ all (Lcom/mendix/container/componentregistry/Component;Lscala/collection/immutable/List;)Lscala/util/Either; 10 <appendix> argL0 ; # com/mendix/container/wiring/InjectDependencyTask$$$Lambda+0x00000217d22281f8
instanceKlass com/mendix/container/wiring/InjectDependencyTask$
instanceKlass  @bci com/mendix/container/wiring/Wiring$ doWireRuntime (Lcom/mendix/container/componentregistry/ComponentInstance;Lscala/collection/immutable/List;)Lscala/util/Either; 22 <appendix> member <vmtarget> ; # com/mendix/container/wiring/Wiring$$$Lambda+0x00000217d21e3c20
instanceKlass com/mendix/container/wiring/WiringTask
instanceKlass com/mendix/container/wiring/Wiring$
instanceKlass  @bci com/mendix/container/boot/Container$ doStart (Lcom/mendix/container/config/Config;Lscala/Function1;)Lscala/util/Either; 190 <appendix> member <vmtarget> ; # com/mendix/container/boot/Container$$$Lambda+0x00000217d21e3458
instanceKlass  @bci com/mendix/container/boot/Container$ $anonfun$doStart$8 (Lscala/Function1;Lscala/Tuple2;)Lscala/Tuple4; 104 <appendix> argL0 ; # com/mendix/container/boot/Container$$$Lambda+0x00000217d21e31b0
instanceKlass  @bci com/mendix/container/boot/Container$ doStart (Lcom/mendix/container/config/Config;Lscala/Function1;)Lscala/util/Either; 181 <appendix> member <vmtarget> ; # com/mendix/container/boot/Container$$$Lambda+0x00000217d21e2df0
instanceKlass scala/Tuple4
instanceKlass scala/Product4
instanceKlass  @bci com/mendix/container/componentregistry/ComponentInstance <init> (Ljava/lang/Object;Lcom/mendix/container/componentregistry/ComponentData;)V 24 <appendix> member <vmtarget> ; # com/mendix/container/componentregistry/ComponentInstance$$Lambda+0x00000217d21e2590
instanceKlass com/mendix/container/componentregistry/ComponentInstance
instanceKlass scala/runtime/AbstractFunction6
instanceKlass scala/Function6
instanceKlass com/mendix/container/util/ReflectionSupport$AnyOps
instanceKlass scala/util/Either
instanceKlass scala/Option$
instanceKlass scala/Product2$mcJI$sp
instanceKlass scala/Product2$mcJJ$sp
instanceKlass scala/Product2$mcDD$sp
instanceKlass scala/Product2$mcJD$sp
instanceKlass scala/Product2$mcDI$sp
instanceKlass scala/Product2$mcIJ$sp
instanceKlass scala/Product2$mcDJ$sp
instanceKlass scala/Product2$mcII$sp
instanceKlass scala/Product2$mcID$sp
instanceKlass scala/Tuple2
instanceKlass scala/Product2
instanceKlass scala/Function0
instanceKlass scala/collection/immutable/IndexedSeq
instanceKlass scala/collection/immutable/IndexedSeqOps
instanceKlass scala/collection/IndexedSeq
instanceKlass scala/collection/IndexedSeqOps
instanceKlass scala/collection/SeqView
instanceKlass scala/collection/mutable/Map
instanceKlass scala/collection/mutable/MapOps
instanceKlass scala/collection/Searching$SearchResult
instanceKlass scala/collection/View
instanceKlass scala/collection/immutable/Map
instanceKlass scala/collection/immutable/MapOps
instanceKlass scala/collection/Map
instanceKlass scala/collection/MapFactoryDefaults
instanceKlass scala/collection/MapOps
instanceKlass scala/collection/WithFilter
instanceKlass scala/collection/Iterator
instanceKlass scala/collection/MapFactory
instanceKlass scala/collection/immutable/StrictOptimizedSeqOps
instanceKlass scala/collection/StrictOptimizedLinearSeqOps
instanceKlass scala/collection/immutable/LinearSeq
instanceKlass scala/collection/immutable/LinearSeqOps
instanceKlass scala/collection/LinearSeq
instanceKlass scala/collection/LinearSeqOps
instanceKlass scala/collection/immutable/Seq
instanceKlass scala/collection/immutable/SeqOps
instanceKlass scala/collection/immutable/Iterable
instanceKlass scala/collection/mutable/ArrayBuilder
instanceKlass scala/collection/AnyStepper
instanceKlass scala/collection/Stepper
instanceKlass scala/collection/AbstractIterable
instanceKlass scala/collection/mutable/Buffer
instanceKlass scala/collection/mutable/Shrinkable
instanceKlass scala/collection/mutable/Seq
instanceKlass scala/collection/mutable/SeqOps
instanceKlass scala/collection/mutable/Cloneable
instanceKlass scala/collection/Seq
instanceKlass scala/PartialFunction
instanceKlass scala/collection/mutable/Iterable
instanceKlass scala/collection/Iterable
instanceKlass scala/collection/IterableFactoryDefaults
instanceKlass scala/collection/generic/DefaultSerializable
instanceKlass scala/collection/mutable/ReusableBuilder
instanceKlass scala/collection/StrictOptimizedSeqOps
instanceKlass scala/collection/StrictOptimizedIterableOps
instanceKlass scala/collection/SeqOps
instanceKlass scala/collection/IterableOps
instanceKlass scala/collection/IterableOnceOps
instanceKlass scala/collection/mutable/Builder
instanceKlass scala/Function1
instanceKlass scala/collection/mutable/Growable
instanceKlass scala/collection/mutable/Clearable
instanceKlass scala/math/Numeric
instanceKlass scala/math/Ordering
instanceKlass scala/math/PartialOrdering
instanceKlass scala/math/Equiv
instanceKlass scala/collection/BuildFrom
instanceKlass scala/collection/Factory
instanceKlass scala/collection/mutable/ListBuffer$
instanceKlass scala/collection/StrictOptimizedSeqFactory
instanceKlass scala/collection/SeqFactory
instanceKlass scala/collection/IterableFactory
instanceKlass scala/Option
instanceKlass scala/collection/IterableOnce
instanceKlass scala/Product
instanceKlass scala/Equals
instanceKlass com/mendix/container/support/EventProcessor
instanceKlass org/osgi/service/event/EventAdmin
instanceKlass com/mendix/container/util/ReflectionSupport$
instanceKlass com/mendix/container/eventing/Eventing$
instanceKlass com/mendix/container/componentregistry/ComponentSupport
instanceKlass  @bci com/mendix/container/componentregistry/ComponentRegistry$ run (Lcats/free/Free;)Lscala/util/Either; 11 <appendix> argL0 ; # com/mendix/container/componentregistry/ComponentRegistry$$$Lambda+0x00000217d21e1060
instanceKlass system/UserActionsRegistrar
instanceKlass com/sun/org/apache/xerces/internal/util/XML11Char
instanceKlass java/io/PrintWriter$1
instanceKlass jdk/internal/access/JavaIOPrintWriterAccess
instanceKlass com/sun/org/apache/xerces/internal/util/DefaultErrorHandler
instanceKlass com/sun/org/apache/xerces/internal/xni/grammars/XMLGrammarLoader
instanceKlass com/mendix/connectionbus/configuration/DataStorageConfiguration
instanceKlass com/mendix/connectionbus/configuration/SourceDatabaseConfiguration
instanceKlass com/mendix/connectionbus/configuration/MainDatabaseConfiguration
instanceKlass com/mendix/connectionbus/connections/jdbc/DatabaseConfiguration
instanceKlass com/mendix/connectionbus/ConnectionBusImpl
instanceKlass com/mendix/connectionbus/ConnectionBusExt
instanceKlass com/mendix/basis/connectionbus/ConnectionBus
instanceKlass com/mendix/connectionbus/InternalConnectionBusStatistics
instanceKlass com/mendix/basis/connectionbus/ConnectionBusReadOnlyStatistics
instanceKlass com/mendix/basis/connectionbus/ConnectionBusStatistics
instanceKlass com/mendix/connectionbus/ConnectionMinibus
instanceKlass com/mendix/basis/connectionbus/SystemPropertyManager
instanceKlass com/mendix/metrics/MetricsConfiguration
instanceKlass com/mendix/metrics/actions/MetricsMicroflowActionFactory
instanceKlass io/micrometer/core/instrument/MeterRegistry
instanceKlass com/mendix/metrics/MetricsImpl
instanceKlass com/mendix/metrics/InternalMetrics
instanceKlass com/mendix/metrics/PublicMetrics
instanceKlass com/mendix/metrics/Metrics
instanceKlass com/mendix/metrics/micrometer/MicrometerConfigurationImpl
instanceKlass com/mendix/metrics/micrometer/MicrometerConfiguration
instanceKlass com/mendix/documentexporter/model/ModelClassMap
instanceKlass com/mendix/integration/data/IntegrationExternalObjectActionsComponent
instanceKlass com/mendix/configuration/ConfigurationRegistry
instanceKlass com/mendix/core/CoreComponent
instanceKlass com/mendix/basis/actionmanagement/ActionManagerConfigurationImpl
instanceKlass com/mendix/basis/actionmanagement/ActionManagerConfiguration
instanceKlass com/mendix/basis/objectmanagement/meta/metamodel/FileStoreBinaryMemberFactory
instanceKlass com/mendix/modules/email/EmailModuleProviderWirer
instanceKlass com/mendix/basis/actionmanagement/ActionHandlerWirer
instanceKlass com/mendix/basis/session/VolatileSessionFactoryImpl
instanceKlass com/mendix/basis/session/VolatileSessionFactory
instanceKlass com/mendix/basis/impl/MxRuntimeConfigurationImpl
instanceKlass com/mendix/basis/conf/MxRuntimeConfiguration
instanceKlass com/mendix/basis/conf/CertificateProcessor
instanceKlass com/mendix/basis/objectmanagement/SchemeManagerImpl
instanceKlass com/mendix/basis/objectmanagement/SchemeManager
instanceKlass com/mendix/modelstorage/time/impl/CalendarFactoryImpl
instanceKlass com/mendix/modelstorage/time/CalendarFactory
instanceKlass com/mendix/basis/objectmanagement/meta/metamodel/MetaPrimitiveRegistry
instanceKlass com/mendix/modules/exportmanager/excel/ExcelExporterImpl
instanceKlass com/mendix/modules/exportmanager/excel/internal/ExcelExporterDelegate
instanceKlass com/mendix/basis/conf/ConfigurationImpl
instanceKlass com/mendix/basis/conf/Configuration
instanceKlass com/mendix/core/conf/Configuration
instanceKlass com/mendix/modelstorage/time/impl/TimeZoneSettingsImpl
instanceKlass com/mendix/modelstorage/time/TimeZoneSettings
instanceKlass com/mendix/basis/objectmanagement/MendixObjectFactory
instanceKlass com/mendix/basis/actionmanagement/ActionHandlerFactory
instanceKlass com/mendix/basis/actionmanagement/HandlerFactory
instanceKlass com/mendix/core/actionmanagement/internal/HandlerFactory
instanceKlass com/mendix/basis/impl/MxRuntimeImpl
instanceKlass com/mendix/basis/component/MxRuntime
instanceKlass com/mendix/m2ee/api/InternalMxRuntime
instanceKlass com/mendix/m2ee/api/IMxRuntime
instanceKlass com/mendix/util/requestlimiting/ConfigurationImpl
instanceKlass com/mendix/util/requestlimiting/Configuration
instanceKlass com/mendix/basis/stats/RuntimeStatistics
instanceKlass com/mendix/basis/stats/RuntimeStatistics$ReadOnly
instanceKlass com/mendix/modules/microflowengine/actions/impl/CoreMicroflowActionFactory
instanceKlass com/mendix/languages/LanguageParserImpl
instanceKlass com/mendix/languages/LanguageParser
instanceKlass com/mendix/basis/objectmanagement/SchemeFactory
instanceKlass com/mendix/modules/microflowengine/actions/impl/MicroflowActionRegistry
instanceKlass com/mendix/basis/actionmanagement/ActionManager
instanceKlass com/mendix/basis/actionmanagement/ExecutionTracker
instanceKlass com/mendix/basis/event/LowOnResourceHandler
instanceKlass com/mendix/external/connector/MxRuntimeConnector
instanceKlass com/mendix/basis/session/Languages
instanceKlass com/mendix/basis/actionmanagement/ActionRegistry
instanceKlass com/mendix/basis/actionmanagement/IActionRegistry
instanceKlass com/mendix/core/actionmanagement/IActionRegistrator
instanceKlass com/mendix/basis/impl/ProjectModelStoreLoaderImpl
instanceKlass com/mendix/basis/impl/ProjectModelStoreLoader
instanceKlass com/mendix/modelstorage/i18n/I18NProcessor
instanceKlass com/mendix/basis/util/license/LicenseUtil
instanceKlass com/mendix/core/conf/LicenseInfo
instanceKlass com/mendix/modules/email/EmailModuleImpl
instanceKlass com/mendix/modules/email/internal/EmailModuleDelegate
instanceKlass com/mendix/basis/component/InternalCoreVarargs
instanceKlass com/mendix/core/internal/ICore
instanceKlass com/mendix/basis/component/WebSocketCore
instanceKlass com/mendix/basis/component/TransactionCore
instanceKlass com/mendix/basis/component/SessionCore
instanceKlass com/mendix/basis/component/SchedulerCore
instanceKlass com/mendix/basis/component/ObjectManagementCore
instanceKlass com/mendix/basis/component/FileDocumentCore
instanceKlass com/mendix/basis/component/ExecutionCore
instanceKlass com/mendix/basis/component/DomainModelCore
instanceKlass com/mendix/basis/component/DataXPathCore
instanceKlass com/mendix/basis/component/DataStorageCore
instanceKlass com/mendix/basis/component/DataOQLCore
instanceKlass com/mendix/basis/component/DataMappingCore
instanceKlass com/mendix/basis/stats/RuntimeStatisticsConfiguration
instanceKlass com/mendix/basis/impl/JmxBeanRegistrarImpl
instanceKlass com/mendix/basis/impl/JmxBeanRegistrar
instanceKlass com/mendix/modules/exportmanager/excel/ExcelExporterProviderWirer
instanceKlass com/mendix/util/requestlimiting/InvalidRequestLimiterManagerImpl
instanceKlass com/mendix/util/InvalidRequestLimiterManager
instanceKlass com/mendix/basis/systemmodule/internal/UserManagerImpl
instanceKlass com/mendix/basis/systemmodule/UserManager
instanceKlass com/mendix/m2ee/appcontainer/server/handler/StartupProbeServlet
instanceKlass com/mendix/m2ee/appcontainer/server/handler/EventSender
instanceKlass com/mendix/m2ee/appcontainer/CSPHelperImpl
instanceKlass com/mendix/http/CspHelper
instanceKlass com/mendix/m2ee/appcontainer/AppContainer
instanceKlass com/mendix/m2ee/api/InternalAppContainer
instanceKlass com/mendix/m2ee/api/IAppContainer
instanceKlass com/mendix/m2ee/appcontainer/server/handler/LivenessProbeServlet
instanceKlass com/mendix/m2ee/appcontainer/server/handler/ReadinessProbeServlet
instanceKlass  @bci com/mendix/container/componentregistry/internal/ClassloaderComponentReader$ fieldBind$lzycompute$1 (Lscala/runtime/LazyRef;Lscala/xml/Node;)Lscala/Option; 43 <appendix> argL0 ; # com/mendix/container/componentregistry/internal/ClassloaderComponentReader$$$Lambda+0x00000217d21d7b68
instanceKlass com/mendix/container/componentregistry/InjectionTypes$Field
instanceKlass  @bci com/mendix/container/componentregistry/internal/ClassloaderComponentReader$ fieldBind$lzycompute$1 (Lscala/runtime/LazyRef;Lscala/xml/Node;)Lscala/Option; 35 <appendix> argL0 ; # com/mendix/container/componentregistry/internal/ClassloaderComponentReader$$$Lambda+0x00000217d21d7548
instanceKlass com/mendix/http/internal/InternalHttpImpl
instanceKlass com/mendix/http/IHttpConfiguration
instanceKlass com/mendix/http/Http
instanceKlass com/mendix/http/internal/InternalHttp
instanceKlass com/mendix/http/configuration/ConfigurationImpl
instanceKlass com/mendix/http/configuration/Configuration
instanceKlass com/mendix/mlkit/model/ModelClassMap
instanceKlass com/mendix/modelstorage/ProjectModelStoreImpl
instanceKlass com/mendix/modelstorage/ProjectModelStore
instanceKlass com/mendix/modelstorage/ModelLoaderImpl
instanceKlass com/mendix/modelstorage/ModelLoader
instanceKlass com/mendix/model/ModelClassMap
instanceKlass com/mendix/modelstorage/ModelClassRegistry
instanceKlass com/mendix/integration/model/ModelClassMap
instanceKlass com/mendix/storage/azure/internal/Configuration
instanceKlass com/mendix/datastorage/utils/Converters
instanceKlass com/mendix/datastorage/impl/DataStorageExt
instanceKlass com/mendix/datastorage/DataStorage
instanceKlass com/mendix/datastorage/DataStorageExt
instanceKlass com/mendix/metrics/jmx/JmxMeterRegistryFactory
instanceKlass com/mendix/metrics/statsd/StatsdMeterRegistryFactory
instanceKlass com/mendix/documentexporter/DocumentGenerator
instanceKlass com/mendix/documentexporter/actions/microflow/DocumentExporterMicroflowActionFactory
instanceKlass com/mendix/workflows/external/runtimeintegration/WorkflowComponent
instanceKlass com/mendix/workflows/external/runtimeintegration/publicapi/PublicWorkflows
instanceKlass com/mendix/workflows/Workflows
instanceKlass com/mendix/workflows/external/runtimeintegration/microflow/WorkflowsMicroflowActionFactory
instanceKlass com/mendix/workflows/external/runtimeintegration/MendixWorkflowConfiguration
instanceKlass com/mendix/workflows/external/WorkflowConfiguration
instanceKlass com/mendix/workflows/external/runtimeintegration/client/OpenUserTaskRuntimeOperationExecutor
instanceKlass com/mendix/workflows/external/runtimeintegration/client/OpenWorkflowRuntimeOperationExecutor
instanceKlass com/mendix/workflows/external/runtimeintegration/client/CallWorkflowRuntimeOperationExecutor
instanceKlass com/mendix/workflows/external/runtimeintegration/client/SetTaskOutcomeRuntimeOperationExecutor
instanceKlass com/mendix/webui/requesthandling/ExternalRuntimeOperationExecutor
instanceKlass com/mendix/integration/data/internal/InternalIntegrationDataImpl
instanceKlass com/mendix/integration/data/internal/InternalIntegrationData
instanceKlass com/mendix/integration/data/odata/ODataBinaryMemberFactory
instanceKlass com/mendix/basis/objectmanagement/meta/metamodel/ObjectMemberFactory
instanceKlass com/mendix/webui/actions/microflow/WebUIMicroflowActionFactory
instanceKlass com/mendix/webui/internal/OSGiEventHandler
instanceKlass com/mendix/webui/internal/Configuration
instanceKlass com/mendix/webui/WebImpl
instanceKlass com/mendix/webui/Web
instanceKlass com/mendix/webui/internal/CustomJavaActionDelegateImpl
instanceKlass com/mendix/util/ProviderWirer
instanceKlass com/mendix/webui/internal/component/CustomJavaActionDelegate
instanceKlass com/mendix/webui/internal/RequestHandlerDelegateImpl
instanceKlass com/mendix/externalinterface/connector/internal/RequestHandlerDelegate
instanceKlass com/mendix/logging/apache/commons/ApacheCommonsLogConfiguration
instanceKlass com/mendix/logging/impl/LogManager
instanceKlass com/mendix/logging/ILogManager
instanceKlass com/mendix/logging/apache/commons/ApacheCommonsLogSettings
instanceKlass com/mendix/logging/slf4j/MxLoggerFactory
instanceKlass org/slf4j/ILoggerFactory
instanceKlass com/mendix/storage/s3/internal/S3StorageConfiguration
instanceKlass com/mendix/metrics/influx/InfluxMeterRegistryFactory
instanceKlass com/mendix/storage/AbstractStorageService
instanceKlass com/mendix/storage/StorageService
instanceKlass com/mendix/storage/localfilesystem/internal/Configuration
instanceKlass com/mendix/mlkit/MLKitComponent
instanceKlass com/mendix/mlkit/mlmappings/MLMappingsDocumentStore
instanceKlass com/mendix/mlkit/MLKitRepository
instanceKlass com/mendix/mlkit/microflow/MLKitMicroflowActionFactory
instanceKlass com/mendix/microflows/MicroflowActionFactory
instanceKlass com/mendix/integration/configuration/MappingConfigurationImpl
instanceKlass com/mendix/integration/configuration/MappingConfiguration
instanceKlass com/mendix/integration/configuration/PublishedServiceConfigurationImpl
instanceKlass com/mendix/integration/configuration/PublishedServiceConfiguration
instanceKlass com/mendix/configuration/Configuration
instanceKlass com/mendix/integration/internal/InternalIntegrationImpl
instanceKlass org/osgi/service/event/EventHandler
instanceKlass com/mendix/integration/Integration
instanceKlass com/mendix/integration/internal/InternalIntegration
instanceKlass com/mendix/integration/data/internal/InternalIntegrationDataShared
instanceKlass  @bci com/mendix/container/componentregistry/internal/ClassloaderComponentReader$ $anonfun$unmarshall$17 (Lscala/xml/NodeSeq;)Lscala/collection/immutable/List; 25 <appendix> argL0 ; # com/mendix/container/componentregistry/internal/ClassloaderComponentReader$$$Lambda+0x00000217d21d7190
instanceKlass  @bci scala/xml/Elem text ()Ljava/lang/String; 4 <appendix> argL0 ; # scala/xml/Elem$$Lambda+0x00000217d21d6dd8
instanceKlass  @bci com/mendix/container/componentregistry/internal/ClassloaderComponentReader$ $anonfun$unmarshall$15 (Lscala/xml/NodeSeq;)Lscala/collection/immutable/List; 22 <appendix> member <vmtarget> ; # com/mendix/container/componentregistry/internal/ClassloaderComponentReader$$$Lambda+0x00000217d21d6b28
instanceKlass  @bci com/mendix/container/componentregistry/internal/ClassloaderComponentReader$ $anonfun$unmarshall$15 (Lscala/xml/NodeSeq;)Lscala/collection/immutable/List; 13 <appendix> argL0 ; # com/mendix/container/componentregistry/internal/ClassloaderComponentReader$$$Lambda+0x00000217d21d6770
instanceKlass com/mendix/webui/model/ModelClassMap
instanceKlass com/mendix/workflows/model/ModelClassMap
instanceKlass com/mendix/modelstorage/ModelClassRepository
instanceKlass java/util/StringTokenizer
instanceKlass com/mendix/metrics/prometheus/PrometheusMeterRegistryFactory
instanceKlass com/mendix/m2ee/appcontainer/ContextAdminHandler
instanceKlass com/mendix/metrics/otlp/OtlpMeterRegistryFactory
instanceKlass com/mendix/metrics/micrometer/MeterRegistryFactory
instanceKlass java/util/TreeMap$PrivateEntryIterator
instanceKlass  @bci com/mendix/container/componentregistry/internal/ClassloaderComponentReader$ readOsgiFiles (Ljava/lang/String;)Lscala/Option; 36 <appendix> argL0 ; # com/mendix/container/componentregistry/internal/ClassloaderComponentReader$$$Lambda+0x00000217d21d63b8
instanceKlass  @bci com/mendix/container/componentregistry/internal/ClassloaderComponentReader$ readOsgiFiles (Ljava/lang/String;)Lscala/Option; 28 <appendix> argL0 ; # com/mendix/container/componentregistry/internal/ClassloaderComponentReader$$$Lambda+0x00000217d21d6000
instanceKlass  @bci com/mendix/container/componentregistry/internal/ClassloaderComponentReader$ readOsgiFiles (Ljava/lang/String;)Lscala/Option; 17 <appendix> argL0 ; # com/mendix/container/componentregistry/internal/ClassloaderComponentReader$$$Lambda+0x00000217d21d3d38
instanceKlass java/io/FileFilter
instanceKlass com/mendix/externalinterface/connector/internal/RequestHandlerComponent
instanceKlass  @bci com/mendix/container/componentregistry/internal/ClassloaderComponentReader$ $anonfun$readComponents$5 (Ljava/net/URL;Lcom/mendix/container/deployment/Runners$Loader;Lcom/mendix/container/logging/Logger;Lscala/Tuple2;)Lscala/collection/IterableOnce; 32 <appendix> argL0 ; # com/mendix/container/componentregistry/internal/ClassloaderComponentReader$$$Lambda+0x00000217d21d3980
instanceKlass  @bci com/mendix/container/componentregistry/internal/ClassloaderComponentReader$ loadComponent (Ljava/net/URL;Lcom/mendix/container/componentregistry/ComponentData;Ljava/lang/ClassLoader;Lcom/mendix/container/logging/Logger;)Lscala/Option; 59 <appendix> member <vmtarget> ; # com/mendix/container/componentregistry/internal/ClassloaderComponentReader$$$Lambda+0x00000217d21d36d0
instanceKlass  @bci com/mendix/container/componentregistry/Component$ $anonfun$load$2 (Ljava/lang/ClassLoader;Lcom/mendix/container/componentregistry/ComponentData;Ljava/lang/Class;)Lscala/util/Try; 6 <appendix> argL0 ; # com/mendix/container/componentregistry/Component$$$Lambda+0x00000217d21d3318
instanceKlass com/mendix/container/componentregistry/Component
instanceKlass  @bci com/mendix/container/componentregistry/Component$ load (Lcom/mendix/container/componentregistry/ComponentData;Ljava/lang/ClassLoader;)Lscala/util/Try; 20 <appendix> member <vmtarget> ; # com/mendix/container/componentregistry/Component$$$Lambda+0x00000217d21d2c48
instanceKlass com/mendix/http/HttpConfiguration
instanceKlass  @bci java/io/FilePermissionCollection add (Ljava/security/Permission;)V 68 <appendix> argL0 ; # java/io/FilePermissionCollection$$Lambda+0x00000217d2079398
instanceKlass sun/security/util/SecurityProperties
instanceKlass sun/security/util/FilePermCompat
instanceKlass java/io/FilePermission$1
instanceKlass jdk/internal/access/JavaIOFilePermissionAccess
instanceKlass java/net/URLClassLoader$1
instanceKlass  @bci com/mendix/container/componentregistry/Component$ load (Lcom/mendix/container/componentregistry/ComponentData;Ljava/lang/ClassLoader;)Lscala/util/Try; 10 <appendix> member <vmtarget> ; # com/mendix/container/componentregistry/Component$$$Lambda+0x00000217d21d2998
instanceKlass scala/util/Try$
instanceKlass com/mendix/container/componentregistry/Component$
instanceKlass  @bci com/mendix/container/componentregistry/internal/ClassloaderComponentReader$ loadComponent (Ljava/net/URL;Lcom/mendix/container/componentregistry/ComponentData;Ljava/lang/ClassLoader;Lcom/mendix/container/logging/Logger;)Lscala/Option; 12 <appendix> member <vmtarget> ; # com/mendix/container/componentregistry/internal/ClassloaderComponentReader$$$Lambda+0x00000217d21d20a8
instanceKlass  @bci com/mendix/container/componentregistry/internal/ClassloaderComponentReader$ $anonfun$readComponents$3 (Ljava/net/URL;Lcom/mendix/container/deployment/Runners$Loader;Lcom/mendix/container/logging/Logger;Lscala/collection/immutable/List;)Lscala/collection/immutable/List; 15 <appendix> member <vmtarget> ; # com/mendix/container/componentregistry/internal/ClassloaderComponentReader$$$Lambda+0x00000217d21d1ce8
instanceKlass  @bci com/mendix/container/componentregistry/internal/ClassloaderComponentReader$ constructorParam$lzycompute$1 (Lscala/runtime/LazyRef;Lscala/xml/Node;)Lscala/Option; 43 <appendix> argL0 ; # com/mendix/container/componentregistry/internal/ClassloaderComponentReader$$$Lambda+0x00000217d21d1930
instanceKlass com/mendix/container/componentregistry/InjectionTypes$ConstructorParameter
instanceKlass  @bci com/mendix/container/componentregistry/internal/ClassloaderComponentReader$ constructorParam$lzycompute$1 (Lscala/runtime/LazyRef;Lscala/xml/Node;)Lscala/Option; 35 <appendix> argL0 ; # com/mendix/container/componentregistry/internal/ClassloaderComponentReader$$$Lambda+0x00000217d21d1318
instanceKlass com/sun/org/apache/xerces/internal/util/EntityResolverWrapper
instanceKlass  @bci com/mendix/container/componentregistry/internal/ClassloaderComponentReader$ unmarshall (Ljava/lang/ClassLoader;Ljava/io/InputStream;Lcom/mendix/container/logging/Logger;)Lcom/mendix/container/componentregistry/ComponentData; 151 <appendix> argL0 ; # com/mendix/container/componentregistry/internal/ClassloaderComponentReader$$$Lambda+0x00000217d21d1070
instanceKlass  @bci com/mendix/container/componentregistry/internal/ClassloaderComponentReader$ unmarshall (Ljava/lang/ClassLoader;Ljava/io/InputStream;Lcom/mendix/container/logging/Logger;)Lcom/mendix/container/componentregistry/ComponentData; 143 <appendix> argL0 ; # com/mendix/container/componentregistry/internal/ClassloaderComponentReader$$$Lambda+0x00000217d21d0cb8
instanceKlass  @bci com/mendix/container/componentregistry/internal/ClassloaderComponentReader$ unmarshall (Ljava/lang/ClassLoader;Ljava/io/InputStream;Lcom/mendix/container/logging/Logger;)Lcom/mendix/container/componentregistry/ComponentData; 129 <appendix> argL0 ; # com/mendix/container/componentregistry/internal/ClassloaderComponentReader$$$Lambda+0x00000217d21d0900
instanceKlass  @bci com/mendix/container/componentregistry/internal/ClassloaderComponentReader$ $anonfun$unmarshall$3 (Lcom/mendix/container/logging/Logger;Ljava/lang/ClassLoader;Lscala/xml/Node;)Lcom/mendix/container/componentregistry/DependencyInfo; 98 <appendix> argL0 ; # com/mendix/container/componentregistry/internal/ClassloaderComponentReader$$$Lambda+0x00000217d21d0548
instanceKlass  @bci com/mendix/container/componentregistry/internal/ClassloaderComponentReader$ $anonfun$unmarshall$3 (Lcom/mendix/container/logging/Logger;Ljava/lang/ClassLoader;Lscala/xml/Node;)Lcom/mendix/container/componentregistry/DependencyInfo; 93 <appendix> member <vmtarget> ; # com/mendix/container/componentregistry/internal/ClassloaderComponentReader$$$Lambda+0x00000217d21d0298
instanceKlass com/mendix/container/componentregistry/InjectionTypes$Invalid$
instanceKlass  @bci com/mendix/container/componentregistry/internal/ClassloaderComponentReader$ $anonfun$unmarshall$3 (Lcom/mendix/container/logging/Logger;Ljava/lang/ClassLoader;Lscala/xml/Node;)Lcom/mendix/container/componentregistry/DependencyInfo; 82 <appendix> member <vmtarget> ; # com/mendix/container/componentregistry/internal/ClassloaderComponentReader$$$Lambda+0x00000217d21acc00
instanceKlass  @bci com/mendix/container/componentregistry/internal/ClassloaderComponentReader$ $anonfun$unmarshall$3 (Lcom/mendix/container/logging/Logger;Ljava/lang/ClassLoader;Lscala/xml/Node;)Lcom/mendix/container/componentregistry/DependencyInfo; 71 <appendix> member <vmtarget> ; # com/mendix/container/componentregistry/internal/ClassloaderComponentReader$$$Lambda+0x00000217d21cfce0
instanceKlass  @bci com/mendix/container/componentregistry/internal/ClassloaderComponentReader$ methodBind$lzycompute$1 (Lscala/runtime/LazyRef;Lscala/xml/Node;)Lscala/Option; 43 <appendix> argL0 ; # com/mendix/container/componentregistry/internal/ClassloaderComponentReader$$$Lambda+0x00000217d21cf928
instanceKlass com/mendix/container/componentregistry/InjectionTypes$MethodBind
instanceKlass com/mendix/container/componentregistry/InjectionTypes$InjectionType
instanceKlass  @bci com/mendix/container/componentregistry/internal/ClassloaderComponentReader$ methodBind$lzycompute$1 (Lscala/runtime/LazyRef;Lscala/xml/Node;)Lscala/Option; 35 <appendix> argL0 ; # com/mendix/container/componentregistry/internal/ClassloaderComponentReader$$$Lambda+0x00000217d21cf118
instanceKlass  @bci com/mendix/container/componentregistry/internal/ClassloaderComponentReader$ unmarshall (Ljava/lang/ClassLoader;Ljava/io/InputStream;Lcom/mendix/container/logging/Logger;)Lcom/mendix/container/componentregistry/ComponentData; 110 <appendix> member <vmtarget> ; # com/mendix/container/componentregistry/internal/ClassloaderComponentReader$$$Lambda+0x00000217d21ced58
instanceKlass com/mendix/container/componentregistry/DependencyInfo
instanceKlass  @bci com/mendix/container/componentregistry/internal/ClassloaderComponentReader$ unmarshall (Ljava/lang/ClassLoader;Ljava/io/InputStream;Lcom/mendix/container/logging/Logger;)Lcom/mendix/container/componentregistry/ComponentData; 87 <appendix> argL0 ; # com/mendix/container/componentregistry/internal/ClassloaderComponentReader$$$Lambda+0x00000217d21ce770
instanceKlass  @bci com/mendix/container/componentregistry/internal/ClassloaderComponentReader$ unmarshall (Ljava/lang/ClassLoader;Ljava/io/InputStream;Lcom/mendix/container/logging/Logger;)Lcom/mendix/container/componentregistry/ComponentData; 60 <appendix> argL0 ; # com/mendix/container/componentregistry/internal/ClassloaderComponentReader$$$Lambda+0x00000217d21ce3b8
instanceKlass  @bci com/mendix/container/componentregistry/internal/ClassloaderComponentReader$ asOption (Lscala/xml/NodeSeq;)Lscala/Option; 7 <appendix> argL0 ; # com/mendix/container/componentregistry/internal/ClassloaderComponentReader$$$Lambda+0x00000217d21ce000
instanceKlass scala/collection/mutable/Builder$$anon$1
instanceKlass  @bci scala/xml/NodeSeq$ newBuilder ()Lscala/collection/mutable/Builder; 7 <appendix> argL0 ; # scala/xml/NodeSeq$$$Lambda+0x00000217d21ccfe8
instanceKlass  @bci scala/xml/NodeSeq makeSeq$1 (Lscala/Function1;)Lscala/xml/NodeSeq; 4 <appendix> argL0 ; # scala/xml/NodeSeq$$Lambda+0x00000217d21cc138
instanceKlass  @bci scala/xml/NodeSeq $bslash (Ljava/lang/String;)Lscala/xml/NodeSeq; 145 <appendix> member <vmtarget> ; # scala/xml/NodeSeq$$Lambda+0x00000217d21cbd78
instanceKlass  @bci com/mendix/container/componentregistry/internal/ClassloaderComponentReader$ asOption (Ljava/lang/String;)Lscala/Option; 7 <appendix> argL0 ; # com/mendix/container/componentregistry/internal/ClassloaderComponentReader$$$Lambda+0x00000217d21cb9c0
instanceKlass  @bci scala/xml/NodeSeq text ()Ljava/lang/String; 1 <appendix> argL0 ; # scala/xml/NodeSeq$$Lambda+0x00000217d21cb608
instanceKlass scala/xml/NodeSeq$
instanceKlass scala/runtime/LazyRef
instanceKlass  @bci scala/xml/parsing/FactoryAdapter endDocument ()V 80 <appendix> argL0 ; # scala/xml/parsing/FactoryAdapter$$Lambda+0x00000217d21c9768
instanceKlass scala/xml/dtd/DTD
instanceKlass scala/xml/parsing/DtdBuilder
instanceKlass scala/xml/MetaData$
instanceKlass scala/xml/Elem$
instanceKlass  @bci scala/xml/parsing/FactoryAdapter endElement (Ljava/lang/String;Ljava/lang/String;Ljava/lang/String;)V 52 <appendix> argL0 ; # scala/xml/parsing/FactoryAdapter$$Lambda+0x00000217d21c1b58
instanceKlass  @bci scala/xml/parsing/FactoryAdapter endElement (Ljava/lang/String;Ljava/lang/String;Ljava/lang/String;)V 34 <appendix> argL0 ; # scala/xml/parsing/FactoryAdapter$$Lambda+0x00000217d21c17a0
instanceKlass  @bci scala/xml/parsing/FactoryAdapter startElement (Ljava/lang/String;Ljava/lang/String;Ljava/lang/String;Lorg/xml/sax/Attributes;)V 188 <appendix> member <vmtarget> ; # scala/xml/parsing/FactoryAdapter$$Lambda+0x00000217d21bfb00
instanceKlass  @bci scala/xml/parsing/FactoryAdapter startElement (Ljava/lang/String;Ljava/lang/String;Ljava/lang/String;Lorg/xml/sax/Attributes;)V 178 <appendix> argL0 ; # scala/xml/parsing/FactoryAdapter$$Lambda+0x00000217d21bf748
instanceKlass scala/xml/Text$
instanceKlass scala/xml/Attribute
instanceKlass scala/xml/Attribute$
instanceKlass  @bci scala/xml/parsing/FactoryAdapter startElement (Ljava/lang/String;Ljava/lang/String;Ljava/lang/String;Lorg/xml/sax/Attributes;)V 166 <appendix> member <vmtarget> ; # scala/xml/parsing/FactoryAdapter$$Lambda+0x00000217d21be108
instanceKlass  @cpi scala/xml/parsing/FactoryAdapter 748 form vmentry <vmtarget> ; # java/lang/invoke/LambdaForm$DMH+0x00000217d21ac800
instanceKlass sun/invoke/util/VerifyAccess$1
instanceKlass scala/runtime/java8/JFunction1$mcVI$sp
instanceKlass scala/math/Ordering$CachedReverse
instanceKlass scala/runtime/ObjectRef
instanceKlass scala/collection/mutable/Set
instanceKlass scala/collection/mutable/SetOps
instanceKlass scala/xml/Utility$
instanceKlass scala/xml/parsing/TokenTests
instanceKlass com/sun/org/apache/xerces/internal/impl/Constants$ArrayEnumeration
instanceKlass com/sun/org/apache/xerces/internal/impl/Constants
instanceKlass com/sun/org/apache/xerces/internal/parsers/AbstractSAXParser$LocatorProxy
instanceKlass org/xml/sax/ext/Locator2
instanceKlass org/xml/sax/Locator
instanceKlass com/sun/org/apache/xerces/internal/util/XMLSymbols
instanceKlass com/sun/org/apache/xerces/internal/util/XMLChar
instanceKlass com/sun/xml/internal/stream/Entity
instanceKlass com/sun/xml/internal/stream/util/BufferAllocator
instanceKlass com/sun/xml/internal/stream/util/ThreadLocalBufferAllocator
instanceKlass com/sun/org/apache/xerces/internal/impl/XMLEntityManager$EncodingInfo
instanceKlass com/sun/org/apache/xerces/internal/utils/XMLLimitAnalyzer
instanceKlass com/sun/org/apache/xerces/internal/xni/parser/XMLInputSource
instanceKlass com/sun/org/apache/xerces/internal/util/ErrorHandlerWrapper
instanceKlass com/sun/org/apache/xerces/internal/xni/parser/XMLErrorHandler
instanceKlass com/sun/org/apache/xerces/internal/util/EntityResolver2Wrapper
instanceKlass com/sun/org/apache/xerces/internal/impl/ExternalSubsetResolver
instanceKlass com/sun/org/apache/xerces/internal/parsers/AbstractSAXParser$AttributesProxy
instanceKlass org/xml/sax/ext/Attributes2
instanceKlass org/xml/sax/Attributes
instanceKlass org/xml/sax/AttributeList
instanceKlass com/sun/org/apache/xerces/internal/util/FeatureState
instanceKlass com/sun/org/apache/xerces/internal/util/PropertyState
instanceKlass com/sun/org/apache/xerces/internal/impl/msg/XMLMessageFormatter
instanceKlass com/sun/org/apache/xerces/internal/util/MessageFormatter
instanceKlass com/sun/org/apache/xerces/internal/impl/XMLVersionDetector
instanceKlass com/sun/org/apache/xerces/internal/impl/validation/ValidationManager
instanceKlass com/sun/org/apache/xerces/internal/impl/dv/dtd/NMTOKENDatatypeValidator
instanceKlass com/sun/org/apache/xerces/internal/impl/dv/dtd/NOTATIONDatatypeValidator
instanceKlass com/sun/org/apache/xerces/internal/impl/dv/dtd/ENTITYDatatypeValidator
instanceKlass com/sun/org/apache/xerces/internal/impl/dv/dtd/ListDatatypeValidator
instanceKlass com/sun/org/apache/xerces/internal/impl/dv/dtd/IDREFDatatypeValidator
instanceKlass com/sun/org/apache/xerces/internal/impl/dv/dtd/IDDatatypeValidator
instanceKlass com/sun/org/apache/xerces/internal/impl/dv/dtd/StringDatatypeValidator
instanceKlass com/sun/org/apache/xerces/internal/impl/dv/DatatypeValidator
instanceKlass com/sun/org/apache/xerces/internal/impl/dv/DTDDVFactory
instanceKlass com/sun/org/apache/xerces/internal/impl/dtd/DTDGrammarBucket
instanceKlass com/sun/org/apache/xerces/internal/impl/dtd/XMLAttributeDecl
instanceKlass com/sun/org/apache/xerces/internal/impl/dtd/XMLSimpleType
instanceKlass com/sun/org/apache/xerces/internal/impl/dtd/XMLElementDecl
instanceKlass com/sun/org/apache/xerces/internal/impl/validation/ValidationState
instanceKlass com/sun/org/apache/xerces/internal/impl/dv/ValidationContext
instanceKlass com/sun/org/apache/xerces/internal/impl/dtd/XMLDTDValidator
instanceKlass com/sun/org/apache/xerces/internal/impl/RevalidationHandler
instanceKlass com/sun/org/apache/xerces/internal/impl/dtd/XMLDTDValidatorFilter
instanceKlass com/sun/org/apache/xerces/internal/xni/parser/XMLDocumentFilter
instanceKlass com/sun/org/apache/xerces/internal/impl/dtd/XMLEntityDecl
instanceKlass com/sun/org/apache/xerces/internal/impl/dtd/XMLDTDProcessor
instanceKlass com/sun/org/apache/xerces/internal/xni/parser/XMLDTDContentModelFilter
instanceKlass com/sun/org/apache/xerces/internal/xni/parser/XMLDTDFilter
instanceKlass com/sun/org/apache/xerces/internal/xni/parser/XMLDTDScanner
instanceKlass com/sun/org/apache/xerces/internal/xni/parser/XMLDTDContentModelSource
instanceKlass com/sun/org/apache/xerces/internal/xni/parser/XMLDTDSource
instanceKlass com/sun/org/apache/xerces/internal/xni/grammars/XMLDTDDescription
instanceKlass com/sun/org/apache/xerces/internal/xni/grammars/XMLGrammarDescription
instanceKlass com/sun/org/apache/xerces/internal/impl/XMLDocumentScannerImpl$TrailingMiscDriver
instanceKlass com/sun/org/apache/xerces/internal/impl/XMLDocumentScannerImpl$PrologDriver
instanceKlass com/sun/org/apache/xerces/internal/impl/XMLDocumentScannerImpl$XMLDeclDriver
instanceKlass com/sun/org/apache/xerces/internal/util/NamespaceSupport
instanceKlass com/sun/org/apache/xerces/internal/xni/NamespaceContext
instanceKlass com/sun/org/apache/xerces/internal/util/XMLAttributesImpl$Attribute
instanceKlass com/sun/org/apache/xerces/internal/util/XMLAttributesImpl
instanceKlass com/sun/org/apache/xerces/internal/xni/XMLAttributes
instanceKlass com/sun/org/apache/xerces/internal/impl/XMLDocumentFragmentScannerImpl$FragmentContentDriver
instanceKlass com/sun/org/apache/xerces/internal/impl/XMLDocumentFragmentScannerImpl$Driver
instanceKlass com/sun/org/apache/xerces/internal/impl/XMLDocumentFragmentScannerImpl$ElementStack2
instanceKlass com/sun/org/apache/xerces/internal/xni/QName
instanceKlass com/sun/org/apache/xerces/internal/impl/XMLDocumentFragmentScannerImpl$ElementStack
instanceKlass com/sun/org/apache/xerces/internal/xni/XMLString
instanceKlass com/sun/org/apache/xerces/internal/impl/XMLScanner
instanceKlass com/sun/xml/internal/stream/XMLBufferListener
instanceKlass com/sun/org/apache/xerces/internal/impl/XMLEntityHandler
instanceKlass com/sun/org/apache/xerces/internal/xni/parser/XMLDocumentScanner
instanceKlass com/sun/org/apache/xerces/internal/xni/parser/XMLDocumentSource
instanceKlass com/sun/org/apache/xerces/internal/impl/XMLErrorReporter
instanceKlass com/sun/org/apache/xerces/internal/impl/XMLEntityScanner
instanceKlass com/sun/org/apache/xerces/internal/xni/XMLLocator
instanceKlass com/sun/xml/internal/stream/XMLEntityStorage
instanceKlass com/sun/org/apache/xerces/internal/util/AugmentationsImpl$AugmentationsItemsContainer
instanceKlass com/sun/org/apache/xerces/internal/util/AugmentationsImpl
instanceKlass com/sun/org/apache/xerces/internal/xni/Augmentations
instanceKlass com/sun/org/apache/xerces/internal/util/XMLResourceIdentifierImpl
instanceKlass com/sun/org/apache/xerces/internal/xni/XMLResourceIdentifier
instanceKlass com/sun/org/apache/xerces/internal/impl/XMLEntityManager
instanceKlass com/sun/org/apache/xerces/internal/xni/parser/XMLEntityResolver
instanceKlass com/sun/org/apache/xerces/internal/xni/parser/XMLComponent
instanceKlass com/sun/org/apache/xerces/internal/util/SymbolTable$Entry
instanceKlass com/sun/org/apache/xerces/internal/util/SymbolTable
instanceKlass jdk/xml/internal/JdkConstants
instanceKlass jdk/xml/internal/JdkXmlUtils
instanceKlass com/sun/org/apache/xerces/internal/util/ParserConfigurationSettings
instanceKlass com/sun/org/apache/xerces/internal/parsers/XML11Configurable
instanceKlass com/sun/org/apache/xerces/internal/xni/parser/XMLPullParserConfiguration
instanceKlass com/sun/org/apache/xerces/internal/xni/parser/XMLParserConfiguration
instanceKlass com/sun/org/apache/xerces/internal/xni/parser/XMLComponentManager
instanceKlass com/sun/org/apache/xerces/internal/parsers/XMLParser
instanceKlass com/sun/org/apache/xerces/internal/xni/XMLDTDContentModelHandler
instanceKlass com/sun/org/apache/xerces/internal/xni/XMLDTDHandler
instanceKlass com/sun/org/apache/xerces/internal/xni/XMLDocumentHandler
instanceKlass org/xml/sax/XMLReader
instanceKlass org/xml/sax/Parser
instanceKlass com/sun/org/apache/xerces/internal/utils/XMLSecurityPropertyManager
instanceKlass com/sun/org/apache/xerces/internal/utils/XMLSecurityManager
instanceKlass javax/xml/parsers/SAXParser
instanceKlass com/sun/org/apache/xerces/internal/xs/PSVIProvider
instanceKlass com/sun/org/apache/xerces/internal/jaxp/JAXPConstants
instanceKlass  @bci javax/xml/parsers/FactoryFinder newInstance (Ljava/lang/Class;Ljava/lang/String;Ljava/lang/ClassLoader;ZZ)Ljava/lang/Object; 104 <appendix> member <vmtarget> ; # javax/xml/parsers/FactoryFinder$$Lambda+0x00000217d205fa60
instanceKlass  @bci jdk/xml/internal/SecuritySupport getContextClassLoader ()Ljava/lang/ClassLoader; 0 <appendix> argL0 ; # jdk/xml/internal/SecuritySupport$$Lambda+0x00000217d205f5f8
instanceKlass  @bci javax/xml/parsers/FactoryFinder find (Ljava/lang/Class;Ljava/lang/String;)Ljava/lang/Object; 104 <appendix> member <vmtarget> ; # javax/xml/parsers/FactoryFinder$$Lambda+0x00000217d205f3e0
instanceKlass jdk/internal/loader/URLClassPath$1
instanceKlass java/lang/CompoundEnumeration
instanceKlass jdk/internal/loader/BuiltinClassLoader$1
instanceKlass java/util/Collections$EmptyEnumeration
instanceKlass java/util/ServiceLoader$3
instanceKlass java/util/ServiceLoader$2
instanceKlass java/util/ServiceLoader$LazyClassPathLookupIterator
instanceKlass java/util/Spliterators$1Adapter
instanceKlass java/util/function/Consumer
# instanceKlass java/lang/invoke/LambdaForm$MH+0x00000217d21ac400
instanceKlass sun/reflect/annotation/AnnotationParser
instanceKlass java/lang/Class$3
instanceKlass java/util/EnumMap$1
instanceKlass java/util/stream/StreamOpFlag$MaskBuilder
instanceKlass java/util/stream/Stream
instanceKlass java/util/stream/BaseStream
instanceKlass java/util/stream/PipelineHelper
instanceKlass java/util/stream/StreamSupport
instanceKlass java/util/Spliterators$ArraySpliterator
instanceKlass java/util/Spliterator$OfDouble
instanceKlass java/util/Spliterator$OfLong
instanceKlass java/util/Spliterator$OfInt
instanceKlass java/util/Spliterator$OfPrimitive
instanceKlass java/util/Spliterator
instanceKlass java/util/Spliterators$EmptySpliterator
instanceKlass java/util/Spliterators
instanceKlass java/util/ServiceLoader$ModuleServicesLookupIterator
instanceKlass java/util/ServiceLoader
instanceKlass javax/xml/parsers/FactoryFinder$1
instanceKlass  @bci jdk/xml/internal/SecuritySupport getFileInputStream (Ljava/io/File;)Ljava/io/FileInputStream; 1 <appendix> member <vmtarget> ; # jdk/xml/internal/SecuritySupport$$Lambda+0x00000217d205edc0
instanceKlass  @bci jdk/xml/internal/SecuritySupport doesFileExist (Ljava/io/File;)Z 1 <appendix> member <vmtarget> ; # jdk/xml/internal/SecuritySupport$$Lambda+0x00000217d205eba8
instanceKlass  @bci javax/xml/parsers/FactoryFinder find (Ljava/lang/Class;Ljava/lang/String;)Ljava/lang/Object; 6 <appendix> member <vmtarget> ; # javax/xml/parsers/FactoryFinder$$Lambda+0x00000217d205e990
instanceKlass  @bci jdk/xml/internal/SecuritySupport getSystemProperty (Ljava/lang/String;)Ljava/lang/String; 1 <appendix> member <vmtarget> ; # jdk/xml/internal/SecuritySupport$$Lambda+0x00000217d205e778
instanceKlass jdk/xml/internal/SecuritySupport
instanceKlass javax/xml/parsers/FactoryFinder
instanceKlass javax/xml/parsers/SAXParserFactory
instanceKlass scala/xml/ScalaVersionSpecificNodeSeq
instanceKlass scala/xml/NamespaceBinding
instanceKlass scala/xml/Equality
instanceKlass org/xml/sax/InputSource
instanceKlass java/io/Reader
instanceKlass scala/xml/Source$
instanceKlass java/nio/channels/WritableByteChannel
instanceKlass java/nio/channels/Channel
instanceKlass scala/xml/factory/NodeFactory
instanceKlass org/xml/sax/helpers/DefaultHandler
instanceKlass org/xml/sax/ErrorHandler
instanceKlass org/xml/sax/ContentHandler
instanceKlass org/xml/sax/DTDHandler
instanceKlass org/xml/sax/ext/EntityResolver2
instanceKlass org/xml/sax/EntityResolver
instanceKlass org/xml/sax/ext/DeclHandler
instanceKlass org/xml/sax/ext/LexicalHandler
instanceKlass scala/xml/XML$
instanceKlass scala/xml/factory/XMLLoader
instanceKlass  @bci com/mendix/container/componentregistry/internal/ClassloaderComponentReader$ $anonfun$parseOsgiComponentXml$2 (Ljava/lang/String;Ljava/lang/ClassLoader;Lcom/mendix/container/logging/Logger;Ljava/util/jar/JarFile;)Lcom/mendix/container/componentregistry/ComponentData; 14 <appendix> member <vmtarget> ; # com/mendix/container/componentregistry/internal/ClassloaderComponentReader$$$Lambda+0x00000217d21ae3c0
instanceKlass  @bci com/mendix/container/componentregistry/internal/ClassloaderComponentReader$ parseOsgiComponentXml (Ljava/net/URL;Ljava/lang/String;Ljava/lang/ClassLoader;Lcom/mendix/container/logging/Logger;)Lcom/mendix/container/componentregistry/ComponentData; 48 <appendix> member <vmtarget> ; # com/mendix/container/componentregistry/internal/ClassloaderComponentReader$$$Lambda+0x00000217d21ae000
instanceKlass com/mendix/container/componentregistry/ComponentData
instanceKlass  @bci com/mendix/container/componentregistry/internal/ClassloaderComponentReader$ parseOsgiComponentXml (Ljava/net/URL;Ljava/lang/String;Ljava/lang/ClassLoader;Lcom/mendix/container/logging/Logger;)Lcom/mendix/container/componentregistry/ComponentData; 3 <appendix> member <vmtarget> ; # com/mendix/container/componentregistry/internal/ClassloaderComponentReader$$$Lambda+0x00000217d21ab7a0
instanceKlass  @bci com/mendix/container/componentregistry/internal/ClassloaderComponentReader$ $anonfun$readComponents$3 (Ljava/net/URL;Lcom/mendix/container/deployment/Runners$Loader;Lcom/mendix/container/logging/Logger;Lscala/collection/immutable/List;)Lscala/collection/immutable/List; 4 <appendix> member <vmtarget> ; # com/mendix/container/componentregistry/internal/ClassloaderComponentReader$$$Lambda+0x00000217d21ab3e0
instanceKlass  @bci com/mendix/container/componentregistry/internal/ClassloaderComponentReader$ $anonfun$readManifestAttribute$12 (Ljava/util/jar/JarFile;Ljava/lang/String;)Lscala/util/Either; 25 <appendix> member <vmtarget> ; # com/mendix/container/componentregistry/internal/ClassloaderComponentReader$$$Lambda+0x00000217d21ab020
instanceKlass  @bci com/mendix/container/componentregistry/internal/ClassloaderComponentReader$ $anonfun$readManifestAttribute$12 (Ljava/util/jar/JarFile;Ljava/lang/String;)Lscala/util/Either; 16 <appendix> member <vmtarget> ; # com/mendix/container/componentregistry/internal/ClassloaderComponentReader$$$Lambda+0x00000217d21aad50
instanceKlass  @cpi scala/io/Source$ 171 form vmentry <vmtarget> ; # java/lang/invoke/LambdaForm$DMH+0x00000217d21ac000
instanceKlass scala/runtime/java8/JFunction0$mcV$sp
instanceKlass  @bci com/mendix/container/componentregistry/internal/ClassloaderComponentReader$ $anonfun$readComponents$2 (Lcom/mendix/container/componentregistry/internal/ClassloaderComponentReader$;Lcom/mendix/container/deployment/Runners$Loader;Lcom/mendix/container/logging/Logger;Ljava/net/URL;)Lscala/collection/immutable/List; 12 <appendix> member <vmtarget> ; # com/mendix/container/componentregistry/internal/ClassloaderComponentReader$$$Lambda+0x00000217d21aa7a0
instanceKlass  @bci com/mendix/container/componentregistry/internal/ClassloaderComponentReader$ findComponents$1 (Ljava/net/URL;Lcom/mendix/container/logging/Logger;)Lscala/Option; 24 <appendix> argL0 ; # com/mendix/container/componentregistry/internal/ClassloaderComponentReader$$$Lambda+0x00000217d21aa3e8
instanceKlass  @bci com/mendix/container/componentregistry/internal/ClassloaderComponentReader$ readManifestAttribute (Ljava/lang/String;Ljava/net/URL;Lcom/mendix/container/logging/Logger;)Lscala/Option; 245 <appendix> member <vmtarget> ; # com/mendix/container/componentregistry/internal/ClassloaderComponentReader$$$Lambda+0x00000217d21aa138
instanceKlass  @bci com/mendix/container/componentregistry/internal/ClassloaderComponentReader$ getCause$1 (Ljava/lang/Throwable;)Ljava/lang/Throwable; 16 <appendix> argL0 ; # com/mendix/container/componentregistry/internal/ClassloaderComponentReader$$$Lambda+0x00000217d21a9d80
instanceKlass  @bci com/mendix/container/componentregistry/internal/ClassloaderComponentReader$ getCause$1 (Ljava/lang/Throwable;)Ljava/lang/Throwable; 11 <appendix> member <vmtarget> ; # com/mendix/container/componentregistry/internal/ClassloaderComponentReader$$$Lambda+0x00000217d21a9ad0
instanceKlass  @bci com/mendix/container/componentregistry/internal/ClassloaderComponentReader$ $anonfun$readManifestAttribute$10 (Ljava/lang/String;Ljava/util/jar/JarFile;Lscala/Tuple2;)Lscala/util/Either; 45 <appendix> member <vmtarget> ; # com/mendix/container/componentregistry/internal/ClassloaderComponentReader$$$Lambda+0x00000217d21a9710
instanceKlass  @bci com/mendix/container/componentregistry/internal/ClassloaderComponentReader$ $anonfun$readManifestAttribute$10 (Ljava/lang/String;Ljava/util/jar/JarFile;Lscala/Tuple2;)Lscala/util/Either; 36 <appendix> member <vmtarget> ; # com/mendix/container/componentregistry/internal/ClassloaderComponentReader$$$Lambda+0x00000217d21a9460
instanceKlass  @bci com/mendix/container/componentregistry/internal/ClassloaderComponentReader$ $anonfun$readManifestAttribute$6 (Ljava/lang/String;Ljava/util/jar/JarFile;)Lscala/util/Either; 35 <appendix> member <vmtarget> ; # com/mendix/container/componentregistry/internal/ClassloaderComponentReader$$$Lambda+0x00000217d21a90a0
instanceKlass  @bci com/mendix/container/componentregistry/internal/ClassloaderComponentReader$ $anonfun$readManifestAttribute$8 (Ljava/lang/String;Ljava/util/jar/Manifest;)Lscala/Tuple2; 8 <appendix> member <vmtarget> ; # com/mendix/container/componentregistry/internal/ClassloaderComponentReader$$$Lambda+0x00000217d21a8ce0
instanceKlass  @bci com/mendix/container/componentregistry/internal/ClassloaderComponentReader$ $anonfun$readManifestAttribute$6 (Ljava/lang/String;Ljava/util/jar/JarFile;)Lscala/util/Either; 25 <appendix> member <vmtarget> ; # com/mendix/container/componentregistry/internal/ClassloaderComponentReader$$$Lambda+0x00000217d21a8920
instanceKlass  @bci com/mendix/container/componentregistry/internal/ClassloaderComponentReader$ $anonfun$readManifestAttribute$6 (Ljava/lang/String;Ljava/util/jar/JarFile;)Lscala/util/Either; 16 <appendix> member <vmtarget> ; # com/mendix/container/componentregistry/internal/ClassloaderComponentReader$$$Lambda+0x00000217d21a8670
instanceKlass  @bci com/mendix/container/componentregistry/internal/ClassloaderComponentReader$ $anonfun$readManifestAttribute$4 (Ljava/lang/String;Ljava/io/File;)Lscala/util/Either; 25 <appendix> member <vmtarget> ; # com/mendix/container/componentregistry/internal/ClassloaderComponentReader$$$Lambda+0x00000217d21a82b0
instanceKlass  @bci com/mendix/container/componentregistry/internal/ClassloaderComponentReader$ $anonfun$readManifestAttribute$4 (Ljava/lang/String;Ljava/io/File;)Lscala/util/Either; 16 <appendix> member <vmtarget> ; # com/mendix/container/componentregistry/internal/ClassloaderComponentReader$$$Lambda+0x00000217d21a8000
instanceKlass  @bci com/mendix/container/componentregistry/internal/ClassloaderComponentReader$ readManifestAttribute (Ljava/lang/String;Ljava/net/URL;Lcom/mendix/container/logging/Logger;)Lscala/Option; 100 <appendix> member <vmtarget> ; # com/mendix/container/componentregistry/internal/ClassloaderComponentReader$$$Lambda+0x00000217d21a5c00
instanceKlass  @bci com/mendix/container/componentregistry/internal/ClassloaderComponentReader$ readManifestAttribute (Ljava/lang/String;Ljava/net/URL;Lcom/mendix/container/logging/Logger;)Lscala/Option; 87 <appendix> argL0 ; # com/mendix/container/componentregistry/internal/ClassloaderComponentReader$$$Lambda+0x00000217d21a7bd0
instanceKlass  @bci com/mendix/container/componentregistry/internal/ClassloaderComponentReader$ readManifestAttribute (Ljava/lang/String;Ljava/net/URL;Lcom/mendix/container/logging/Logger;)Lscala/Option; 82 <appendix> member <vmtarget> ; # com/mendix/container/componentregistry/internal/ClassloaderComponentReader$$$Lambda+0x00000217d21a7920
instanceKlass  @bci com/mendix/container/componentregistry/internal/ClassloaderComponentReader$ urlToFile ()Lscala/Function1; 0 <appendix> argL0 ; # com/mendix/container/componentregistry/internal/ClassloaderComponentReader$$$Lambda+0x00000217d21a7568
instanceKlass  @bci com/mendix/container/componentregistry/internal/ClassloaderComponentReader$ readManifestAttribute (Ljava/lang/String;Ljava/net/URL;Lcom/mendix/container/logging/Logger;)Lscala/Option; 15 <appendix> member <vmtarget> ; # com/mendix/container/componentregistry/internal/ClassloaderComponentReader$$$Lambda+0x00000217d21a72b8
instanceKlass  @bci com/mendix/container/componentregistry/internal/ClassloaderComponentReader$ readComponents (Lcom/mendix/container/deployment/Runners$Loader;Lcom/mendix/container/logging/Logger;)Lscala/collection/immutable/List; 19 <appendix> member <vmtarget> ; # com/mendix/container/componentregistry/internal/ClassloaderComponentReader$$$Lambda+0x00000217d21a6ef8
instanceKlass  @bci com/mendix/container/componentregistry/internal/ClassloaderComponentReader$ $anonfun$read$1 (Lcom/mendix/container/logging/Logger;Lscala/Tuple2;)Lscala/Tuple2; 47 <appendix> member <vmtarget> ; # com/mendix/container/componentregistry/internal/ClassloaderComponentReader$$$Lambda+0x00000217d21a6b38
instanceKlass  @bci com/mendix/container/componentregistry/internal/ClassloaderComponentReader$ read (Lcats/free/Free;Lcom/mendix/container/logging/Logger;)Lscala/util/Either; 6 <appendix> member <vmtarget> ; # com/mendix/container/componentregistry/internal/ClassloaderComponentReader$$$Lambda+0x00000217d21a6778
instanceKlass  @bci com/mendix/container/componentregistry/internal/ClassloaderComponentReader$ buildHierarchy (Lcats/free/Free;)Lscala/util/Either; 16 <appendix> argL0 ; # com/mendix/container/componentregistry/internal/ClassloaderComponentReader$$$Lambda+0x00000217d21a63c0
instanceKlass  @bci com/mendix/container/deployment/Runners$ runClassloadersHierarchyBuilder (Lcats/free/Free;)Lscala/util/Either; 109 <appendix> member <vmtarget> ; # com/mendix/container/deployment/Runners$$$Lambda+0x00000217d21a6000
instanceKlass  @bci com/mendix/container/deployment/Runners$ runClassloadersHierarchyBuilder (Lcats/free/Free;)Lscala/util/Either; 96 <appendix> argL0 ; # com/mendix/container/deployment/Runners$$$Lambda+0x00000217d21a3c18
instanceKlass cats/syntax/EitherObjectOps$
instanceKlass  @bci com/mendix/container/deployment/Runners$ runClassloadersHierarchyBuilder (Lcats/free/Free;)Lscala/util/Either; 69 <appendix> argL0 ; # com/mendix/container/deployment/Runners$$$Lambda+0x00000217d21a3668
instanceKlass com/mendix/container/deployment/Dsl$Roots$HeadlessRoot$
instanceKlass  @bci com/mendix/container/deployment/Runners$ runClassloadersHierarchyBuilder (Lcats/free/Free;)Lscala/util/Either; 59 <appendix> argL0 ; # com/mendix/container/deployment/Runners$$$Lambda+0x00000217d21a26b8
instanceKlass  @bci cats/free/Free map (Lscala/Function1;)Lcats/free/Free; 2 <appendix> member <vmtarget> ; # cats/free/Free$$Lambda+0x00000217d21a22f8
instanceKlass  @bci com/mendix/container/deployment/Model$ $anonfun$project$5 (Lcom/mendix/container/deployment/Dsl$Component;Ljava/lang/String;Ljava/lang/String;)Lcats/free/Free; 8 <appendix> argL0 ; # com/mendix/container/deployment/Model$$$Lambda+0x00000217d21a1f40
instanceKlass scala/collection/immutable/MapNode$
instanceKlass scala/collection/immutable/HashMap$
instanceKlass  @bci com/mendix/container/deployment/internal/Interpreters$ClassLoaders$ apply (Lcom/mendix/container/deployment/Dsl$DeploymentModelA;)Lcats/data/IndexedStateT; 383 <appendix> argL0 ; # com/mendix/container/deployment/internal/Interpreters$ClassLoaders$$$Lambda+0x00000217d21a1760
instanceKlass  @bci com/mendix/container/deployment/Model$ $anonfun$project$4 (Lcom/mendix/container/deployment/Dsl$Component;Lcom/mendix/container/deployment/Dsl$Component;Ljava/lang/String;)Lcats/free/Free; 7 <appendix> member <vmtarget> ; # com/mendix/container/deployment/Model$$$Lambda+0x00000217d21a13a0
instanceKlass sun/nio/fs/WindowsSecurityDescriptor
instanceKlass sun/security/provider/AbstractDrbg$NonceProvider
instanceKlass  @bci sun/security/provider/AbstractDrbg$SeederHolder <clinit> ()V 42 <appendix> member <vmtarget> ; # sun/security/provider/AbstractDrbg$SeederHolder$$Lambda+0x00000217d205ac78
instanceKlass  @cpi sun/security/provider/AbstractDrbg$SeederHolder 91 form vmentry <vmtarget> ; # java/lang/invoke/LambdaForm$DMH+0x00000217d21a5800
# instanceKlass java/lang/invoke/LambdaForm$DMH+0x00000217d21a5400
instanceKlass sun/nio/fs/BasicFileAttributesHolder
instanceKlass sun/nio/fs/WindowsDirectoryStream$WindowsDirectoryIterator
instanceKlass sun/nio/fs/WindowsDirectoryStream
instanceKlass java/nio/file/DirectoryStream
instanceKlass java/nio/file/Files$AcceptAllFilter
instanceKlass java/nio/file/DirectoryStream$Filter
instanceKlass java/net/NetworkInterface$1
instanceKlass java/net/DefaultInterface
instanceKlass java/net/Inet6Address$Inet6AddressHolder
instanceKlass java/net/InetAddress$PlatformResolver
instanceKlass java/net/spi/InetAddressResolver
instanceKlass java/net/spi/InetAddressResolver$LookupPolicy
instanceKlass java/net/Inet4AddressImpl
instanceKlass java/net/Inet6AddressImpl
instanceKlass java/net/InetAddressImpl
instanceKlass java/util/concurrent/ConcurrentSkipListMap$Node
instanceKlass java/util/concurrent/ConcurrentSkipListMap$Index
instanceKlass java/util/concurrent/ConcurrentNavigableMap
instanceKlass java/util/NavigableSet
instanceKlass java/util/SortedSet
instanceKlass java/net/InetAddress$InetAddressHolder
instanceKlass java/net/InetAddress$1
instanceKlass jdk/internal/access/JavaNetInetAddressAccess
instanceKlass java/net/InetAddress
instanceKlass java/net/InterfaceAddress
instanceKlass java/net/NetworkInterface
instanceKlass java/lang/invoke/VarHandle$AccessDescriptor
instanceKlass java/lang/invoke/VarForm
instanceKlass java/lang/invoke/VarHandles
instanceKlass sun/security/provider/ByteArrayAccess$BE
instanceKlass sun/security/provider/ByteArrayAccess
instanceKlass java/util/Collections$UnmodifiableCollection$1
instanceKlass java/util/Collections$UnmodifiableCollection
instanceKlass java/util/Collections$SynchronizedCollection
instanceKlass java/util/Properties$EntrySet
instanceKlass sun/security/provider/SeedGenerator$1
instanceKlass sun/security/util/MessageDigestSpi2
instanceKlass sun/security/jca/GetInstance$Instance
instanceKlass sun/security/jca/GetInstance
instanceKlass java/security/MessageDigestSpi
instanceKlass sun/security/provider/SeedGenerator
instanceKlass sun/security/provider/AbstractDrbg$SeederHolder
instanceKlass java/security/DrbgParameters$NextBytes
instanceKlass  @bci sun/security/provider/AbstractDrbg <clinit> ()V 12 <appendix> argL0 ; # sun/security/provider/AbstractDrbg$$Lambda+0x00000217d2056bf8
instanceKlass  @cpi sun/security/provider/AbstractDrbg 383 form vmentry <vmtarget> ; # java/lang/invoke/LambdaForm$DMH+0x00000217d21a5000
# instanceKlass java/lang/invoke/LambdaForm$DMH+0x00000217d21a4c00
instanceKlass sun/security/provider/EntropySource
instanceKlass sun/security/provider/AbstractDrbg
instanceKlass java/security/DrbgParameters$Instantiation
instanceKlass java/security/DrbgParameters
instanceKlass sun/security/provider/MoreDrbgParameters
instanceKlass  @bci sun/security/provider/DRBG <init> (Ljava/security/SecureRandomParameters;)V 26 <appendix> argL0 ; # sun/security/provider/DRBG$$Lambda+0x00000217d2055738
# instanceKlass java/lang/invoke/LambdaForm$MH+0x00000217d21a4800
instanceKlass jdk/internal/reflect/MethodHandleAccessorFactory$LazyStaticHolder
instanceKlass java/security/SecureRandomSpi
instanceKlass jdk/internal/event/Event
instanceKlass java/util/Collections$EmptyIterator
instanceKlass java/util/LinkedHashMap$LinkedHashIterator
instanceKlass sun/security/util/SecurityProviderConstants
instanceKlass java/security/Provider$UString
instanceKlass java/security/Provider$Service
instanceKlass sun/security/provider/NativePRNG$NonBlocking
instanceKlass sun/security/provider/NativePRNG$Blocking
instanceKlass sun/security/provider/NativePRNG
instanceKlass sun/security/provider/SunEntries$1
instanceKlass sun/security/provider/SunEntries
instanceKlass sun/security/util/SecurityConstants
instanceKlass java/util/AbstractList$Itr
instanceKlass java/security/Security$1
instanceKlass jdk/internal/access/JavaSecurityPropertiesAccess
instanceKlass java/util/concurrent/ConcurrentHashMap$MapEntry
instanceKlass java/io/FileInputStream$1
instanceKlass  @bci java/security/Security <clinit> ()V 9 <appendix> argL0 ; # java/security/Security$$Lambda+0x80000000b
instanceKlass java/security/Security
instanceKlass sun/security/jca/ProviderList$2
instanceKlass jdk/internal/math/FloatingDecimal$ASCIIToBinaryBuffer
instanceKlass jdk/internal/math/FloatingDecimal$PreparedASCIIToBinaryBuffer
instanceKlass jdk/internal/math/FloatingDecimal$ASCIIToBinaryConverter
instanceKlass jdk/internal/math/FloatingDecimal$BinaryToASCIIBuffer
instanceKlass jdk/internal/math/FloatingDecimal$ExceptionalBinaryToASCIIBuffer
instanceKlass jdk/internal/math/FloatingDecimal$BinaryToASCIIConverter
instanceKlass jdk/internal/math/FloatingDecimal
instanceKlass javax/security/auth/login/Configuration$Parameters
instanceKlass java/security/Policy$Parameters
instanceKlass java/security/cert/CertStoreParameters
instanceKlass java/security/SecureRandomParameters
instanceKlass java/security/Provider$EngineDescription
instanceKlass java/security/Provider$ServiceKey
instanceKlass sun/security/jca/ProviderConfig
instanceKlass sun/security/jca/ProviderList
instanceKlass sun/security/jca/Providers
instanceKlass java/util/Random
instanceKlass java/util/random/RandomGenerator
instanceKlass java/nio/file/TempFileHelper
instanceKlass java/nio/file/attribute/FileAttribute
instanceKlass  @bci org/hsqldb/persist/LobStoreRAFile <init> (Lorg/hsqldb/Database;I)V 19 <appendix> form vmentry <vmtarget> ; # java/lang/invoke/LambdaForm$MH+0x00000217d21a4400
instanceKlass com/mendix/container/deployment/internal/NativeLibraryCopyingCache
instanceKlass  @bci com/mendix/container/deployment/internal/NativeCopyClassLoader$ searchPaths$lzycompute ()Lscala/collection/immutable/Seq; 29 <appendix> argL0 ; # com/mendix/container/deployment/internal/NativeCopyClassLoader$$$Lambda+0x00000217d21a0ef0
instanceKlass  @bci com/mendix/container/deployment/internal/NativeCopyClassLoader$ $anonfun$searchPaths$1 (Ljava/lang/String;)Lscala/collection/immutable/Seq; 25 <appendix> argL0 ; # com/mendix/container/deployment/internal/NativeCopyClassLoader$$$Lambda+0x00000217d21a0b38
instanceKlass  @bci com/mendix/container/deployment/internal/NativeCopyClassLoader$ searchPaths$lzycompute ()Lscala/collection/immutable/Seq; 21 <appendix> argL0 ; # com/mendix/container/deployment/internal/NativeCopyClassLoader$$$Lambda+0x00000217d21a0780
instanceKlass com/mendix/container/deployment/internal/NativeCopyClassLoader$
instanceKlass  @bci com/mendix/container/deployment/internal/Interpreters$ClassLoaders$ newDependency (Ljava/lang/String;[Ljava/net/URL;Ljava/lang/String;Ljava/io/File;Lscala/Function1;)Lcats/data/IndexedStateT; 19 <appendix> member <vmtarget> ; # com/mendix/container/deployment/internal/Interpreters$ClassLoaders$$$Lambda+0x00000217d21a03c0
instanceKlass  @bci org/apache/commons/dbcp2/DelegatingDatabaseMetaData getTables (Ljava/lang/String;Ljava/lang/String;Ljava/lang/String;[Ljava/lang/String;)Ljava/sql/ResultSet; 7 <appendix> form vmentry <vmtarget> ; # java/lang/invoke/LambdaForm$DMH+0x00000217d21a4000
instanceKlass  @bci com/mendix/container/deployment/internal/Interpreters$ClassLoaders$ newDependency (Ljava/lang/String;[Ljava/net/URL;Ljava/lang/String;Ljava/io/File;Lscala/Function1;)Lcats/data/IndexedStateT; 10 <appendix> member <vmtarget> ; # com/mendix/container/deployment/internal/Interpreters$ClassLoaders$$$Lambda+0x00000217d21a0000
instanceKlass  @bci com/mendix/container/deployment/internal/Interpreters$ClassLoaders$ newDependency$default$5 ()Lscala/Function1; 0 <appendix> argL0 ; # com/mendix/container/deployment/internal/Interpreters$ClassLoaders$$$Lambda+0x00000217d219f9b8
instanceKlass  @bci com/mendix/container/deployment/Model$ $anonfun$project$3 (Lcom/mendix/container/deployment/Dsl$Component;Ljava/lang/String;Lcom/mendix/container/deployment/Dsl$Component;Lcom/mendix/container/deployment/Dsl$Component;Ljava/lang/String;)Lcats/free/Free; 11 <appendix> member <vmtarget> ; # com/mendix/container/deployment/Model$$$Lambda+0x00000217d219f5f8
instanceKlass com/mendix/container/deployment/Dsl$NewDependency
instanceKlass  @bci com/mendix/container/deployment/Model$ $anonfun$project$2 (Lcom/mendix/container/deployment/Dsl$Component;Ljava/lang/String;Lcom/mendix/container/deployment/Dsl$Component;Lcom/mendix/container/deployment/Dsl$Component;Ljava/lang/String;)Lcats/free/Free; 18 <appendix> member <vmtarget> ; # com/mendix/container/deployment/Model$$$Lambda+0x00000217d219ef70
instanceKlass  @bci com/mendix/container/deployment/internal/Interpreters$ClassLoaders$ returnName (Lcom/mendix/container/deployment/Dsl$Roots$ProjectRoot;)Lcats/data/IndexedStateT; 12 <appendix> member <vmtarget> ; # com/mendix/container/deployment/internal/Interpreters$ClassLoaders$$$Lambda+0x00000217d219ebb0
instanceKlass  @bci com/mendix/container/deployment/internal/Interpreters$ClassLoaders$ returnName (Lcom/mendix/container/deployment/Dsl$Roots$ProjectRoot;)Lcats/data/IndexedStateT; 3 <appendix> argL0 ; # com/mendix/container/deployment/internal/Interpreters$ClassLoaders$$$Lambda+0x00000217d219e7f8
instanceKlass  @bci com/mendix/container/deployment/Model$ $anonfun$project$1 (Lcom/mendix/container/deployment/Dsl$Component;Lcom/mendix/container/deployment/Dsl$Component;Lcom/mendix/container/deployment/Dsl$Component;Ljava/lang/String;)Lcats/free/Free; 17 <appendix> member <vmtarget> ; # com/mendix/container/deployment/Model$$$Lambda+0x00000217d219e438
instanceKlass com/mendix/container/deployment/Dsl$SystemComponent
instanceKlass com/mendix/container/deployment/Dsl$SystemComponent$
instanceKlass  @bci cats/data/CommonStateTConstructors pure (Ljava/lang/Object;Lcats/Applicative;)Lcats/data/IndexedStateT; 5 <appendix> member <vmtarget> ; # cats/data/CommonStateTConstructors$$Lambda+0x00000217d219dba8
instanceKlass  @bci cats/data/IndexedStateT $anonfun$transform$2 (Lcats/Functor;Lscala/Function2;Ljava/lang/Object;)Ljava/lang/Object; 3 <appendix> member <vmtarget> ; # cats/data/IndexedStateT$$Lambda+0x00000217d219d7e8
instanceKlass  @bci com/mendix/container/deployment/internal/Interpreters$ClassLoaders$ $anonfun$newSystemComponent$1 ([Ljava/net/URL;Lcom/mendix/container/deployment/internal/NamedURLClassLoader;Ljava/lang/ClassLoader;Ljava/lang/ClassLoader;Lscala/collection/immutable/Map;)Lscala/collection/immutable/Map; 76 <appendix> argL0 ; # com/mendix/container/deployment/internal/Interpreters$ClassLoaders$$$Lambda+0x00000217d219d430
instanceKlass com/mendix/container/deployment/Dsl$Roots$PhoenixRoot$
instanceKlass  @bci com/mendix/container/deployment/internal/Interpreters$ClassLoaders$ $anonfun$newSystemComponent$1 ([Ljava/net/URL;Lcom/mendix/container/deployment/internal/NamedURLClassLoader;Ljava/lang/ClassLoader;Ljava/lang/ClassLoader;Lscala/collection/immutable/Map;)Lscala/collection/immutable/Map; 45 <appendix> argL0 ; # com/mendix/container/deployment/internal/Interpreters$ClassLoaders$$$Lambda+0x00000217d219ce50
instanceKlass com/mendix/container/deployment/Dsl$Roots$TopRoot$
instanceKlass  @bci com/mendix/container/deployment/internal/Interpreters$ClassLoaders$ $anonfun$newSystemComponent$1 ([Ljava/net/URL;Lcom/mendix/container/deployment/internal/NamedURLClassLoader;Ljava/lang/ClassLoader;Ljava/lang/ClassLoader;Lscala/collection/immutable/Map;)Lscala/collection/immutable/Map; 14 <appendix> argL0 ; # com/mendix/container/deployment/internal/Interpreters$ClassLoaders$$$Lambda+0x00000217d219c870
instanceKlass com/mendix/container/deployment/Runners$Loader
instanceKlass  @bci cats/data/IndexedStateT $anonfun$transform$1 (Lcats/Functor;Lscala/Function2;Lscala/Function1;)Lcats/data/AndThen; 9 <appendix> member <vmtarget> ; # cats/data/IndexedStateT$$Lambda+0x00000217d219c1d0
instanceKlass  @bci cats/data/IndexedStateT $anonfun$flatMap$2 (Lcats/FlatMap;Lscala/Function1;Ljava/lang/Object;)Ljava/lang/Object; 4 <appendix> member <vmtarget> ; # cats/data/IndexedStateT$$Lambda+0x00000217d219be10
instanceKlass  @bci cats/free/Free $anonfun$foldMap$1 (Lcats/Monad;Lcats/arrow/FunctionK;Lcats/free/Free;)Ljava/lang/Object; 78 <appendix> argL0 ; # cats/free/Free$$Lambda+0x00000217d219ba58
instanceKlass  @bci cats/data/IndexedStateT transform (Lscala/Function2;Lcats/Functor;)Lcats/data/IndexedStateT; 10 <appendix> member <vmtarget> ; # cats/data/IndexedStateT$$Lambda+0x00000217d219b698
instanceKlass  @bci cats/data/IndexedStateT map (Lscala/Function1;Lcats/Functor;)Lcats/data/IndexedStateT; 2 <appendix> member <vmtarget> ; # cats/data/IndexedStateT$$Lambda+0x00000217d219b0f8
instanceKlass  @bci com/mendix/container/deployment/internal/Interpreters$ClassLoaders$ newSystemComponent (Lcom/mendix/container/deployment/Dsl$Roots$AppRoot$;[Ljava/net/URL;)Lcats/data/IndexedStateT; 129 <appendix> member <vmtarget> ; # com/mendix/container/deployment/internal/Interpreters$ClassLoaders$$$Lambda+0x00000217d219ad38
instanceKlass  @bci cats/data/StateFunctions apply (Lscala/Function1;)Lcats/data/IndexedStateT; 8 <appendix> member <vmtarget> ; # cats/data/StateFunctions$$Lambda+0x00000217d219a978
instanceKlass  @bci cats/data/StateFunctions modify (Lscala/Function1;)Lcats/data/IndexedStateT; 4 <appendix> member <vmtarget> ; # cats/data/StateFunctions$$Lambda+0x00000217d219a5b8
instanceKlass  @bci com/mendix/basis/objectmanagement/meta/metamodel/extensions/EntityConversionExtensions$ModelEntityOps declaredMetaPrimitives (Lscala/Function1;Lscala/Function0;Lscala/Function1;)Lscala/collection/Iterable; 11 <appendix> form vmentry <vmtarget> ; # java/lang/invoke/LambdaForm$DMH+0x00000217d2184400
instanceKlass  @bci com/mendix/container/deployment/internal/Interpreters$ClassLoaders$ newSystemComponent (Lcom/mendix/container/deployment/Dsl$Roots$AppRoot$;[Ljava/net/URL;)Lcats/data/IndexedStateT; 119 <appendix> member <vmtarget> ; # com/mendix/container/deployment/internal/Interpreters$ClassLoaders$$$Lambda+0x00000217d219a1f8
instanceKlass cats/data/StateFunctions
instanceKlass  @bci scala/Function1 andThen (Lscala/Function1;)Lscala/Function1; 2 <appendix> member <vmtarget> ; # scala/Function1$$Lambda+0x00000217d21979c0
instanceKlass  @bci cats/data/IndexedStateT $anonfun$flatMap$1 (Lcats/FlatMap;Lscala/Function1;Lscala/Function1;)Lcats/data/AndThen; 9 <appendix> member <vmtarget> ; # cats/data/IndexedStateT$$Lambda+0x00000217d2197600
instanceKlass cats/kernel/instances/DeadlineOrder
instanceKlass cats/kernel/instances/DeadlineBounded
instanceKlass cats/instances/package$seq$
instanceKlass cats/instances/SeqInstances$$anon$2
instanceKlass cats/instances/SeqInstances$$anon$1
instanceKlass cats/instances/AllInstancesBinCompat
instanceKlass cats/instances/AllInstancesBinCompat9
instanceKlass cats/instances/DeadlineInstances
instanceKlass cats/kernel/instances/DeadlineInstances
instanceKlass cats/instances/AllInstancesBinCompat8
instanceKlass cats/instances/AllInstancesBinCompat7
instanceKlass cats/instances/SeqInstances
instanceKlass cats/kernel/instances/SeqInstances
instanceKlass cats/kernel/instances/SeqInstances1
instanceKlass cats/kernel/instances/SeqInstances2
instanceKlass cats/data/AndThenInstances0$$anon$3
instanceKlass cats/data/AndThenInstances1
instanceKlass  @bci cats/Eval$$anon$1$$anon$2 <init> (Lcats/Eval$$anon$1;Ljava/lang/Object;)V 22 <appendix> member <vmtarget> ; # cats/Eval$$anon$1$$anon$2$$Lambda+0x00000217d218d0c0
instanceKlass  @bci cats/StackSafeMonad tailRecM (Ljava/lang/Object;Lscala/Function1;)Ljava/lang/Object; 10 <appendix> member <vmtarget> ; # cats/StackSafeMonad$$Lambda+0x00000217d218cd00
instanceKlass  @bci cats/data/IndexedStateTMonad $anonfun$tailRecM$2 (Lcats/data/IndexedStateTMonad;Lscala/Function1;Lscala/Tuple2;)Ljava/lang/Object; 46 <appendix> argL0 ; # cats/data/IndexedStateTMonad$$Lambda+0x00000217d218c948
instanceKlass  @bci cats/Eval$$anon$1 <init> (Lcats/Eval;Lcats/Eval$FlatMap;Lscala/Function1;)V 24 <appendix> member <vmtarget> ; # cats/Eval$$anon$1$$Lambda+0x00000217d218c588
instanceKlass  @bci cats/Eval map (Lscala/Function1;)Lcats/Eval; 2 <appendix> member <vmtarget> ; # cats/Eval$$Lambda+0x00000217d218bf98
instanceKlass  @bci cats/data/IndexedStateT flatMap (Lscala/Function1;Lcats/FlatMap;)Lcats/data/IndexedStateT; 10 <appendix> member <vmtarget> ; # cats/data/IndexedStateT$$Lambda+0x00000217d218bbd8
instanceKlass cats/data/AndThen
instanceKlass  @bci cats/Monad map (Ljava/lang/Object;Lscala/Function1;)Ljava/lang/Object; 4 <appendix> member <vmtarget> ; # cats/Monad$$Lambda+0x00000217d218b3b0
instanceKlass  @bci cats/free/Free $anonfun$foldMap$1 (Lcats/Monad;Lcats/arrow/FunctionK;Lcats/free/Free;)Ljava/lang/Object; 131 <appendix> member <vmtarget> ; # cats/free/Free$$Lambda+0x00000217d218aff0
instanceKlass  @bci cats/data/IndexedStateTMonad $anonfun$tailRecM$1 (Lcats/data/IndexedStateTMonad;Ljava/lang/Object;Lscala/Function1;Ljava/lang/Object;)Ljava/lang/Object; 15 <appendix> member <vmtarget> ; # cats/data/IndexedStateTMonad$$Lambda+0x00000217d218ac30
instanceKlass  @bci cats/Eval$$anon$4 <init> (Lcats/Eval;Lscala/Function1;)V 17 <appendix> member <vmtarget> ; # cats/Eval$$anon$4$$Lambda+0x00000217d218a980
instanceKlass  @bci cats/data/IndexedStateT run (Ljava/lang/Object;Lcats/FlatMap;)Ljava/lang/Object; 6 <appendix> member <vmtarget> ; # cats/data/IndexedStateT$$Lambda+0x00000217d218a2d8
instanceKlass cats/data/IndexedStateT
instanceKlass  @bci cats/data/IndexedStateTMonad tailRecM (Ljava/lang/Object;Lscala/Function1;)Lcats/data/IndexedStateT; 6 <appendix> member <vmtarget> ; # cats/data/IndexedStateTMonad$$Lambda+0x00000217d2189d18
instanceKlass  @bci cats/free/Free foldMap (Lcats/arrow/FunctionK;Lcats/Monad;)Ljava/lang/Object; 4 <appendix> member <vmtarget> ; # cats/free/Free$$Lambda+0x00000217d2189958
instanceKlass cats/data/IndexedStateTFunctor
instanceKlass cats/data/IndexedStateTInstances4
instanceKlass cats/data/CommonStateTConstructors0
instanceKlass cats/data/CommonStateTConstructors
instanceKlass com/mendix/container/deployment/internal/Interpreters$ClassLoaders$
instanceKlass com/mendix/container/deployment/Runners$
instanceKlass com/mendix/container/componentregistry/internal/ClassloaderComponentReader$
instanceKlass com/mendix/container/componentregistry/ComponentRegistry$
instanceKlass  @bci com/mendix/container/boot/Container$ doStart (Lcom/mendix/container/config/Config;Lscala/Function1;)Lscala/util/Either; 164 <appendix> argL0 ; # com/mendix/container/boot/Container$$$Lambda+0x00000217d2186bc8
instanceKlass  @bci com/mendix/container/boot/Container$ doStart (Lcom/mendix/container/config/Config;Lscala/Function1;)Lscala/util/Either; 152 <appendix> member <vmtarget> ; # com/mendix/container/boot/Container$$$Lambda+0x00000217d2186918
instanceKlass  @bci com/mendix/container/boot/Container$ doStart (Lcom/mendix/container/config/Config;Lscala/Function1;)Lscala/util/Either; 138 <appendix> member <vmtarget> ; # com/mendix/container/boot/Container$$$Lambda+0x00000217d2186668
instanceKlass  @bci com/mendix/container/boot/Container$ doStart (Lcom/mendix/container/config/Config;Lscala/Function1;)Lscala/util/Either; 124 <appendix> argL0 ; # com/mendix/container/boot/Container$$$Lambda+0x00000217d21863c0
instanceKlass  @bci com/mendix/container/deployment/Model$ project (Lcom/mendix/container/config/ProjectConfig;Lcom/mendix/container/logging/Logger;)Lcats/free/Free; 434 <appendix> member <vmtarget> ; # com/mendix/container/deployment/Model$$$Lambda+0x00000217d2186000
instanceKlass com/mendix/container/deployment/Dsl$NewSystemComponent
instanceKlass com/mendix/container/deployment/Dsl$DeploymentModelA
instanceKlass cats/free/Free
instanceKlass cats/free/FreeFoldStep
instanceKlass cats/free/FreeInstances1
instanceKlass cats/free/FreeStructuralInstances
instanceKlass cats/free/FreeStructuralInstances0
instanceKlass cats/free/FreeStructuralInstances1
instanceKlass cats/free/FreeStructuralInstances2
instanceKlass com/mendix/container/deployment/Dsl$Roots$AppRoot$
instanceKlass com/mendix/container/deployment/Dsl$
instanceKlass  @bci org/hsqldb/resources/ResourceBundleHandler getBundleHandle (Ljava/lang/String;Ljava/lang/ClassLoader;)I 1 <appendix> form vmentry <vmtarget> ; # java/lang/invoke/LambdaForm$MH+0x00000217d2184000
instanceKlass  @bci com/mendix/container/deployment/Dsl$Support$PathFilter $anonfun$exclude$1 (Lcom/mendix/container/deployment/Dsl$Support$PathFilter;Lscala/collection/immutable/Seq;Ljava/nio/file/Path;)Z 37 <appendix> member <vmtarget> ; # com/mendix/container/deployment/Dsl$Support$PathFilter$$Lambda+0x00000217d217e880
instanceKlass  @bci com/mendix/container/deployment/Dsl$Support$PathFilter $anonfun$exclude$2 (Ljava/lang/String;)Lscala/Function1; 1 <appendix> member <vmtarget> ; # com/mendix/container/deployment/Dsl$Support$PathFilter$$Lambda+0x00000217d217e4c0
instanceKlass  @bci com/mendix/container/deployment/Dsl$Support$PathFilter $anonfun$exclude$1 (Lcom/mendix/container/deployment/Dsl$Support$PathFilter;Lscala/collection/immutable/Seq;Ljava/nio/file/Path;)Z 1 <appendix> argL0 ; # com/mendix/container/deployment/Dsl$Support$PathFilter$$Lambda+0x00000217d217e108
instanceKlass  @bci com/mendix/container/deployment/Dsl$Support$PathFilter exclude (Lscala/collection/immutable/Seq;)Lcom/mendix/container/deployment/Dsl$Support$PathFilter; 2 <appendix> member <vmtarget> ; # com/mendix/container/deployment/Dsl$Support$PathFilter$$Lambda+0x00000217d217dd48
instanceKlass com/mendix/container/deployment/Dsl$Support$Resource
instanceKlass com/mendix/container/deployment/Dsl$Roots$ProjectUserLib$
instanceKlass sun/nio/fs/WindowsUriSupport
instanceKlass  @bci com/mendix/container/deployment/Dsl$Support$ toURLs (Lcom/mendix/container/deployment/Dsl$Support$Selection;Ljava/lang/String;Lcom/mendix/container/logging/Logger;)[Ljava/net/URL; 192 <appendix> argL0 ; # com/mendix/container/deployment/Dsl$Support$$$Lambda+0x00000217d217caf8
instanceKlass  @bci com/mendix/container/deployment/Dsl$Support$Eviction$ $anonfun$partition$1 ([Ljava/nio/file/Path;)Lscala/Tuple2; 197 <appendix> argL0 ; # com/mendix/container/deployment/Dsl$Support$Eviction$$$Lambda+0x00000217d217c560
instanceKlass  @bci scala/collection/StrictOptimizedIterableOps unzip (Lscala/Function1;)Lscala/Tuple2; 28 <appendix> member <vmtarget> ; # scala/collection/StrictOptimizedIterableOps$$Lambda+0x00000217d217c1a0
instanceKlass  @bci com/mendix/container/deployment/Dsl$Support$Eviction$ $anonfun$partition$3 ([Lcom/mendix/container/deployment/Dsl$Support$Eviction$VersionedComponent;)Lscala/Tuple2; 120 <appendix> argL0 ; # com/mendix/container/deployment/Dsl$Support$Eviction$$$Lambda+0x00000217d217bde8
instanceKlass scala/collection/mutable/ArraySeq$
instanceKlass  @bci com/mendix/container/deployment/Dsl$Support$Eviction$ $anonfun$partition$3 ([Lcom/mendix/container/deployment/Dsl$Support$Eviction$VersionedComponent;)Lscala/Tuple2; 57 <appendix> member <vmtarget> ; # com/mendix/container/deployment/Dsl$Support$Eviction$$$Lambda+0x00000217d217ac28
instanceKlass  @bci com/mendix/container/deployment/Dsl$Support$Eviction$ $anonfun$partition$3 ([Lcom/mendix/container/deployment/Dsl$Support$Eviction$VersionedComponent;)Lscala/Tuple2; 36 <appendix> member <vmtarget> ; # com/mendix/container/deployment/Dsl$Support$Eviction$$$Lambda+0x00000217d217a868
instanceKlass scala/math/Ordering$$anon$4
instanceKlass  @bci com/mendix/container/deployment/Dsl$Support$Eviction$ $anonfun$partition$1 ([Ljava/nio/file/Path;)Lscala/Tuple2; 62 <appendix> argL0 ; # com/mendix/container/deployment/Dsl$Support$Eviction$$$Lambda+0x00000217d2178d50
instanceKlass scala/collection/immutable/Node$
instanceKlass scala/collection/Hashing$
instanceKlass scala/collection/immutable/Node
instanceKlass scala/collection/immutable/HashMapBuilder
instanceKlass scala/util/hashing/MurmurHash3
instanceKlass  @bci scala/collection/ArrayOps$ groupBy$extension (Ljava/lang/Object;Lscala/Function1;)Lscala/collection/immutable/Map; 95 <appendix> argL0 ; # scala/collection/ArrayOps$$$Lambda+0x00000217d2174dd8
instanceKlass  @bci scala/collection/ArrayOps$ groupBy$extension (Ljava/lang/Object;Lscala/Function1;)Lscala/collection/immutable/Map; 51 <appendix> member <vmtarget> ; # scala/collection/ArrayOps$$$Lambda+0x00000217d2174b28
instanceKlass scala/collection/mutable/HashMap$Node
instanceKlass scala/collection/mutable/HashMap$
instanceKlass scala/collection/MapFactory$Delegate
instanceKlass  @bci com/mendix/container/deployment/Dsl$Support$Eviction$ $anonfun$partition$1 ([Ljava/nio/file/Path;)Lscala/Tuple2; 47 <appendix> argL0 ; # com/mendix/container/deployment/Dsl$Support$Eviction$$$Lambda+0x00000217d2171380
instanceKlass scala/collection/ClassTagIterableFactory$AnyIterableDelegate
instanceKlass scala/collection/immutable/ArraySeq$
instanceKlass scala/collection/StrictOptimizedClassTagSeqFactory
instanceKlass scala/collection/ClassTagSeqFactory
instanceKlass scala/collection/ClassTagIterableFactory
instanceKlass scala/collection/EvidenceIterableFactory
instanceKlass  @bci com/mendix/container/deployment/Dsl$Support$Eviction$ $anonfun$toVersioned$1 (Ljava/nio/file/Path;)Lcom/mendix/container/deployment/Dsl$Support$Eviction$VersionedComponent; 190 <appendix> argL0 ; # com/mendix/container/deployment/Dsl$Support$Eviction$$$Lambda+0x00000217d2170000
instanceKlass  @bci com/mendix/container/deployment/Dsl$Support$Eviction$ $anonfun$toVersioned$1 (Ljava/nio/file/Path;)Lcom/mendix/container/deployment/Dsl$Support$Eviction$VersionedComponent; 157 <appendix> argL0 ; # com/mendix/container/deployment/Dsl$Support$Eviction$$$Lambda+0x00000217d216cc00
instanceKlass  @bci com/mendix/container/deployment/Dsl$Support$Eviction$ $anonfun$toVersioned$1 (Ljava/nio/file/Path;)Lcom/mendix/container/deployment/Dsl$Support$Eviction$VersionedComponent; 143 <appendix> argL0 ; # com/mendix/container/deployment/Dsl$Support$Eviction$$$Lambda+0x00000217d216d9a8
instanceKlass scala/Array$UnapplySeqWrapper
instanceKlass scala/Array$UnapplySeqWrapper$
instanceKlass scala/runtime/RichChar$
instanceKlass  @bci com/mendix/container/deployment/Dsl$Support$Eviction$ $anonfun$toVersioned$2 (Ljava/lang/String;)Z 10 <appendix> argL0 ; # com/mendix/container/deployment/Dsl$Support$Eviction$$$Lambda+0x00000217d216d000
instanceKlass  @bci com/mendix/container/deployment/Dsl$Support$Eviction$ getVersionPartAndName$1 (Ljava/lang/String;)Lscala/Tuple2; 40 <appendix> argL0 ; # com/mendix/container/deployment/Dsl$Support$Eviction$$$Lambda+0x00000217d216fa58
instanceKlass scala/runtime/RichInt$
instanceKlass  @bci com/mendix/container/deployment/Dsl$Support$Eviction$ <clinit> ()V 64 <appendix> argL0 ; # com/mendix/container/deployment/Dsl$Support$Eviction$$$Lambda+0x00000217d216f4a8
instanceKlass  @bci com/mendix/container/deployment/Dsl$Support$Eviction$ <clinit> ()V 47 <appendix> argL0 ; # com/mendix/container/deployment/Dsl$Support$Eviction$$$Lambda+0x00000217d216ef10
instanceKlass  @cpi org/apache/commons/logging/LogFactory 1017 form vmentry <vmtarget> ; # java/lang/invoke/LambdaForm$DMH+0x00000217d216c800
instanceKlass  @bci com/mendix/container/deployment/Dsl$Support$Eviction$ <clinit> ()V 30 <appendix> member <vmtarget> ; # com/mendix/container/deployment/Dsl$Support$Eviction$$$Lambda+0x00000217d216e3b8
instanceKlass  @cpi io/micrometer/core/instrument/config/NamingConvention 68 form vmentry <vmtarget> ; # java/lang/invoke/LambdaForm$DMH+0x00000217d216c400
instanceKlass com/mendix/container/deployment/Dsl$Support$Eviction$VersionedComponent
instanceKlass  @bci com/mendix/container/deployment/Dsl$Support$Eviction$ <clinit> ()V 10 <appendix> argL0 ; # com/mendix/container/deployment/Dsl$Support$Eviction$$$Lambda+0x00000217d216e000
instanceKlass com/mendix/container/deployment/Dsl$Support$Eviction$
instanceKlass  @bci com/mendix/container/deployment/Dsl$Support$ $anonfun$toURLs$2 (Lscala/collection/immutable/Map;Ljava/nio/file/Path;)Ljava/nio/file/Path; 7 <appendix> member <vmtarget> ; # com/mendix/container/deployment/Dsl$Support$$$Lambda+0x00000217d216b6b8
instanceKlass scala/collection/MapOps$GenKeySet
instanceKlass  @bci com/mendix/container/deployment/Dsl$Support$ collectJars$1 (Ljava/nio/file/Path;Lcom/mendix/container/config/ProjectConfig;Lscala/Function1;)[Ljava/nio/file/Path; 109 <appendix> member <vmtarget> ; # com/mendix/container/deployment/Dsl$Support$$$Lambda+0x00000217d21685a0
# instanceKlass java/lang/invoke/LambdaForm$DMH+0x00000217d216c000
instanceKlass java/lang/invoke/MethodHandle$1
instanceKlass  @bci com/mendix/container/deployment/Dsl$Support$PathFilter $anonfun$includeOnly$1 (Lcom/mendix/container/deployment/Dsl$Support$PathFilter;Lscala/collection/immutable/Seq;Ljava/nio/file/Path;)Z 37 <appendix> member <vmtarget> ; # com/mendix/container/deployment/Dsl$Support$PathFilter$$Lambda+0x00000217d2168000
instanceKlass  @bci com/mendix/container/deployment/Dsl$Support$PathFilter $anonfun$includeOnly$2 (Ljava/lang/String;)Lscala/Function1; 1 <appendix> member <vmtarget> ; # com/mendix/container/deployment/Dsl$Support$PathFilter$$Lambda+0x00000217d2167a50
instanceKlass  @bci com/mendix/container/deployment/Dsl$Support$PathFilter $anonfun$includeOnly$1 (Lcom/mendix/container/deployment/Dsl$Support$PathFilter;Lscala/collection/immutable/Seq;Ljava/nio/file/Path;)Z 1 <appendix> argL0 ; # com/mendix/container/deployment/Dsl$Support$PathFilter$$Lambda+0x00000217d2167698
instanceKlass scala/runtime/AbstractPartialFunction
instanceKlass  @bci com/mendix/container/deployment/Dsl$Support$ collectJars$1 (Ljava/nio/file/Path;Lcom/mendix/container/config/ProjectConfig;Lscala/Function1;)[Ljava/nio/file/Path; 21 <appendix> member <vmtarget> ; # com/mendix/container/deployment/Dsl$Support$$$Lambda+0x00000217d2166af8
instanceKlass scala/Array$
instanceKlass com/mendix/container/deployment/Dsl$Component
instanceKlass com/mendix/container/deployment/Dsl$DeploymentComponent
instanceKlass com/mendix/container/deployment/Dsl$Component$
instanceKlass  @bci scala/collection/SeqOps contains (Ljava/lang/Object;)Z 2 <appendix> member <vmtarget> ; # scala/collection/SeqOps$$Lambda+0x00000217d2165e78
instanceKlass scala/collection/mutable/ListBuffer$
instanceKlass com/mendix/container/deployment/Dsl$Roots$
instanceKlass com/mendix/container/deployment/Dsl$Roots$PlatformPublic$
instanceKlass  @bci com/mendix/container/deployment/Dsl$Support$PathFilter includeOnly (Lscala/collection/immutable/Seq;)Lcom/mendix/container/deployment/Dsl$Support$PathFilter; 2 <appendix> member <vmtarget> ; # com/mendix/container/deployment/Dsl$Support$PathFilter$$Lambda+0x00000217d2165370
instanceKlass  @bci com/mendix/container/deployment/Dsl$Support$ toSelection (Ljava/nio/file/Path;Lcom/mendix/container/config/ProjectConfig;)Lcom/mendix/container/deployment/Dsl$Support$PathFilter; 6 <appendix> argL0 ; # com/mendix/container/deployment/Dsl$Support$$$Lambda+0x00000217d2164fb8
instanceKlass com/mendix/container/deployment/Dsl$Support$PathFilter
instanceKlass  @bci com/mendix/container/config/ProjectConfig resolveRelative (Ljava/nio/file/Path;Ljava/lang/String;)Lscala/util/Either; 34 <appendix> argL0 ; # com/mendix/container/config/ProjectConfig$$Lambda+0x00000217d2164918
instanceKlass  @bci com/mendix/container/config/ProjectConfig resolveRelative (Ljava/nio/file/Path;Ljava/lang/String;)Lscala/util/Either; 29 <appendix> member <vmtarget> ; # com/mendix/container/config/ProjectConfig$$Lambda+0x00000217d2164558
instanceKlass cats/syntax/EitherIdOps$
instanceKlass com/mendix/container/util/PathSupport$PathOps
instanceKlass com/mendix/container/util/PathSupport$
instanceKlass com/mendix/container/deployment/Dsl$Support$
instanceKlass com/mendix/container/deployment/Dsl$Roots$ProjectRoot
instanceKlass com/mendix/container/deployment/Dsl$Roots$Root
instanceKlass com/mendix/container/deployment/Dsl$Support$Selection
instanceKlass com/mendix/container/deployment/Model$
instanceKlass  @bci com/mendix/container/boot/Container$ doStart (Lcom/mendix/container/config/Config;)Lscala/util/Either; 2 <appendix> argL0 ; # com/mendix/container/boot/Container$$$Lambda+0x00000217d21631b0
instanceKlass  @bci com/mendix/container/boot/Container$ $anonfun$startAndWaitForever$1 (Lcom/mendix/container/config/Config;)Lscala/util/Either; 7 <appendix> member <vmtarget> ; # com/mendix/container/boot/Container$$$Lambda+0x00000217d2162df0
instanceKlass  @bci com/mendix/container/boot/Container$ verifyJdkCompatibility ()Lscala/util/Either; 14 <appendix> member <vmtarget> ; # com/mendix/container/boot/Container$$$Lambda+0x00000217d2162a30
instanceKlass  @bci com/mendix/container/util/JdkVersion$ isCompatibleJdk (Ljava/lang/String;)Lscala/util/Either; 5 <appendix> argL0 ; # com/mendix/container/util/JdkVersion$$$Lambda+0x00000217d2162678
instanceKlass java/util/regex/ASCII
instanceKlass java/util/regex/IntHashSet
instanceKlass java/util/regex/Matcher
instanceKlass java/util/regex/MatchResult
instanceKlass java/util/regex/Pattern$TreeInfo
instanceKlass  @bci java/util/regex/Pattern DOT ()Ljava/util/regex/Pattern$CharPredicate; 0 <appendix> argL0 ; # java/util/regex/Pattern$$Lambda+0x00000217d204a2e8
instanceKlass  @bci java/util/regex/Pattern Single (I)Ljava/util/regex/Pattern$BmpCharPredicate; 1 <appendix> member <vmtarget> ; # java/util/regex/Pattern$$Lambda+0x800000029
instanceKlass  @bci java/util/regex/CharPredicates ASCII_DIGIT ()Ljava/util/regex/Pattern$BmpCharPredicate; 0 <appendix> argL0 ; # java/util/regex/CharPredicates$$Lambda+0x800000025
instanceKlass java/util/regex/Pattern$BmpCharPredicate
instanceKlass java/util/regex/Pattern$CharPredicate
instanceKlass java/util/regex/CharPredicates
instanceKlass java/util/regex/Pattern$Node
instanceKlass java/util/regex/Pattern
instanceKlass scala/util/matching/UnanchoredRegex
instanceKlass scala/util/matching/Regex
instanceKlass com/mendix/container/util/JdkVersion$
instanceKlass  @bci com/mendix/container/boot/Container$ startAndWaitForever (Lcom/mendix/container/config/Config;)Lscala/util/Either; 2 <appendix> member <vmtarget> ; # com/mendix/container/boot/Container$$$Lambda+0x00000217d2161d40
instanceKlass scala/concurrent/Awaitable
instanceKlass com/mendix/container/boot/Container$
instanceKlass  @bci com/mendix/container/boot/Main$ delayedEndpoint$com$mendix$container$boot$Main$1 ()V 114 <appendix> argL0 ; # com/mendix/container/boot/Main$$$Lambda+0x00000217d2161580
instanceKlass cats/syntax/EitherUtil$
instanceKlass  @bci com/mendix/container/boot/Main$ delayedEndpoint$com$mendix$container$boot$Main$1 ()V 106 <appendix> argL0 ; # com/mendix/container/boot/Main$$$Lambda+0x00000217d2160fd0
instanceKlass cats/data/NonEmptyList
instanceKlass cats/data/NonEmptyCollection
instanceKlass sun/nio/fs/WindowsPath$1
instanceKlass  @bci cats/SemigroupalArityFunctions map3 (Ljava/lang/Object;Ljava/lang/Object;Ljava/lang/Object;Lscala/Function3;Lcats/Semigroupal;Lcats/Functor;)Ljava/lang/Object; 21 <appendix> member <vmtarget> ; # cats/SemigroupalArityFunctions$$Lambda+0x00000217d21606c8
instanceKlass  @bci com/mendix/container/config/ProjectConfig$ read ([Ljava/lang/String;Lcats/data/Validated;)Lcats/data/Validated; 43 <appendix> argL0 ; # com/mendix/container/config/ProjectConfig$$$Lambda+0x00000217d2160490
instanceKlass com/mendix/container/config/ProjectConfig
instanceKlass scala/Function3
instanceKlass cats/syntax/Tuple3SemigroupalOps
instanceKlass  @bci com/mendix/container/config/ProjectConfig$ findProject ([Ljava/lang/String;)Lcats/data/Validated; 41 <appendix> argL0 ; # com/mendix/container/config/ProjectConfig$$$Lambda+0x00000217d215f910
instanceKlass  @bci com/mendix/container/config/ProjectConfig$ $anonfun$findProject$2 (Ljava/lang/String;)Lcats/data/Validated; 25 <appendix> argL0 ; # com/mendix/container/config/ProjectConfig$$$Lambda+0x00000217d215f2a0
instanceKlass  @bci com/mendix/container/config/ProjectConfig$ $anonfun$findProject$2 (Ljava/lang/String;)Lcats/data/Validated; 20 <appendix> argL0 ; # com/mendix/container/config/ProjectConfig$$$Lambda+0x00000217d215eee8
instanceKlass  @bci com/mendix/container/config/ProjectConfig$ findProject ([Ljava/lang/String;)Lcats/data/Validated; 33 <appendix> argL0 ; # com/mendix/container/config/ProjectConfig$$$Lambda+0x00000217d215e878
instanceKlass  @bci com/mendix/container/config/ProjectConfig$ findProject ([Ljava/lang/String;)Lcats/data/Validated; 25 <appendix> argL0 ; # com/mendix/container/config/ProjectConfig$$$Lambda+0x00000217d215e5d0
instanceKlass scala/Tuple3
instanceKlass scala/Product3
instanceKlass  @bci com/mendix/container/config/ConfigFromEnvironment$ of (Ljava/nio/file/Path;Lscala/collection/immutable/Map;)Lcom/mendix/container/config/ConfigFromEnvironment; 291 <appendix> member <vmtarget> ; # com/mendix/container/config/ConfigFromEnvironment$$$Lambda+0x00000217d215cfc8
instanceKlass  @bci com/mendix/container/config/ConfigFromEnvironment$ of (Ljava/nio/file/Path;Lscala/collection/immutable/Map;)Lcom/mendix/container/config/ConfigFromEnvironment; 162 <appendix> argL0 ; # com/mendix/container/config/ConfigFromEnvironment$$$Lambda+0x00000217d215cc10
instanceKlass  @bci scala/collection/MapView$MapValues iterator ()Lscala/collection/Iterator; 10 <appendix> member <vmtarget> ; # scala/collection/MapView$MapValues$$Lambda+0x00000217d215bea0
instanceKlass scala/$less$colon$less$
instanceKlass  @bci com/mendix/container/config/ConfigFromEnvironment$ of (Ljava/nio/file/Path;Lscala/collection/immutable/Map;)Lcom/mendix/container/config/ConfigFromEnvironment; 141 <appendix> argL0 ; # com/mendix/container/config/ConfigFromEnvironment$$$Lambda+0x00000217d21578a8
instanceKlass scala/collection/MapViewFactory
instanceKlass scala/collection/immutable/MapBuilderImpl
instanceKlass scala/collection/immutable/SeqMap$SeqMap4
instanceKlass scala/collection/immutable/SeqMap$SeqMap3
instanceKlass scala/collection/immutable/SeqMap$SeqMap2
instanceKlass scala/collection/immutable/SeqMap$SeqMap1
instanceKlass scala/collection/immutable/SeqMap
instanceKlass scala/collection/SeqMap
instanceKlass scala/collection/immutable/StrictOptimizedMapOps
instanceKlass scala/collection/StrictOptimizedMapOps
instanceKlass  @bci com/mendix/container/config/ConfigFromEnvironment$ of (Ljava/nio/file/Path;Lscala/collection/immutable/Map;)Lcom/mendix/container/config/ConfigFromEnvironment; 7 <appendix> member <vmtarget> ; # com/mendix/container/config/ConfigFromEnvironment$$$Lambda+0x00000217d2147748
instanceKlass  @bci cats/SemigroupalArityFunctions map2 (Ljava/lang/Object;Ljava/lang/Object;Lscala/Function2;Lcats/Semigroupal;Lcats/Functor;)Ljava/lang/Object; 12 <appendix> member <vmtarget> ; # cats/SemigroupalArityFunctions$$Lambda+0x00000217d2147388
instanceKlass cats/kernel/SemigroupFunctions
instanceKlass cats/kernel/GroupInstances
instanceKlass cats/kernel/BoundedSemilatticeInstances
instanceKlass cats/kernel/SemilatticeInstances
instanceKlass cats/kernel/CommutativeMonoidInstances
instanceKlass cats/kernel/MonoidInstances
instanceKlass cats/kernel/BandInstances
instanceKlass cats/kernel/CommutativeSemigroupInstances
instanceKlass cats/kernel/SemigroupInstances
instanceKlass cats/kernel/instances/TupleCommutativeGroupInstances
instanceKlass cats/kernel/instances/TupleBoundedSemilatticeInstances
instanceKlass cats/kernel/instances/TupleGroupInstances
instanceKlass cats/kernel/instances/TupleCommutativeMonoidInstances
instanceKlass cats/kernel/instances/TupleSemilatticeInstances
instanceKlass cats/kernel/instances/TupleMonoidInstances
instanceKlass cats/kernel/instances/TupleCommutativeSemigroupInstances
instanceKlass cats/kernel/instances/TupleBandInstances
instanceKlass cats/kernel/instances/TupleSemigroupInstances
instanceKlass cats/kernel/ScalaVersionSpecificMonoidInstances
instanceKlass cats/kernel/Comparison$$anon$1
instanceKlass cats/kernel/Comparison
instanceKlass cats/kernel/Comparison$
instanceKlass cats/kernel/EqFunctions
instanceKlass cats/kernel/OrderInstances1
instanceKlass cats/kernel/OrderInstances0
instanceKlass cats/kernel/PartialOrderInstances
instanceKlass cats/kernel/PartialOrderInstances1
instanceKlass cats/kernel/PartialOrderInstances0
instanceKlass cats/kernel/HashInstances
instanceKlass cats/kernel/HashInstances0
instanceKlass cats/kernel/EqInstances
instanceKlass cats/kernel/EqInstances0
instanceKlass cats/kernel/instances/TupleOrderInstances
instanceKlass cats/kernel/instances/TuplePartialOrderInstances
instanceKlass cats/kernel/instances/TupleHashInstances
instanceKlass cats/kernel/instances/TupleEqInstances
instanceKlass cats/kernel/ScalaVersionSpecificOrderInstances
instanceKlass cats/kernel/ScalaVersionSpecificPartialOrderInstances
instanceKlass cats/kernel/ScalaVersionSpecificHashInstances
instanceKlass cats/kernel/ScalaVersionSpecificEqInstances
instanceKlass cats/arrow/FunctionK$$anon$4
instanceKlass cats/arrow/FunctionK
instanceKlass cats/arrow/FunctionKMacroMethods
instanceKlass cats/arrow/FunctionKLift
instanceKlass cats/Parallel$$anon$2
instanceKlass cats/ParallelArityFunctions2
instanceKlass cats/ParallelArityFunctions
instanceKlass cats/package$$anon$3
instanceKlass cats/Invariant$$anon$16
instanceKlass cats/Invariant$$anon$14
instanceKlass cats/Invariant$$anon$12
instanceKlass cats/Invariant$$anon$10
instanceKlass cats/Invariant$$anon$8
instanceKlass cats/Invariant$$anon$6
instanceKlass cats/Invariant$$anon$4
instanceKlass cats/Invariant$
instanceKlass cats/InvariantInstances0
instanceKlass cats/InvariantInstances1
instanceKlass cats/InvariantInstances2
instanceKlass cats/TupleInstances0
instanceKlass cats/TupleInstances1
instanceKlass cats/TupleInstances2
instanceKlass cats/instances/NTupleMonadInstances
instanceKlass cats/instances/NTupleMonadInstances1
instanceKlass cats/instances/NTupleMonadInstances2
instanceKlass cats/instances/NTupleMonadInstances3
instanceKlass cats/instances/NTupleMonadInstances4
instanceKlass cats/instances/NTupleMonadInstances5
instanceKlass cats/ScalaVersionSpecificInvariantInstances
instanceKlass cats/package$$anon$2
instanceKlass cats/package$$anon$1
instanceKlass cats/package$
instanceKlass cats/instances/InvariantMonoidalInstances$$anon$1
instanceKlass scala/math/Fractional
instanceKlass cats/instances/InvariantInstancesBinCompat0$$anon$10
instanceKlass cats/instances/InvariantInstances$$anon$8
instanceKlass cats/instances/InvariantInstances$$anon$6
instanceKlass cats/instances/package$invariant$
instanceKlass cats/instances/InvariantInstancesBinCompat0
instanceKlass cats/instances/InvariantInstances
instanceKlass cats/instances/package$equiv$
instanceKlass cats/instances/package$eq$
instanceKlass cats/instances/package$partialOrdering$
instanceKlass cats/instances/package$ordering$
instanceKlass cats/instances/package$partialOrder$
instanceKlass cats/instances/package$order$
instanceKlass cats/Semigroupal$
instanceKlass cats/SemigroupalArityFunctions
instanceKlass cats/ScalaVersionSpecificSemigroupalInstances
instanceKlass cats/data/ValidatedApplicative
instanceKlass cats/SemigroupK$$anonfun$algebra$2
instanceKlass cats/SemigroupK$
instanceKlass cats/SemigroupKInstances0
instanceKlass cats/ScalaVersionSpecificMonoidKInstances
instanceKlass cats/UnorderedFoldable$$anon$2
instanceKlass cats/UnorderedFoldable$$anon$1
instanceKlass cats/UnorderedFoldable$
instanceKlass cats/UnorderedFoldableLowPriority
instanceKlass cats/instances/NTupleUnorderedFoldableInstances
instanceKlass cats/ScalaVersionSpecificTraverseInstances
instanceKlass cats/NonEmptyReducible
instanceKlass cats/NonEmptyTraverse
instanceKlass cats/data/NonEmptyListInstances1
instanceKlass cats/data/ValidatedInstances$$anon$5
instanceKlass cats/data/ValidatedInstances2
instanceKlass cats/data/ValidatedFunctionsBinCompat0
instanceKlass cats/data/ValidatedFunctions
instanceKlass  @bci com/mendix/container/config/ConfigFromEnvironment$ apply ()Lcats/data/Validated; 31 <appendix> argL0 ; # com/mendix/container/config/ConfigFromEnvironment$$$Lambda+0x00000217d212ecf8
instanceKlass com/mendix/container/config/ConfigFromEnvironment
instanceKlass cats/syntax/Tuple2SemigroupalOps
instanceKlass scala/collection/MapView
instanceKlass  @bci com/mendix/container/config/ConfigFromEnvironment$ readOverrideInstructions ()Lcats/data/Validated; 21 <appendix> argL0 ; # com/mendix/container/config/ConfigFromEnvironment$$$Lambda+0x00000217d212ad80
instanceKlass  @bci com/mendix/container/config/ConfigFromEnvironment$ readOverrideInstructions ()Lcats/data/Validated; 13 <appendix> argL0 ; # com/mendix/container/config/ConfigFromEnvironment$$$Lambda+0x00000217d212a9c8
instanceKlass  @bci com/mendix/container/config/ConfigFromEnvironment$ readMxInstallPath ()Lcats/data/Validated; 18 <appendix> argL0 ; # com/mendix/container/config/ConfigFromEnvironment$$$Lambda+0x00000217d212a610
instanceKlass  @bci com/mendix/container/config/package$ toPath (Ljava/lang/String;)Lcats/data/Validated; 25 <appendix> argL0 ; # com/mendix/container/config/package$$$Lambda+0x00000217d2129da0
instanceKlass  @bci com/mendix/container/config/package$ toPath (Ljava/lang/String;)Lcats/data/Validated; 20 <appendix> argL0 ; # com/mendix/container/config/package$$$Lambda+0x00000217d21299e8
instanceKlass cats/syntax/ValidatedIdSyntax$
instanceKlass  @bci com/mendix/container/config/ConfigFromEnvironment$ readMxInstallPath ()Lcats/data/Validated; 10 <appendix> argL0 ; # com/mendix/container/config/ConfigFromEnvironment$$$Lambda+0x00000217d2129180
instanceKlass java/util/TreeMap$Entry
instanceKlass java/lang/ProcessEnvironment$CheckedEntry
instanceKlass java/lang/ProcessEnvironment$CheckedEntrySet$1
instanceKlass java/util/NavigableMap
instanceKlass java/util/SortedMap
instanceKlass java/lang/ProcessEnvironment$EntryComparator
instanceKlass java/lang/ProcessEnvironment$NameComparator
instanceKlass scala/math/package$
instanceKlass scala/collection/mutable/ArrayBuffer$
instanceKlass scala/reflect/ClassTag$GenericClassTag
instanceKlass java/lang/ClassValue$Version
instanceKlass java/lang/ClassValue$Identity
instanceKlass java/lang/ClassValue
instanceKlass scala/runtime/ClassValueCompat$
instanceKlass scala/runtime/ClassValueCompat
instanceKlass scala/runtime/ClassValueCompat$ClassValueInterface
instanceKlass scala/reflect/ClassTag$
instanceKlass scala/collection/mutable/ArrayBuilder$
instanceKlass com/mendix/container/config/ProjectConfig$
instanceKlass scala/util/Try
instanceKlass cats/syntax/EitherOps$
instanceKlass cats/syntax/ApplicativeErrorOps$
instanceKlass  @bci com/mendix/container/boot/Main$ delayedEndpoint$com$mendix$container$boot$Main$1 ()V 42 <appendix> argL0 ; # com/mendix/container/boot/Main$$$Lambda+0x00000217d21138d8
instanceKlass com/mendix/container/config/Config
instanceKlass scala/collection/EvidenceIterableFactoryDefaults
instanceKlass scala/runtime/ScalaRunTime$
instanceKlass  @bci scala/collection/ArrayOps$ <clinit> ()V 10 <appendix> argL0 ; # scala/collection/ArrayOps$$$Lambda+0x00000217d21166d0
instanceKlass scala/collection/DoubleStepper
instanceKlass scala/collection/Stepper$mcD$sp
instanceKlass scala/collection/LongStepper
instanceKlass scala/collection/Stepper$mcJ$sp
instanceKlass scala/collection/convert/impl/IndexedStepperBase
instanceKlass scala/collection/Stepper$EfficientSplit
instanceKlass scala/collection/ArrayOps$
instanceKlass  @bci com/mendix/container/boot/Main$ delayedEndpoint$com$mendix$container$boot$Main$1 ()V 0 <appendix> argL0 ; # com/mendix/container/boot/Main$$$Lambda+0x00000217d210ecc8
instanceKlass scala/collection/mutable/MutationTracker$
instanceKlass  @bci scala/collection/mutable/ListBuffer iterator ()Lscala/collection/Iterator; 12 <appendix> member <vmtarget> ; # scala/collection/mutable/ListBuffer$$Lambda+0x00000217d210e800
instanceKlass scala/runtime/java8/JFunction0$mcI$sp
instanceKlass  @bci scala/App main ([Ljava/lang/String;)V 13 <appendix> argL0 ; # scala/App$$Lambda+0x00000217d210cef8
instanceKlass scala/runtime/AbstractFunction0
instanceKlass  @bci com/mendix/metrics/InternalMetrics$NameCheck$ <clinit> ()V 36 <appendix> form vmentry <vmtarget> ; # java/lang/invoke/LambdaForm$MH+0x00000217d2111c00
# instanceKlass java/lang/invoke/LambdaForm$MH+0x00000217d2111800
instanceKlass  @bci com/mendix/metrics/InternalMetrics$NameCheck$ <clinit> ()V 36 <appendix> argL3 form vmentry <vmtarget> ; # java/lang/invoke/LambdaForm$MH+0x00000217d2111400
instanceKlass java/lang/invoke/MethodHandles$1
instanceKlass java/lang/Long$LongCache
# instanceKlass java/lang/invoke/LambdaForm$MH+0x00000217d2111000
instanceKlass  @bci com/mendix/metrics/InternalMetrics$NameCheck$ <clinit> ()V 36 <appendix> argL2 form vmentry <vmtarget> ; # java/lang/invoke/LambdaForm$MH+0x00000217d2110c00
# instanceKlass java/lang/invoke/LambdaForm$MH+0x00000217d2110800
instanceKlass  @bci com/github/benmanes/caffeine/cache/NodeFactory newFactory (Ljava/lang/String;)Lcom/github/benmanes/caffeine/cache/NodeFactory; 9 <appendix> argL1 argL0 form vmentry <vmtarget> ; # java/lang/invoke/LambdaForm$MH+0x00000217d2110400
# instanceKlass java/lang/invoke/LambdaForm$MH+0x00000217d2110000
instanceKlass  @bci com/mendix/container/config/LoggerConfig$$anon$1 <init> ()V 16 <appendix> member <vmtarget> ; # com/mendix/container/config/LoggerConfig$$anon$1$$Lambda+0x00000217d210c6e0
instanceKlass scala/reflect/NoManifest$
instanceKlass scala/reflect/ManifestFactory$ClassTypeManifest
instanceKlass scala/reflect/AnyValManifest
instanceKlass scala/reflect/ManifestFactory$
instanceKlass scala/reflect/Manifest
instanceKlass scala/reflect/ClassTag
instanceKlass scala/reflect/ClassManifestDeprecatedApis
instanceKlass scala/reflect/OptManifest
instanceKlass scala/reflect/Manifest$
instanceKlass scala/Tuple2$
instanceKlass scala/collection/immutable/Set
instanceKlass scala/collection/immutable/SetOps
instanceKlass scala/collection/immutable/Set$
instanceKlass scala/collection/immutable/Map$
instanceKlass scala/LowPriorityImplicits2
instanceKlass  @bci scala/collection/StringOps$ <clinit> ()V 10 <appendix> argL0 ; # scala/collection/StringOps$$$Lambda+0x00000217d20f5ac0
instanceKlass scala/collection/IntStepper
instanceKlass scala/collection/Stepper$mcI$sp
instanceKlass scala/collection/StringOps$
instanceKlass  @bci com/mendix/container/config/ConfigFromEnvironment$ <clinit> ()V 71 <appendix> argL0 ; # com/mendix/container/config/ConfigFromEnvironment$$$Lambda+0x00000217d20f5130
instanceKlass cats/data/Ior
instanceKlass  @bci cats/syntax/OptionOps$ toValid$extension (Lscala/Option;Lscala/Function0;)Lcats/data/Validated; 7 <appendix> argL0 ; # cats/syntax/OptionOps$$$Lambda+0x00000217d20f45a0
instanceKlass  @bci cats/syntax/OptionOps$ toValid$extension (Lscala/Option;Lscala/Function0;)Lcats/data/Validated; 2 <appendix> member <vmtarget> ; # cats/syntax/OptionOps$$$Lambda+0x00000217d20f3f30
instanceKlass cats/data/Validated
instanceKlass  @bci com/mendix/container/config/package$ readString (Ljava/lang/String;)Lcats/data/Validated; 26 <appendix> member <vmtarget> ; # com/mendix/container/config/package$$$Lambda+0x00000217d20f3508
instanceKlass com/mendix/container/config/ConfigError$ErrorMessage
instanceKlass com/mendix/container/config/ConfigError$ConfigError
instanceKlass  @bci com/mendix/container/config/package$ readString (Ljava/lang/String;)Lcats/data/Validated; 14 <appendix> member <vmtarget> ; # com/mendix/container/config/package$$$Lambda+0x00000217d20f2bb0
instanceKlass  @bci scala/util/PropertiesTrait propOrNull (Ljava/lang/String;)Ljava/lang/String; 2 <appendix> argL0 ; # scala/util/PropertiesTrait$$Lambda+0x00000217d20f2908
instanceKlass scala/runtime/Null$
instanceKlass  @bci scala/util/PropertiesTrait $init$ (Lscala/util/PropertiesTrait;)V 228 <appendix> argL0 ; # scala/util/PropertiesTrait$$Lambda+0x00000217d20f2468
instanceKlass  @bci scala/util/PropertiesTrait $init$ (Lscala/util/PropertiesTrait;)V 202 <appendix> argL0 ; # scala/util/PropertiesTrait$$Lambda+0x00000217d20f21c0
instanceKlass java/util/Properties$LineReader
instanceKlass sun/net/www/MessageHeader
instanceKlass sun/net/www/protocol/jar/JarFileFactory
instanceKlass sun/net/www/protocol/jar/URLJarFile$URLJarFileCloseController
instanceKlass java/net/URLConnection
instanceKlass jdk/internal/jimage/ImageLocation
instanceKlass jdk/internal/jimage/decompressor/Decompressor
instanceKlass jdk/internal/jimage/ImageStringsReader
instanceKlass jdk/internal/jimage/ImageStrings
instanceKlass jdk/internal/jimage/ImageHeader
instanceKlass jdk/internal/jimage/NativeImageBuffer$1
instanceKlass jdk/internal/jimage/NativeImageBuffer
instanceKlass jdk/internal/jimage/BasicImageReader$1
instanceKlass jdk/internal/jimage/BasicImageReader
instanceKlass jdk/internal/jimage/ImageReader
instanceKlass jdk/internal/jimage/ImageReaderFactory$1
instanceKlass java/net/URI$Parser
instanceKlass java/nio/file/FileSystems$DefaultFileSystemHolder$1
instanceKlass java/nio/file/FileSystems$DefaultFileSystemHolder
instanceKlass java/nio/file/FileSystems
instanceKlass java/nio/file/Paths
instanceKlass jdk/internal/jimage/ImageReaderFactory
instanceKlass jdk/internal/module/SystemModuleFinders$SystemImage
instanceKlass jdk/internal/module/SystemModuleFinders$SystemModuleReader
instanceKlass java/lang/module/ModuleReader
instanceKlass jdk/internal/loader/BuiltinClassLoader$5
instanceKlass jdk/internal/loader/BuiltinClassLoader$2
instanceKlass jdk/internal/module/Resources
instanceKlass scala/Option$
instanceKlass scala/util/Properties$
instanceKlass cats/instances/SortedSetInstancesBinCompat0$$anon$2
instanceKlass cats/kernel/instances/FiniteDurationGroup
instanceKlass cats/kernel/instances/FiniteDurationOrder
instanceKlass cats/kernel/instances/FiniteDurationBounded
instanceKlass cats/kernel/instances/DurationGroup
instanceKlass scala/concurrent/duration/Duration
instanceKlass cats/kernel/instances/DurationOrder
instanceKlass cats/kernel/instances/DurationBounded
instanceKlass cats/instances/MapInstancesBinCompat0$$anon$2
instanceKlass cats/instances/package$stream$
instanceKlass cats/instances/StreamInstancesBinCompat0$$anon$6
instanceKlass cats/instances/package$vector$
instanceKlass cats/instances/VectorInstancesBinCompat0$$anon$5
instanceKlass cats/instances/package$list$
instanceKlass cats/instances/ListInstancesBinCompat0$$anon$5
instanceKlass cats/instances/package$option$
instanceKlass cats/instances/OptionInstancesBinCompat0$$anon$2
instanceKlass cats/instances/Tuple2InstancesBinCompat0$$anon$2
instanceKlass cats/instances/FunctionInstancesBinCompat0$$anon$2
instanceKlass cats/instances/VectorInstances$$anon$1
instanceKlass cats/kernel/instances/UUIDInstances$$anon$1
instanceKlass cats/kernel/instances/UUIDBounded
instanceKlass cats/kernel/instances/SymbolOrder
instanceKlass cats/kernel/instances/SymbolLowerBounded
instanceKlass cats/kernel/instances/StringMonoid
instanceKlass cats/kernel/instances/StringOrder
instanceKlass cats/kernel/instances/StringLowerBounded
instanceKlass cats/instances/StreamInstances$$anon$1
instanceKlass cats/instances/SortedSetInstances$$anon$1
instanceKlass cats/instances/SetInstances$$anon$1
instanceKlass cats/instances/QueueInstances$$anon$1
instanceKlass cats/instances/PartialOrderingInstances$$anon$1
instanceKlass cats/instances/PartialOrderInstances$$anon$1
instanceKlass cats/instances/OrderingInstances$$anon$1
instanceKlass cats/instances/OrderInstances$$anon$1
instanceKlass cats/instances/OptionInstances$$anon$1
instanceKlass  @bci scala/runtime/Statics releaseFence ()V 3 <adapter> ; # java/lang/invoke/LambdaForm$MH+0x00000217d20e4000
instanceKlass java/lang/invoke/VarHandleGuards
instanceKlass scala/runtime/Statics$VM
instanceKlass scala/runtime/Statics
instanceKlass scala/runtime/BoxesRunTime
instanceKlass scala/runtime/BoxedUnit
instanceKlass cats/Functor$
instanceKlass cats/EvalInstances$$anon$10
instanceKlass cats/EvalInstances$$anon$8
instanceKlass cats/EvalInstances$$anon$7
instanceKlass cats/EvalInstances$$anon$6
instanceKlass cats/StackSafeMonad
instanceKlass cats/Eval$FnStack
instanceKlass cats/Reducible
instanceKlass cats/EvalInstances1
instanceKlass scala/collection/mutable/IndexedSeq
instanceKlass scala/collection/mutable/IndexedSeqOps
instanceKlass cats/instances/ListInstances$$anon$1
instanceKlass cats/instances/LazyListInstances$$anon$2
instanceKlass cats/Eval
instanceKlass cats/instances/LazyListInstances$$anon$1
instanceKlass cats/Align
instanceKlass cats/Alternative
instanceKlass cats/NonEmptyAlternative
instanceKlass cats/instances/InvariantMonoidalInstances$$anon$5
instanceKlass cats/instances/InvariantMonoidalInstances$$anon$4
instanceKlass cats/instances/HashInstances$$anon$1
instanceKlass cats/arrow/Category$
instanceKlass cats/instances/Function1Instances$$anon$9
instanceKlass cats/instances/Function1Instances$$anon$8
instanceKlass cats/arrow/CommutativeArrow
instanceKlass cats/instances/Function0Instances$$anon$4
instanceKlass cats/instances/EquivInstances$$anon$1
instanceKlass cats/instances/EqInstances$$anon$1
instanceKlass cats/instances/EitherInstances$$anon$1
instanceKlass cats/kernel/instances/BitSetSemilattice
instanceKlass scala/collection/Set
instanceKlass scala/collection/SetOps
instanceKlass cats/kernel/instances/BitSetPartialOrder
instanceKlass cats/kernel/instances/BigDecimalGroup
instanceKlass cats/kernel/instances/BigDecimalOrder
instanceKlass scala/util/Right$
instanceKlass scala/util/Left$
instanceKlass scala/util/Either$
instanceKlass scala/math/Ordering$
instanceKlass scala/math/LowPriorityOrderingImplicits
instanceKlass scala/math/Ordered$
instanceKlass scala/math/Numeric$
instanceKlass scala/math/Integral$
instanceKlass scala/math/Fractional$
instanceKlass scala/math/Equiv$
instanceKlass scala/math/LowPriorityEquiv
instanceKlass scala/math/Integral
instanceKlass scala/math/Ordered
instanceKlass scala/math/ScalaNumericConversions
instanceKlass scala/math/ScalaNumericAnyConversions
instanceKlass scala/math/BigInt$
instanceKlass java/math/MathContext
instanceKlass scala/math/BigDecimal$
instanceKlass scala/collection/immutable/Range$
instanceKlass scala/collection/mutable/StringBuilder$
instanceKlass  @bci scala/collection/immutable/LazyList$ <clinit> ()V 44 <appendix> argL0 ; # scala/collection/immutable/LazyList$$$Lambda+0x00000217d20d2b08
instanceKlass  @bci scala/collection/immutable/LazyList$ <clinit> ()V 22 <appendix> argL0 ; # scala/collection/immutable/LazyList$$$Lambda+0x00000217d20cf960
instanceKlass java/util/SequencedSet
instanceKlass scala/collection/immutable/LazyList$State$Empty$
instanceKlass scala/collection/immutable/LazyList$State
instanceKlass scala/collection/immutable/LazyList$
instanceKlass scala/collection/immutable/Stream$
instanceKlass scala/collection/package$$colon$plus$
instanceKlass scala/collection/package$$plus$colon$
instanceKlass scala/collection/immutable/$colon$colon$
instanceKlass scala/collection/Iterator$
instanceKlass scala/collection/immutable/VectorStatics$
instanceKlass scala/collection/IndexedSeqView
instanceKlass scala/collection/BufferedIterator
instanceKlass scala/collection/AbstractIterator
instanceKlass scala/collection/immutable/Vector$
instanceKlass scala/collection/SeqFactory$Delegate
instanceKlass scala/collection/immutable/List$$anon$1
instanceKlass scala/collection/immutable/List$
instanceKlass scala/math/Numeric
instanceKlass scala/collection/BuildFrom
instanceKlass scala/collection/IterableFactory$Delegate
instanceKlass scala/package$$anon$1
instanceKlass scala/Specializable
instanceKlass scala/package$
instanceKlass cats/kernel/instances/BigIntGroup
instanceKlass cats/kernel/instances/BigIntOrder
instanceKlass cats/kernel/instances/BigIntUnboundedEnum
instanceKlass cats/kernel/UnboundedEnumerable
instanceKlass cats/kernel/Previous
instanceKlass cats/kernel/Next
instanceKlass cats/instances/Tuple2Instances$$anon$3
instanceKlass cats/kernel/instances/UnitAlgebra
instanceKlass cats/kernel/instances/UnitOrder
instanceKlass cats/kernel/instances/UnitEnumerable
instanceKlass cats/kernel/BoundedEnumerable$mcV$sp
instanceKlass cats/kernel/PartialPreviousUpperBounded$mcV$sp
instanceKlass cats/kernel/PartialNextLowerBounded$mcV$sp
instanceKlass cats/kernel/PartialPrevious$mcV$sp
instanceKlass cats/kernel/PartialNext$mcV$sp
instanceKlass cats/kernel/instances/UnitBounded
instanceKlass cats/kernel/UpperBounded$mcV$sp
instanceKlass cats/kernel/LowerBounded$mcV$sp
instanceKlass cats/kernel/Hash$mcV$sp
instanceKlass cats/kernel/Order$mcV$sp
instanceKlass cats/kernel/PartialOrder$mcV$sp
instanceKlass cats/kernel/Eq$mcV$sp
instanceKlass cats/kernel/instances/BooleanOrder
instanceKlass cats/kernel/instances/BooleanEnumerable
instanceKlass cats/kernel/BoundedEnumerable$mcZ$sp
instanceKlass cats/kernel/PartialPreviousUpperBounded$mcZ$sp
instanceKlass cats/kernel/PartialNextLowerBounded$mcZ$sp
instanceKlass cats/kernel/PartialPrevious$mcZ$sp
instanceKlass cats/kernel/PartialNext$mcZ$sp
instanceKlass cats/kernel/instances/BooleanBounded
instanceKlass cats/kernel/UpperBounded$mcZ$sp
instanceKlass cats/kernel/LowerBounded$mcZ$sp
instanceKlass cats/kernel/Hash$mcZ$sp
instanceKlass cats/kernel/Order$mcZ$sp
instanceKlass cats/kernel/PartialOrder$mcZ$sp
instanceKlass cats/kernel/Eq$mcZ$sp
instanceKlass cats/kernel/instances/DoubleGroup
instanceKlass cats/kernel/CommutativeGroup$mcD$sp
instanceKlass cats/kernel/Group$mcD$sp
instanceKlass cats/kernel/CommutativeMonoid$mcD$sp
instanceKlass cats/kernel/Monoid$mcD$sp
instanceKlass cats/kernel/CommutativeSemigroup$mcD$sp
instanceKlass cats/kernel/Semigroup$mcD$sp
instanceKlass cats/kernel/instances/DoubleOrder
instanceKlass cats/kernel/Hash$mcD$sp
instanceKlass cats/kernel/Order$mcD$sp
instanceKlass cats/kernel/PartialOrder$mcD$sp
instanceKlass cats/kernel/Eq$mcD$sp
instanceKlass cats/kernel/instances/FloatGroup
instanceKlass cats/kernel/CommutativeGroup$mcF$sp
instanceKlass cats/kernel/Group$mcF$sp
instanceKlass cats/kernel/CommutativeMonoid$mcF$sp
instanceKlass cats/kernel/Monoid$mcF$sp
instanceKlass cats/kernel/CommutativeSemigroup$mcF$sp
instanceKlass cats/kernel/Semigroup$mcF$sp
instanceKlass cats/kernel/instances/FloatOrder
instanceKlass cats/kernel/Hash$mcF$sp
instanceKlass cats/kernel/Order$mcF$sp
instanceKlass cats/kernel/PartialOrder$mcF$sp
instanceKlass cats/kernel/Eq$mcF$sp
instanceKlass cats/kernel/instances/ShortGroup
instanceKlass cats/kernel/instances/ShortOrder
instanceKlass cats/kernel/instances/ShortEnumerable
instanceKlass cats/kernel/BoundedEnumerable$mcS$sp
instanceKlass cats/kernel/PartialPreviousUpperBounded$mcS$sp
instanceKlass cats/kernel/PartialNextLowerBounded$mcS$sp
instanceKlass cats/kernel/PartialPrevious$mcS$sp
instanceKlass cats/kernel/PartialNext$mcS$sp
instanceKlass cats/kernel/instances/ShortBounded
instanceKlass cats/kernel/UpperBounded$mcS$sp
instanceKlass cats/kernel/LowerBounded$mcS$sp
instanceKlass cats/kernel/Hash$mcS$sp
instanceKlass cats/kernel/Order$mcS$sp
instanceKlass cats/kernel/PartialOrder$mcS$sp
instanceKlass cats/kernel/Eq$mcS$sp
instanceKlass cats/kernel/instances/LongGroup
instanceKlass cats/kernel/CommutativeGroup$mcJ$sp
instanceKlass cats/kernel/Group$mcJ$sp
instanceKlass cats/kernel/CommutativeMonoid$mcJ$sp
instanceKlass cats/kernel/Monoid$mcJ$sp
instanceKlass cats/kernel/CommutativeSemigroup$mcJ$sp
instanceKlass cats/kernel/Semigroup$mcJ$sp
instanceKlass cats/kernel/instances/LongOrder
instanceKlass cats/kernel/instances/LongEnumerable
instanceKlass cats/kernel/BoundedEnumerable$mcJ$sp
instanceKlass cats/kernel/PartialPreviousUpperBounded$mcJ$sp
instanceKlass cats/kernel/PartialNextLowerBounded$mcJ$sp
instanceKlass cats/kernel/PartialPrevious$mcJ$sp
instanceKlass cats/kernel/PartialNext$mcJ$sp
instanceKlass cats/kernel/instances/LongBounded
instanceKlass cats/kernel/LowerBounded$mcJ$sp
instanceKlass cats/kernel/UpperBounded$mcJ$sp
instanceKlass cats/kernel/Hash$mcJ$sp
instanceKlass cats/kernel/Order$mcJ$sp
instanceKlass cats/kernel/PartialOrder$mcJ$sp
instanceKlass cats/kernel/Eq$mcJ$sp
instanceKlass cats/kernel/instances/CharOrder
instanceKlass cats/kernel/instances/CharEnumerable
instanceKlass cats/kernel/BoundedEnumerable$mcC$sp
instanceKlass cats/kernel/PartialPreviousUpperBounded$mcC$sp
instanceKlass cats/kernel/PartialNextLowerBounded$mcC$sp
instanceKlass cats/kernel/PartialPrevious$mcC$sp
instanceKlass cats/kernel/PartialNext$mcC$sp
instanceKlass cats/kernel/instances/CharBounded
instanceKlass cats/kernel/UpperBounded$mcC$sp
instanceKlass cats/kernel/LowerBounded$mcC$sp
instanceKlass cats/kernel/Hash$mcC$sp
instanceKlass cats/kernel/Order$mcC$sp
instanceKlass cats/kernel/PartialOrder$mcC$sp
instanceKlass cats/kernel/Eq$mcC$sp
instanceKlass cats/kernel/instances/ByteGroup
instanceKlass cats/kernel/instances/ByteOrder
instanceKlass cats/kernel/instances/ByteEnumerable
instanceKlass cats/kernel/BoundedEnumerable$mcB$sp
instanceKlass cats/kernel/PartialPreviousUpperBounded$mcB$sp
instanceKlass cats/kernel/PartialNextLowerBounded$mcB$sp
instanceKlass cats/kernel/PartialPrevious$mcB$sp
instanceKlass cats/kernel/PartialNext$mcB$sp
instanceKlass cats/kernel/instances/ByteBounded
instanceKlass cats/kernel/UpperBounded$mcB$sp
instanceKlass cats/kernel/LowerBounded$mcB$sp
instanceKlass cats/kernel/Hash$mcB$sp
instanceKlass cats/kernel/Order$mcB$sp
instanceKlass cats/kernel/PartialOrder$mcB$sp
instanceKlass cats/kernel/Eq$mcB$sp
instanceKlass  @bci com/mendix/connectionbus/modelsynchronization/analysis/mappingreaders/SystemTableFetcher$ selectQuery (Lcom/mendix/connectionbus/modelsynchronization/changeinfo/databaserepresentation/Table;Lscala/collection/immutable/List;)Lcom/mendix/connectionbus/retrieve/query/oql/SelectQuery; 7 <appendix> form vmentry <vmtarget> ; # java/lang/invoke/LambdaForm$MH+0x00000217d20a0400
instanceKlass java/lang/invoke/LambdaFormBuffer
instanceKlass java/lang/invoke/LambdaFormEditor$TransformKey
instanceKlass java/lang/invoke/LambdaFormEditor
instanceKlass java/lang/invoke/DirectMethodHandle$2
instanceKlass java/lang/invoke/ClassSpecializer$Factory
instanceKlass java/lang/invoke/ClassSpecializer$SpeciesData
instanceKlass java/lang/invoke/ClassSpecializer$1
instanceKlass java/lang/invoke/ClassSpecializer
instanceKlass  @bci cats/Show$ fromToString ()Lcats/Show; 0 <appendix> argL0 ; # cats/Show$$$Lambda+0x00000217d209f408
instanceKlass java/lang/invoke/LambdaProxyClassArchive
instanceKlass java/lang/invoke/InfoFromMemberName
instanceKlass java/lang/invoke/MethodHandleInfo
instanceKlass jdk/internal/org/objectweb/asm/ConstantDynamic
instanceKlass jdk/internal/org/objectweb/asm/Handle
instanceKlass sun/security/action/GetBooleanAction
instanceKlass java/lang/invoke/AbstractValidatingLambdaMetafactory
instanceKlass  @bci java/lang/invoke/BootstrapMethodInvoker invoke (Ljava/lang/Class;Ljava/lang/invoke/MethodHandle;Ljava/lang/String;Ljava/lang/Object;Ljava/lang/Object;Ljava/lang/Class;)Ljava/lang/Object; 462 <adapter> ; # java/lang/invoke/LambdaForm$MH+0x00000217d20a0000
instanceKlass java/lang/invoke/MethodHandles$Lookup$ClassDefiner
instanceKlass java/lang/invoke/MethodHandles$Lookup$ClassFile
instanceKlass jdk/internal/org/objectweb/asm/Handler
instanceKlass jdk/internal/org/objectweb/asm/Attribute
instanceKlass jdk/internal/org/objectweb/asm/FieldVisitor
instanceKlass java/util/ArrayList$Itr
instanceKlass sun/invoke/empty/Empty
instanceKlass sun/invoke/util/VerifyType
instanceKlass java/lang/invoke/InvokerBytecodeGenerator$ClassData
instanceKlass jdk/internal/org/objectweb/asm/AnnotationVisitor
instanceKlass jdk/internal/org/objectweb/asm/Frame
instanceKlass jdk/internal/org/objectweb/asm/Label
instanceKlass jdk/internal/org/objectweb/asm/Type
instanceKlass jdk/internal/org/objectweb/asm/MethodVisitor
instanceKlass sun/invoke/util/BytecodeDescriptor
instanceKlass jdk/internal/org/objectweb/asm/ByteVector
instanceKlass jdk/internal/org/objectweb/asm/Symbol
instanceKlass jdk/internal/org/objectweb/asm/SymbolTable
instanceKlass jdk/internal/org/objectweb/asm/ClassVisitor
instanceKlass java/lang/invoke/BootstrapMethodInvoker
instanceKlass cats/Show
instanceKlass cats/Show$ContravariantShow
instanceKlass java/lang/invoke/Invokers$Holder
instanceKlass java/lang/invoke/DelegatingMethodHandle$Holder
instanceKlass java/lang/invoke/MethodHandleImpl$1
instanceKlass jdk/internal/access/JavaLangInvokeAccess
instanceKlass java/lang/invoke/InvokerBytecodeGenerator$1
instanceKlass java/lang/invoke/InvokerBytecodeGenerator
instanceKlass java/lang/invoke/LambdaForm$Holder
instanceKlass java/lang/invoke/LambdaForm$Name
instanceKlass java/lang/invoke/Invokers
instanceKlass java/lang/invoke/MethodHandleImpl
instanceKlass sun/invoke/util/ValueConversions
instanceKlass java/lang/invoke/DirectMethodHandle$Holder
instanceKlass java/lang/invoke/LambdaForm$NamedFunction
instanceKlass sun/invoke/util/Wrapper$Format
instanceKlass java/lang/invoke/MethodTypeForm
instanceKlass jdk/internal/util/StrongReferenceKey
instanceKlass jdk/internal/util/ReferenceKey
instanceKlass jdk/internal/util/ReferencedKeyMap
instanceKlass java/lang/invoke/MethodType$1
instanceKlass java/lang/invoke/LambdaMetafactory
instanceKlass cats/Show$$anon$2
instanceKlass cats/Show$
instanceKlass cats/ShowInstances
instanceKlass cats/ShowInstances0
instanceKlass cats/instances/NTupleShowInstances
instanceKlass cats/ScalaVersionSpecificShowInstances
instanceKlass scala/Function2
instanceKlass cats/kernel/instances/IntGroup
instanceKlass cats/kernel/CommutativeGroup$mcI$sp
instanceKlass cats/kernel/Group$mcI$sp
instanceKlass cats/kernel/CommutativeMonoid$mcI$sp
instanceKlass cats/kernel/Monoid$mcI$sp
instanceKlass cats/kernel/CommutativeSemigroup$mcI$sp
instanceKlass cats/kernel/Semigroup$mcI$sp
instanceKlass cats/kernel/instances/IntOrder
instanceKlass cats/kernel/instances/IntEnumerable
instanceKlass cats/kernel/BoundedEnumerable$mcI$sp
instanceKlass cats/kernel/PartialPreviousUpperBounded$mcI$sp
instanceKlass cats/kernel/PartialNextLowerBounded$mcI$sp
instanceKlass cats/kernel/PartialPrevious$mcI$sp
instanceKlass cats/kernel/PartialNext$mcI$sp
instanceKlass cats/kernel/BoundedEnumerable
instanceKlass cats/kernel/PartialNextLowerBounded
instanceKlass cats/kernel/PartialPreviousUpperBounded
instanceKlass cats/kernel/PartialNext
instanceKlass cats/kernel/PartialPrevious
instanceKlass cats/kernel/instances/IntBounded
instanceKlass cats/kernel/UpperBounded$mcI$sp
instanceKlass cats/kernel/UpperBounded
instanceKlass cats/kernel/LowerBounded$mcI$sp
instanceKlass cats/kernel/LowerBounded
instanceKlass cats/kernel/Hash$mcI$sp
instanceKlass cats/kernel/Order$mcI$sp
instanceKlass cats/kernel/PartialOrder$mcI$sp
instanceKlass cats/kernel/Eq$mcI$sp
instanceKlass cats/Representable
instanceKlass cats/Defer
instanceKlass cats/TraverseFilter
instanceKlass cats/FunctorFilter
instanceKlass cats/MonoidK
instanceKlass cats/arrow/ArrowChoice
instanceKlass cats/arrow/Choice
instanceKlass cats/arrow/Arrow
instanceKlass cats/arrow/Strong
instanceKlass cats/arrow/Profunctor
instanceKlass cats/arrow/Category
instanceKlass cats/arrow/Compose
instanceKlass cats/Bimonad
instanceKlass cats/Comonad
instanceKlass cats/CoflatMap
instanceKlass cats/Distributive
instanceKlass cats/ContravariantMonoidal
instanceKlass cats/ContravariantSemigroupal
instanceKlass cats/Contravariant
instanceKlass cats/SemigroupK
instanceKlass cats/Parallel
instanceKlass cats/NonEmptyParallel
instanceKlass cats/MonadError
instanceKlass scala/util/Either
instanceKlass cats/kernel/Hash
instanceKlass cats/Traverse
instanceKlass cats/UnorderedTraverse
instanceKlass cats/Foldable
instanceKlass cats/FoldableNFunctions
instanceKlass cats/UnorderedFoldable
instanceKlass cats/Bitraverse
instanceKlass cats/Bifunctor
instanceKlass cats/Bifoldable
instanceKlass cats/CommutativeMonad
instanceKlass cats/CommutativeApplicative
instanceKlass cats/CommutativeFlatMap
instanceKlass cats/CommutativeApply
instanceKlass cats/Monad
instanceKlass cats/FlatMap
instanceKlass cats/FlatMapArityFunctions
instanceKlass cats/kernel/BoundedSemilattice
instanceKlass cats/kernel/Semilattice
instanceKlass cats/kernel/Band
instanceKlass cats/kernel/CommutativeGroup
instanceKlass cats/kernel/CommutativeMonoid
instanceKlass cats/kernel/CommutativeSemigroup
instanceKlass cats/kernel/Group
instanceKlass cats/kernel/Monoid
instanceKlass cats/kernel/Semigroup
instanceKlass cats/kernel/Order
instanceKlass cats/kernel/PartialOrder
instanceKlass cats/kernel/Eq
instanceKlass cats/FunctorFilter$Ops
instanceKlass cats/TraverseFilter$Ops
instanceKlass cats/arrow/Choice$Ops
instanceKlass cats/UnorderedTraverse$Ops
instanceKlass cats/NonEmptyTraverse$Ops
instanceKlass cats/Traverse$Ops
instanceKlass cats/arrow/Strong$Ops
instanceKlass cats/Show$Ops
instanceKlass cats/SemigroupK$Ops
instanceKlass cats/Reducible$Ops
instanceKlass cats/arrow/Profunctor$Ops
instanceKlass cats/Invariant$Ops
instanceKlass cats/Functor$Ops
instanceKlass cats/UnorderedFoldable$Ops
instanceKlass cats/Foldable$Ops
instanceKlass cats/FlatMap$Ops
instanceKlass cats/ContravariantSemigroupal$Ops
instanceKlass cats/syntax/ContravariantMonoidalOps
instanceKlass cats/ContravariantMonoidal$Ops
instanceKlass cats/Distributive$Ops
instanceKlass cats/Contravariant$Ops
instanceKlass cats/arrow/Compose$Ops
instanceKlass cats/Comonad$Ops
instanceKlass cats/CoflatMap$Ops
instanceKlass cats/syntax/SemigroupalOps
instanceKlass cats/Semigroupal$Ops
instanceKlass cats/Bifoldable$Ops
instanceKlass cats/Bifunctor$Ops
instanceKlass cats/arrow/ArrowChoice$Ops
instanceKlass cats/arrow/Arrow$Ops
instanceKlass cats/Apply$Ops
instanceKlass cats/Align$Ops
instanceKlass cats/implicits$
instanceKlass cats/instances/AllInstancesBinCompat6
instanceKlass cats/instances/SortedMapInstancesBinCompat2
instanceKlass cats/kernel/instances/SortedMapInstances
instanceKlass cats/kernel/instances/SortedMapInstances3
instanceKlass cats/kernel/instances/SortedMapInstances2
instanceKlass cats/kernel/instances/SortedMapInstances1
instanceKlass cats/instances/SortedSetInstancesBinCompat1
instanceKlass cats/instances/LowPrioritySortedSetInstancesBinCompat1
instanceKlass cats/kernel/instances/SortedSetInstances
instanceKlass cats/kernel/instances/SortedSetInstances1
instanceKlass cats/instances/AllInstancesBinCompat5
instanceKlass cats/instances/SortedSetInstancesBinCompat0
instanceKlass cats/instances/AllInstancesBinCompat4
instanceKlass cats/instances/MapInstancesBinCompat1
instanceKlass cats/instances/SortedMapInstancesBinCompat1
instanceKlass cats/instances/AllInstancesBinCompat3
instanceKlass cats/instances/AllCoreDurationInstances
instanceKlass cats/instances/CoreFiniteDurationInstances
instanceKlass cats/instances/CoreDurationInstances
instanceKlass cats/instances/AllInstancesBinCompat2
instanceKlass cats/instances/FiniteDurationInstances
instanceKlass cats/kernel/instances/FiniteDurationInstances
instanceKlass cats/instances/DurationInstances
instanceKlass cats/kernel/instances/DurationInstances
instanceKlass cats/instances/AllInstancesBinCompat1
instanceKlass cats/instances/SortedMapInstancesBinCompat0
instanceKlass cats/instances/MapInstancesBinCompat0
instanceKlass cats/instances/StreamInstancesBinCompat0
instanceKlass cats/instances/VectorInstancesBinCompat0
instanceKlass cats/instances/ListInstancesBinCompat0
instanceKlass cats/instances/OptionInstancesBinCompat0
instanceKlass cats/instances/AllInstancesBinCompat0
instanceKlass cats/instances/Tuple2InstancesBinCompat0
instanceKlass cats/instances/FunctionInstancesBinCompat0
instanceKlass cats/instances/AllInstances
instanceKlass cats/instances/PartialFunctionInstances
instanceKlass cats/instances/VectorInstances
instanceKlass cats/kernel/instances/VectorInstances
instanceKlass cats/kernel/instances/VectorInstances1
instanceKlass cats/kernel/instances/VectorInstances2
instanceKlass cats/instances/UUIDInstances
instanceKlass cats/kernel/instances/UUIDInstances
instanceKlass cats/instances/TryInstances
instanceKlass cats/instances/TryInstances1
instanceKlass cats/instances/TryInstances2
instanceKlass cats/instances/TailRecInstances
instanceKlass cats/instances/SymbolInstances
instanceKlass cats/kernel/instances/SymbolInstances
instanceKlass cats/instances/StringInstances
instanceKlass cats/kernel/instances/StringInstances
instanceKlass cats/instances/StreamInstances
instanceKlass cats/kernel/instances/StreamInstances
instanceKlass cats/kernel/instances/StreamInstances1
instanceKlass cats/kernel/instances/StreamInstances2
instanceKlass cats/instances/ShowInstances
instanceKlass cats/instances/SortedSetInstances
instanceKlass cats/instances/SortedSetInstances1
instanceKlass cats/instances/SortedMapInstances
instanceKlass cats/instances/SortedMapInstances2
instanceKlass cats/instances/SortedMapInstances1
instanceKlass cats/instances/SetInstances
instanceKlass cats/kernel/instances/SetInstances
instanceKlass cats/kernel/instances/SetInstances1
instanceKlass cats/instances/QueueInstances
instanceKlass cats/kernel/instances/QueueInstances
instanceKlass cats/kernel/instances/QueueInstances1
instanceKlass cats/kernel/instances/QueueInstances2
instanceKlass cats/instances/PartialOrderingInstances
instanceKlass cats/instances/PartialOrderInstances
instanceKlass cats/kernel/instances/PartialOrderInstances
instanceKlass cats/kernel/PartialOrderToPartialOrderingConversion
instanceKlass cats/instances/ParallelInstances
instanceKlass cats/instances/ParallelInstances1
instanceKlass cats/instances/OrderingInstances
instanceKlass cats/instances/OrderInstances
instanceKlass cats/kernel/instances/OrderInstances
instanceKlass cats/kernel/OrderToOrderingConversion
instanceKlass cats/instances/OptionInstances
instanceKlass cats/kernel/instances/OptionInstances
instanceKlass cats/kernel/instances/OptionInstances0
instanceKlass cats/kernel/instances/OptionInstances1
instanceKlass cats/kernel/instances/OptionInstances2
instanceKlass cats/instances/MapInstances
instanceKlass cats/kernel/instances/MapInstances
instanceKlass cats/kernel/instances/MapInstances1
instanceKlass cats/instances/ListInstances
instanceKlass cats/kernel/instances/ListInstances
instanceKlass cats/kernel/instances/ListInstances1
instanceKlass cats/kernel/instances/ListInstances2
instanceKlass cats/instances/LazyListInstances
instanceKlass cats/kernel/instances/LazyListInstances
instanceKlass cats/kernel/instances/LazyListInstances1
instanceKlass cats/kernel/instances/LazyListInstances2
instanceKlass cats/instances/InvariantMonoidalInstances
instanceKlass cats/instances/HashInstances
instanceKlass cats/kernel/instances/HashInstances
instanceKlass cats/kernel/HashToHashingConversion
instanceKlass cats/instances/FutureInstances
instanceKlass cats/instances/FutureInstances1
instanceKlass cats/instances/FutureInstances2
instanceKlass cats/instances/FunctionInstances
instanceKlass cats/instances/Function1Instances
instanceKlass cats/instances/Function1Instances0
instanceKlass cats/instances/Function0Instances
instanceKlass cats/instances/Function0Instances0
instanceKlass cats/kernel/instances/FunctionInstances
instanceKlass cats/kernel/instances/FunctionInstances0
instanceKlass cats/kernel/instances/FunctionInstances1
instanceKlass cats/kernel/instances/FunctionInstances2
instanceKlass cats/kernel/instances/FunctionInstances3
instanceKlass cats/kernel/instances/FunctionInstances4
instanceKlass cats/instances/EquivInstances
instanceKlass cats/instances/EqInstances
instanceKlass cats/kernel/instances/EqInstances
instanceKlass cats/kernel/EqToEquivConversion
instanceKlass cats/instances/EitherInstances
instanceKlass cats/kernel/instances/EitherInstances
instanceKlass cats/kernel/instances/EitherInstances0
instanceKlass cats/kernel/instances/EitherInstances1
instanceKlass cats/instances/BitSetInstances
instanceKlass cats/kernel/instances/BitSetInstances
instanceKlass cats/instances/BigDecimalInstances
instanceKlass cats/kernel/instances/BigDecimalInstances
instanceKlass cats/instances/BigIntInstances
instanceKlass cats/kernel/instances/BigIntInstances
instanceKlass cats/instances/ArraySeqInstances
instanceKlass cats/kernel/instances/ArraySeqInstances
instanceKlass cats/kernel/instances/ArraySeqInstances$ArraySeqInstances1
instanceKlass cats/kernel/instances/ArraySeqInstances$ArraySeqInstances2
instanceKlass cats/instances/AnyValInstances
instanceKlass cats/instances/TupleInstances
instanceKlass cats/kernel/instances/TupleInstances
instanceKlass cats/kernel/instances/TupleInstances1
instanceKlass cats/kernel/instances/TupleInstances2
instanceKlass cats/kernel/instances/TupleInstances3
instanceKlass cats/instances/Tuple2Instances
instanceKlass cats/instances/Tuple2Instances1
instanceKlass cats/instances/Tuple2Instances2
instanceKlass cats/instances/Tuple2Instances3
instanceKlass cats/instances/Tuple2Instances4
instanceKlass cats/instances/UnitInstances
instanceKlass cats/kernel/instances/UnitInstances
instanceKlass cats/instances/BooleanInstances
instanceKlass cats/kernel/instances/BooleanInstances
instanceKlass cats/instances/DoubleInstances
instanceKlass cats/kernel/instances/DoubleInstances
instanceKlass cats/instances/FloatInstances
instanceKlass cats/kernel/instances/FloatInstances
instanceKlass cats/instances/ShortInstances
instanceKlass cats/kernel/instances/ShortInstances
instanceKlass cats/instances/LongInstances
instanceKlass cats/kernel/instances/LongInstances
instanceKlass cats/instances/CharInstances
instanceKlass cats/kernel/instances/CharInstances
instanceKlass cats/instances/ByteInstances
instanceKlass cats/kernel/instances/ByteInstances
instanceKlass cats/instances/IntInstances
instanceKlass cats/kernel/instances/IntInstances
instanceKlass cats/syntax/AllSyntaxBinCompat6
instanceKlass cats/syntax/ParallelUnorderedTraverseSyntax
instanceKlass cats/syntax/AllSyntaxBinCompat5
instanceKlass cats/syntax/ParallelBitraverseSyntax
instanceKlass cats/syntax/AllSyntaxBinCompat4
instanceKlass cats/syntax/BitraverseSyntaxBinCompat0
instanceKlass cats/syntax/FoldableSyntaxBinCompat1
instanceKlass cats/syntax/ReducibleSyntaxBinCompat0
instanceKlass cats/syntax/FoldableSyntaxBinCompat0
instanceKlass cats/syntax/ParallelApplySyntax
instanceKlass cats/syntax/ApplySyntaxBinCompat0
instanceKlass cats/syntax/TraverseFilterSyntaxBinCompat0
instanceKlass cats/syntax/AllSyntaxBinCompat3
instanceKlass cats/syntax/Function1Syntax
instanceKlass cats/syntax/UnorderedFoldableSyntax
instanceKlass cats/syntax/AllSyntaxBinCompat2
instanceKlass cats/syntax/ValidatedSyntaxBincompat0
instanceKlass cats/syntax/ListSyntaxBinCompat0
instanceKlass cats/syntax/EitherSyntaxBinCompat0
instanceKlass cats/syntax/FunctorFilterSyntax
instanceKlass cats/FunctorFilter$ToFunctorFilterOps
instanceKlass cats/syntax/TraverseFilterSyntax
instanceKlass cats/TraverseFilter$ToTraverseFilterOps
instanceKlass cats/syntax/ParallelTraverseSyntax
instanceKlass cats/syntax/AllSyntaxBinCompat1
instanceKlass cats/syntax/RepresentableSyntax
instanceKlass cats/syntax/ValidatedExtensionSyntax
instanceKlass cats/syntax/SetSyntax
instanceKlass cats/syntax/ParallelFlatSyntax
instanceKlass cats/syntax/BinestedSyntax
instanceKlass cats/syntax/NestedSyntax
instanceKlass cats/syntax/ChoiceSyntax
instanceKlass cats/arrow/Choice$ToChoiceOps
instanceKlass cats/syntax/FlatMapOptionSyntax
instanceKlass cats/syntax/AllSyntaxBinCompat0
instanceKlass cats/syntax/TrySyntax
instanceKlass cats/syntax/ApplicativeErrorExtension
instanceKlass cats/syntax/UnorderedTraverseSyntax
instanceKlass cats/UnorderedTraverse$ToUnorderedTraverseOps
instanceKlass cats/syntax/AllSyntax
instanceKlass cats/syntax/ParallelReduceMapASyntax
instanceKlass cats/syntax/ParallelTraverseFilterSyntax
instanceKlass cats/syntax/ParallelFoldMapASyntax
instanceKlass cats/syntax/WriterSyntax
instanceKlass cats/syntax/VectorSyntax
instanceKlass cats/syntax/ValidatedSyntax
instanceKlass cats/syntax/NonEmptyTraverseSyntax
instanceKlass cats/NonEmptyTraverse$ToNonEmptyTraverseOps
instanceKlass cats/syntax/TraverseSyntax
instanceKlass cats/Traverse$ToTraverseOps
instanceKlass cats/syntax/StrongSyntax
instanceKlass cats/arrow/Strong$ToStrongOps
instanceKlass cats/syntax/ShowSyntax
instanceKlass cats/Show$ToShowOps
instanceKlass cats/syntax/SemigroupKSyntax
instanceKlass cats/SemigroupK$ToSemigroupKOps
instanceKlass cats/syntax/ReducibleSyntax
instanceKlass cats/Reducible$ToReducibleOps
instanceKlass cats/syntax/ProfunctorSyntax
instanceKlass cats/arrow/Profunctor$ToProfunctorOps
instanceKlass cats/syntax/ParallelSyntax
instanceKlass cats/syntax/TupleParallelSyntax
instanceKlass cats/syntax/OrderSyntax
instanceKlass cats/syntax/PartialOrderSyntax
instanceKlass cats/syntax/EqSyntax
instanceKlass cats/syntax/OptionSyntax
instanceKlass cats/syntax/MonoidSyntax
instanceKlass cats/syntax/MonadSyntax
instanceKlass cats/syntax/MonadErrorSyntax
instanceKlass cats/syntax/ListSyntax
instanceKlass cats/syntax/IorSyntax
instanceKlass cats/syntax/InvariantSyntax
instanceKlass cats/Invariant$ToInvariantOps
instanceKlass cats/syntax/HashSyntax
instanceKlass cats/syntax/GroupSyntax
instanceKlass cats/syntax/SemigroupSyntax
instanceKlass cats/syntax/FunctorSyntax
instanceKlass cats/Functor$ToFunctorOps
instanceKlass cats/syntax/FoldableSyntax
instanceKlass cats/UnorderedFoldable$ToUnorderedFoldableOps
instanceKlass cats/Foldable$ToFoldableOps
instanceKlass cats/syntax/FlatMapSyntax
instanceKlass cats/FlatMap$ToFlatMapOps
instanceKlass cats/syntax/EitherSyntax
instanceKlass cats/syntax/EitherKSyntax
instanceKlass cats/syntax/ContravariantSemigroupalSyntax
instanceKlass cats/syntax/ContravariantMonoidalSyntax
instanceKlass cats/syntax/DistributiveSyntax
instanceKlass cats/Distributive$ToDistributiveOps
instanceKlass cats/syntax/ContravariantSyntax
instanceKlass cats/Contravariant$ToContravariantOps
instanceKlass cats/syntax/ComposeSyntax
instanceKlass cats/arrow/Compose$ToComposeOps
instanceKlass cats/syntax/ComonadSyntax
instanceKlass cats/Comonad$ToComonadOps
instanceKlass cats/syntax/CoflatMapSyntax
instanceKlass cats/CoflatMap$ToCoflatMapOps
instanceKlass cats/syntax/SemigroupalSyntax
instanceKlass cats/syntax/BitraverseSyntax
instanceKlass cats/syntax/BitraverseSyntax1
instanceKlass cats/syntax/BifoldableSyntax
instanceKlass cats/Bifoldable$ToBifoldableOps
instanceKlass cats/syntax/BifunctorSyntax
instanceKlass cats/Bifunctor$ToBifunctorOps
instanceKlass cats/syntax/ArrowChoiceSyntax
instanceKlass cats/arrow/ArrowChoice$ToArrowChoiceOps
instanceKlass cats/syntax/ArrowSyntax
instanceKlass cats/arrow/Arrow$ToArrowOps
instanceKlass cats/syntax/ApplySyntax
instanceKlass cats/syntax/TupleSemigroupalSyntax
instanceKlass cats/syntax/ApplicativeErrorSyntax
instanceKlass cats/syntax/ApplicativeSyntax
instanceKlass cats/syntax/AlignSyntax
instanceKlass cats/Align$ToAlignOps
instanceKlass cats/syntax/NonEmptyAlternativeSyntax
instanceKlass cats/syntax/AlternativeSyntax
instanceKlass cats/syntax/OptionOps$
instanceKlass com/mendix/container/config/package$
instanceKlass scala/$less$colon$less
instanceKlass com/mendix/container/config/ConfigFromEnvironment$
instanceKlass com/mendix/container/config/LoggerConfig$$anon$1
instanceKlass com/mendix/container/config/LoggerConfig
instanceKlass com/mendix/container/config/LoggerConfig$
instanceKlass com/mendix/container/logging/Logger$
instanceKlass com/mendix/container/logging/LogLevels$LogLevel
instanceKlass scala/Product2$mcJI$sp
instanceKlass scala/Product2$mcJJ$sp
instanceKlass scala/Product2$mcDD$sp
instanceKlass scala/Product2$mcJD$sp
instanceKlass scala/Product2$mcDI$sp
instanceKlass scala/Product2$mcIJ$sp
instanceKlass scala/Product2$mcDJ$sp
instanceKlass scala/Product2$mcII$sp
instanceKlass scala/Product2$mcID$sp
instanceKlass scala/Tuple2
instanceKlass scala/Product2
instanceKlass scala/collection/StrictOptimizedSeqFactory
instanceKlass scala/collection/SeqFactory
instanceKlass scala/collection/immutable/IndexedSeq
instanceKlass scala/collection/immutable/IndexedSeqOps
instanceKlass scala/collection/IndexedSeq
instanceKlass scala/collection/IndexedSeqOps
instanceKlass scala/collection/SeqView
instanceKlass scala/collection/mutable/Map
instanceKlass scala/collection/mutable/MapOps
instanceKlass scala/math/Ordering
instanceKlass scala/math/PartialOrdering
instanceKlass scala/math/Equiv
instanceKlass scala/collection/Searching$SearchResult
instanceKlass scala/collection/View
instanceKlass scala/collection/immutable/Map
instanceKlass scala/collection/immutable/MapOps
instanceKlass scala/collection/Map
instanceKlass scala/collection/MapFactoryDefaults
instanceKlass scala/collection/MapOps
instanceKlass scala/collection/WithFilter
instanceKlass scala/collection/Iterator
instanceKlass scala/collection/MapFactory
instanceKlass scala/collection/immutable/StrictOptimizedSeqOps
instanceKlass scala/collection/StrictOptimizedLinearSeqOps
instanceKlass scala/collection/immutable/LinearSeq
instanceKlass scala/collection/immutable/LinearSeqOps
instanceKlass scala/collection/LinearSeq
instanceKlass scala/collection/LinearSeqOps
instanceKlass scala/collection/immutable/Seq
instanceKlass scala/collection/immutable/SeqOps
instanceKlass scala/collection/immutable/Iterable
instanceKlass scala/collection/mutable/ArrayBuilder
instanceKlass scala/collection/Factory
instanceKlass scala/collection/IterableFactory
instanceKlass scala/Option
instanceKlass scala/Product
instanceKlass scala/collection/AnyStepper
instanceKlass scala/collection/Stepper
instanceKlass scala/collection/AbstractIterable
instanceKlass scala/collection/mutable/Buffer
instanceKlass scala/collection/mutable/Shrinkable
instanceKlass scala/collection/mutable/Seq
instanceKlass scala/collection/mutable/SeqOps
instanceKlass scala/collection/mutable/Cloneable
instanceKlass scala/collection/Seq
instanceKlass scala/Equals
instanceKlass scala/PartialFunction
instanceKlass scala/Function1
instanceKlass scala/collection/mutable/Iterable
instanceKlass scala/collection/Iterable
instanceKlass scala/collection/IterableFactoryDefaults
instanceKlass scala/collection/generic/DefaultSerializable
instanceKlass scala/collection/mutable/ReusableBuilder
instanceKlass scala/collection/mutable/Builder
instanceKlass scala/collection/StrictOptimizedSeqOps
instanceKlass scala/collection/StrictOptimizedIterableOps
instanceKlass scala/collection/SeqOps
instanceKlass scala/collection/IterableOps
instanceKlass scala/collection/IterableOnceOps
instanceKlass scala/collection/IterableOnce
instanceKlass cats/ApplicativeError
instanceKlass cats/Applicative
instanceKlass cats/InvariantMonoidal
instanceKlass cats/Apply
instanceKlass cats/ApplyArityFunctions
instanceKlass cats/InvariantSemigroupal
instanceKlass cats/Semigroupal
instanceKlass cats/Functor
instanceKlass cats/Invariant
instanceKlass com/mendix/container/logging/ConsoleOutput
instanceKlass com/mendix/container/logging/Logger
instanceKlass scala/util/PropertiesTrait
instanceKlass scala/collection/mutable/Growable
instanceKlass scala/collection/mutable/Clearable
instanceKlass com/mendix/container/boot/Main$
instanceKlass com/mendix/container/logging/Logging
instanceKlass scala/App
instanceKlass scala/DelayedInit
instanceKlass java/lang/Void
instanceKlass java/lang/PublicMethods$Key
instanceKlass java/lang/PublicMethods$MethodList
instanceKlass scala/Function0
instanceKlass jdk/internal/misc/PreviewFeatures
instanceKlass jdk/internal/misc/MainMethodFinder
instanceKlass com/mendix/container/boot/Main
instanceKlass java/security/SecureClassLoader$DebugHolder
instanceKlass java/security/Permission
instanceKlass java/security/Guard
instanceKlass java/security/PermissionCollection
instanceKlass java/security/SecureClassLoader$1
instanceKlass java/util/zip/Checksum$1
instanceKlass java/util/zip/CRC32
instanceKlass java/util/zip/Checksum
instanceKlass sun/nio/ByteBuffered
instanceKlass java/lang/Package$VersionInfo
instanceKlass java/lang/NamedPackage
instanceKlass jdk/internal/loader/Resource
instanceKlass java/nio/charset/CoderResult
instanceKlass java/lang/Readable
instanceKlass jdk/internal/loader/FileURLMapper
instanceKlass jdk/internal/loader/URLClassPath$JarLoader$1
instanceKlass jdk/internal/loader/URLClassPath$Loader
instanceKlass jdk/internal/loader/URLClassPath$3
instanceKlass java/security/PrivilegedExceptionAction
instanceKlass sun/net/util/URLUtil
instanceKlass java/io/RandomAccessFile$1
instanceKlass java/lang/reflect/Array
instanceKlass java/util/jar/Attributes$Name
instanceKlass java/util/SequencedMap
instanceKlass java/util/jar/Attributes
instanceKlass java/util/jar/JarVerifier
instanceKlass sun/security/action/GetIntegerAction
instanceKlass sun/security/util/Debug
instanceKlass sun/security/util/SignatureFileVerifier
instanceKlass java/util/zip/ZipFile$InflaterCleanupAction
instanceKlass java/util/zip/Inflater$InflaterZStreamRef
instanceKlass java/util/zip/Inflater
instanceKlass java/util/zip/ZipEntry
instanceKlass java/util/zip/ZipFile$2
instanceKlass java/nio/Bits$1
instanceKlass jdk/internal/misc/VM$BufferPool
instanceKlass java/nio/Bits
instanceKlass sun/nio/ch/DirectBuffer
instanceKlass jdk/internal/perf/PerfCounter$CoreCounters
instanceKlass jdk/internal/perf/Perf
instanceKlass jdk/internal/perf/Perf$GetPerfAction
instanceKlass jdk/internal/perf/PerfCounter
instanceKlass sun/util/locale/LocaleUtils
instanceKlass sun/util/locale/BaseLocale
instanceKlass java/util/Locale
instanceKlass java/nio/file/attribute/FileTime
instanceKlass java/util/zip/ZipUtils
instanceKlass java/util/zip/ZipFile$Source$End
instanceKlass java/io/RandomAccessFile$2
instanceKlass jdk/internal/access/JavaIORandomAccessFileAccess
instanceKlass java/io/RandomAccessFile
instanceKlass java/io/DataInput
instanceKlass java/io/DataOutput
instanceKlass sun/nio/fs/WindowsNativeDispatcher$CompletionStatus
instanceKlass sun/nio/fs/WindowsNativeDispatcher$AclInformation
instanceKlass sun/nio/fs/WindowsNativeDispatcher$Account
instanceKlass sun/nio/fs/WindowsNativeDispatcher$DiskFreeSpace
instanceKlass sun/nio/fs/WindowsNativeDispatcher$VolumeInformation
instanceKlass sun/nio/fs/WindowsNativeDispatcher$FirstStream
instanceKlass sun/nio/fs/WindowsNativeDispatcher$FirstFile
instanceKlass java/util/Enumeration
instanceKlass java/util/concurrent/ConcurrentHashMap$Traverser
instanceKlass jdk/internal/loader/NativeLibraries$3
instanceKlass jdk/internal/loader/NativeLibrary
instanceKlass java/util/ArrayDeque$DeqIterator
instanceKlass jdk/internal/loader/NativeLibraries$NativeLibraryContext$1
instanceKlass jdk/internal/loader/NativeLibraries$NativeLibraryContext
instanceKlass jdk/internal/loader/NativeLibraries$2
instanceKlass jdk/internal/loader/NativeLibraries$1
instanceKlass jdk/internal/loader/NativeLibraries$LibraryPaths
instanceKlass sun/nio/fs/WindowsNativeDispatcher
instanceKlass sun/nio/fs/NativeBuffer$Deallocator
instanceKlass sun/nio/fs/NativeBuffer
instanceKlass java/lang/ThreadLocal$ThreadLocalMap
instanceKlass java/lang/ThreadLocal
instanceKlass sun/nio/fs/NativeBuffers
instanceKlass sun/nio/fs/WindowsFileAttributes
instanceKlass java/nio/file/attribute/DosFileAttributes
instanceKlass sun/nio/fs/AbstractBasicFileAttributeView
instanceKlass sun/nio/fs/DynamicFileAttributeView
instanceKlass sun/nio/fs/WindowsFileAttributeViews
instanceKlass sun/nio/fs/Util
instanceKlass java/nio/file/attribute/BasicFileAttributeView
instanceKlass java/nio/file/attribute/FileAttributeView
instanceKlass java/nio/file/attribute/AttributeView
instanceKlass java/nio/file/Files
instanceKlass java/nio/file/CopyOption
instanceKlass java/nio/file/attribute/BasicFileAttributes
instanceKlass sun/nio/fs/WindowsPath
instanceKlass java/nio/file/Path
instanceKlass java/nio/file/Watchable
instanceKlass java/util/zip/ZipFile$Source$Key
instanceKlass sun/nio/fs/WindowsPathParser$Result
instanceKlass java/util/concurrent/ForkJoinPool$ManagedBlocker
instanceKlass sun/nio/fs/WindowsPathParser
instanceKlass java/util/concurrent/locks/AbstractQueuedSynchronizer$Node
instanceKlass java/nio/file/FileSystem
instanceKlass java/nio/file/OpenOption
instanceKlass java/nio/file/spi/FileSystemProvider
instanceKlass sun/nio/fs/DefaultFileSystemProvider
instanceKlass java/util/zip/ZipFile$Source
instanceKlass java/lang/ref/Cleaner$Cleanable
instanceKlass jdk/internal/ref/CleanerImpl
instanceKlass java/lang/ref/Cleaner$1
instanceKlass java/lang/ref/Cleaner
instanceKlass jdk/internal/ref/CleanerFactory$1
instanceKlass java/util/concurrent/ThreadFactory
instanceKlass jdk/internal/ref/CleanerFactory
instanceKlass java/util/zip/ZipCoder
instanceKlass java/util/zip/ZipFile$CleanableResource
instanceKlass java/lang/Runtime$Version
instanceKlass java/util/jar/JavaUtilJarAccessImpl
instanceKlass jdk/internal/access/JavaUtilJarAccess
instanceKlass java/util/zip/ZipFile$1
instanceKlass jdk/internal/access/JavaUtilZipFileAccess
instanceKlass java/util/zip/ZipFile
instanceKlass java/util/zip/ZipConstants
instanceKlass java/lang/StringCoding
instanceKlass sun/nio/cs/ArrayDecoder
instanceKlass java/nio/charset/CharsetDecoder
instanceKlass sun/launcher/LauncherHelper
instanceKlass java/lang/invoke/StringConcatFactory
instanceKlass java/lang/ModuleLayer$Controller
instanceKlass java/util/concurrent/CopyOnWriteArrayList
instanceKlass jdk/internal/module/ServicesCatalog$ServiceProvider
instanceKlass jdk/internal/loader/AbstractClassLoaderValue$Memoizer
instanceKlass java/util/ImmutableCollections$ListItr
instanceKlass java/util/ListIterator
instanceKlass java/lang/ModuleLayer
instanceKlass jdk/internal/module/ModuleLoaderMap$Modules
instanceKlass jdk/internal/module/ModuleLoaderMap$Mapper
instanceKlass jdk/internal/module/ModuleLoaderMap
instanceKlass java/util/AbstractMap$1$1
instanceKlass java/lang/module/ResolvedModule
instanceKlass java/lang/module/Configuration
instanceKlass jdk/internal/loader/BuiltinClassLoader$LoadedModule
instanceKlass jdk/internal/loader/AbstractClassLoaderValue
instanceKlass jdk/internal/module/ServicesCatalog
instanceKlass java/util/Deque
instanceKlass java/util/Queue
instanceKlass sun/net/util/IPAddressUtil$MASKS
instanceKlass sun/net/util/IPAddressUtil
instanceKlass java/net/URLStreamHandler
instanceKlass sun/net/www/ParseUtil
instanceKlass java/net/URL$3
instanceKlass jdk/internal/access/JavaNetURLAccess
instanceKlass java/net/URL$DefaultFactory
instanceKlass java/net/URLStreamHandlerFactory
instanceKlass jdk/internal/loader/URLClassPath
instanceKlass java/security/Principal
instanceKlass java/security/ProtectionDomain$Key
instanceKlass java/security/ProtectionDomain$JavaSecurityAccessImpl
instanceKlass jdk/internal/access/JavaSecurityAccess
instanceKlass java/lang/ClassLoader$ParallelLoaders
instanceKlass java/security/cert/Certificate
instanceKlass jdk/internal/loader/ArchivedClassLoaders
instanceKlass java/util/concurrent/ConcurrentHashMap$CollectionView
instanceKlass jdk/internal/loader/ClassLoaderHelper
instanceKlass jdk/internal/loader/NativeLibraries
instanceKlass java/lang/Module$EnableNativeAccess
instanceKlass jdk/internal/loader/BootLoader
instanceKlass java/util/Optional
instanceKlass jdk/internal/module/SystemModuleFinders$SystemModuleFinder
instanceKlass java/lang/module/ModuleFinder
instanceKlass jdk/internal/module/SystemModuleFinders$3
instanceKlass jdk/internal/module/ModuleHashes$HashSupplier
instanceKlass jdk/internal/module/SystemModuleFinders$2
instanceKlass java/util/function/Supplier
instanceKlass java/lang/module/ModuleReference
instanceKlass jdk/internal/module/ModuleResolution
instanceKlass java/util/Collections$UnmodifiableMap
instanceKlass jdk/internal/module/ModuleHashes$Builder
instanceKlass jdk/internal/module/ModuleHashes
instanceKlass jdk/internal/module/ModuleTarget
instanceKlass java/util/ImmutableCollections$Set12$1
instanceKlass java/lang/reflect/AccessFlag$18
instanceKlass java/lang/reflect/AccessFlag$17
instanceKlass java/lang/reflect/AccessFlag$16
instanceKlass java/lang/reflect/AccessFlag$15
instanceKlass java/lang/reflect/AccessFlag$14
instanceKlass java/lang/reflect/AccessFlag$13
instanceKlass java/lang/reflect/AccessFlag$12
instanceKlass java/lang/reflect/AccessFlag$11
instanceKlass java/lang/reflect/AccessFlag$10
instanceKlass java/lang/reflect/AccessFlag$9
instanceKlass java/lang/reflect/AccessFlag$8
instanceKlass java/lang/reflect/AccessFlag$7
instanceKlass java/lang/reflect/AccessFlag$6
instanceKlass java/lang/reflect/AccessFlag$5
instanceKlass java/lang/reflect/AccessFlag$4
instanceKlass java/lang/reflect/AccessFlag$3
instanceKlass java/lang/reflect/AccessFlag$2
instanceKlass java/lang/reflect/AccessFlag$1
instanceKlass java/lang/module/ModuleDescriptor$Version
instanceKlass java/lang/module/ModuleDescriptor$Provides
instanceKlass java/lang/module/ModuleDescriptor$Opens
instanceKlass java/util/ImmutableCollections$SetN$SetNIterator
instanceKlass java/lang/module/ModuleDescriptor$Exports
instanceKlass java/lang/module/ModuleDescriptor$Requires
instanceKlass jdk/internal/module/Builder
instanceKlass jdk/internal/module/SystemModules$default
instanceKlass jdk/internal/module/SystemModules
instanceKlass jdk/internal/module/SystemModulesMap
instanceKlass java/net/URI$1
instanceKlass jdk/internal/access/JavaNetUriAccess
instanceKlass java/net/URI
instanceKlass jdk/internal/module/SystemModuleFinders
instanceKlass jdk/internal/module/ArchivedModuleGraph
instanceKlass jdk/internal/module/ArchivedBootLayer
instanceKlass jdk/internal/module/ModuleBootstrap$Counters
instanceKlass jdk/internal/module/ModulePatcher
instanceKlass java/io/FileSystem
instanceKlass java/io/DefaultFileSystem
instanceKlass java/io/File
instanceKlass java/lang/module/ModuleDescriptor$1
instanceKlass jdk/internal/access/JavaLangModuleAccess
instanceKlass sun/invoke/util/VerifyAccess
instanceKlass java/util/KeyValueHolder
instanceKlass java/util/ImmutableCollections$MapN$MapNIterator
instanceKlass java/lang/StrictMath
instanceKlass java/lang/invoke/MethodHandles$Lookup
instanceKlass java/lang/invoke/MemberName$Factory
instanceKlass java/lang/invoke/MethodHandles
instanceKlass java/lang/module/ModuleDescriptor
instanceKlass jdk/internal/module/ModuleBootstrap
instanceKlass java/lang/Character$CharacterCache
instanceKlass java/util/HexFormat
instanceKlass jdk/internal/util/ClassFileDumper
instanceKlass sun/security/action/GetPropertyAction
instanceKlass java/lang/invoke/MethodHandleStatics
instanceKlass jdk/internal/misc/Blocker
instanceKlass java/util/concurrent/locks/AbstractQueuedSynchronizer$ConditionObject
instanceKlass java/util/concurrent/locks/Condition
instanceKlass java/util/Collections
instanceKlass java/lang/Thread$ThreadIdentifiers
instanceKlass sun/io/Win32ErrorMode
instanceKlass jdk/internal/misc/OSEnvironment
instanceKlass java/lang/Integer$IntegerCache
instanceKlass jdk/internal/misc/Signal$NativeHandler
instanceKlass java/util/Hashtable$Entry
instanceKlass jdk/internal/misc/Signal
instanceKlass java/lang/Terminator$1
instanceKlass jdk/internal/misc/Signal$Handler
instanceKlass java/lang/Terminator
instanceKlass java/nio/ByteOrder
instanceKlass java/nio/Buffer$2
instanceKlass jdk/internal/access/JavaNioAccess
instanceKlass java/nio/Buffer$1
instanceKlass jdk/internal/misc/ScopedMemoryAccess
instanceKlass java/nio/charset/CodingErrorAction
instanceKlass sun/nio/cs/SingleByte
instanceKlass java/lang/StringUTF16
instanceKlass sun/nio/cs/MS1252$Holder
instanceKlass sun/nio/cs/ArrayEncoder
instanceKlass java/nio/charset/CharsetEncoder
instanceKlass java/io/Writer
instanceKlass java/io/PrintStream$1
instanceKlass jdk/internal/access/JavaIOPrintStreamAccess
instanceKlass jdk/internal/misc/InternalLock
instanceKlass java/io/OutputStream
instanceKlass java/io/Flushable
instanceKlass java/io/FileDescriptor$1
instanceKlass jdk/internal/access/JavaIOFileDescriptorAccess
instanceKlass java/io/FileDescriptor
instanceKlass jdk/internal/util/StaticProperty
instanceKlass jdk/internal/reflect/MethodHandleAccessorFactory
instanceKlass java/lang/reflect/Modifier
instanceKlass java/lang/Class$1
instanceKlass java/lang/Class$Atomic
instanceKlass java/lang/Class$ReflectionData
instanceKlass java/nio/charset/StandardCharsets
instanceKlass sun/nio/cs/HistoricallyNamedCharset
instanceKlass java/nio/charset/spi/CharsetProvider
instanceKlass java/nio/charset/Charset
instanceKlass java/util/HashMap$HashIterator
instanceKlass java/util/concurrent/locks/LockSupport
instanceKlass java/util/concurrent/ConcurrentHashMap$Node
instanceKlass java/util/concurrent/ConcurrentHashMap$CounterCell
instanceKlass java/util/concurrent/locks/ReentrantLock
instanceKlass java/util/concurrent/locks/Lock
instanceKlass java/lang/CharacterData
instanceKlass java/util/Arrays
instanceKlass jdk/internal/util/Preconditions$3
instanceKlass jdk/internal/util/Preconditions$2
instanceKlass jdk/internal/util/Preconditions$4
instanceKlass java/util/function/BiFunction
instanceKlass jdk/internal/util/Preconditions$1
instanceKlass java/util/function/Function
instanceKlass jdk/internal/util/Preconditions
instanceKlass java/lang/Runtime
instanceKlass java/lang/VersionProps
instanceKlass java/lang/StringConcatHelper
instanceKlass java/util/HashMap$Node
instanceKlass java/util/Map$Entry
instanceKlass jdk/internal/util/ArraysSupport
instanceKlass jdk/internal/util/SystemProps$Raw
instanceKlass jdk/internal/util/SystemProps
instanceKlass java/lang/System$2
instanceKlass jdk/internal/access/JavaLangAccess
instanceKlass java/lang/ref/NativeReferenceQueue$Lock
instanceKlass java/lang/ref/ReferenceQueue
instanceKlass java/lang/ref/Reference$1
instanceKlass jdk/internal/access/JavaLangRefAccess
instanceKlass jdk/internal/reflect/ReflectionFactory
instanceKlass java/lang/Math
instanceKlass java/lang/StringLatin1
instanceKlass jdk/internal/reflect/Reflection
instanceKlass jdk/internal/reflect/ReflectionFactory$GetReflectionFactoryAction
instanceKlass java/security/PrivilegedAction
instanceKlass jdk/internal/access/SharedSecrets
instanceKlass java/lang/reflect/ReflectAccess
instanceKlass jdk/internal/access/JavaLangReflectAccess
instanceKlass java/util/ImmutableCollections
instanceKlass java/util/Objects
instanceKlass java/util/Set
instanceKlass jdk/internal/misc/CDS
instanceKlass java/lang/Module$ArchivedData
instanceKlass jdk/internal/misc/VM
instanceKlass java/lang/String$CaseInsensitiveComparator
instanceKlass java/util/Comparator
instanceKlass java/io/ObjectStreamField
instanceKlass jdk/internal/vm/FillerObject
instanceKlass jdk/internal/vm/vector/VectorSupport$VectorPayload
instanceKlass jdk/internal/vm/vector/VectorSupport
instanceKlass java/lang/reflect/RecordComponent
instanceKlass java/util/Iterator
instanceKlass java/lang/Number
instanceKlass java/lang/Character
instanceKlass java/lang/Boolean
instanceKlass java/util/concurrent/locks/AbstractOwnableSynchronizer
instanceKlass java/lang/LiveStackFrame
instanceKlass java/lang/StackFrameInfo
instanceKlass java/lang/StackWalker$StackFrame
instanceKlass java/lang/StackStreamFactory$AbstractStackWalker
instanceKlass java/lang/StackWalker
instanceKlass java/nio/Buffer
instanceKlass java/lang/StackTraceElement
instanceKlass java/util/RandomAccess
instanceKlass java/util/List
instanceKlass java/util/SequencedCollection
instanceKlass java/util/AbstractCollection
instanceKlass java/util/Collection
instanceKlass java/lang/Iterable
instanceKlass java/util/concurrent/ConcurrentMap
instanceKlass java/util/AbstractMap
instanceKlass java/security/CodeSource
instanceKlass jdk/internal/loader/ClassLoaders
instanceKlass java/util/jar/Manifest
instanceKlass java/lang/Enum
instanceKlass java/net/URL
instanceKlass java/io/InputStream
instanceKlass java/io/Closeable
instanceKlass java/lang/AutoCloseable
instanceKlass jdk/internal/module/Modules
instanceKlass jdk/internal/misc/Unsafe
instanceKlass jdk/internal/misc/UnsafeConstants
instanceKlass java/lang/AbstractStringBuilder
instanceKlass java/lang/Appendable
instanceKlass java/lang/AssertionStatusDirectives
instanceKlass java/lang/invoke/MethodHandleNatives$CallSiteContext
instanceKlass jdk/internal/foreign/abi/ABIDescriptor
instanceKlass jdk/internal/foreign/abi/NativeEntryPoint
instanceKlass java/lang/invoke/CallSite
instanceKlass java/lang/invoke/MethodType
instanceKlass java/lang/invoke/TypeDescriptor$OfMethod
instanceKlass java/lang/invoke/LambdaForm
instanceKlass java/lang/invoke/MethodHandleNatives
instanceKlass java/lang/invoke/ResolvedMethodName
instanceKlass java/lang/invoke/MemberName
instanceKlass java/lang/invoke/VarHandle
instanceKlass java/lang/invoke/MethodHandle
instanceKlass jdk/internal/reflect/CallerSensitive
instanceKlass java/lang/annotation/Annotation
instanceKlass jdk/internal/reflect/FieldAccessor
instanceKlass jdk/internal/reflect/ConstantPool
instanceKlass jdk/internal/reflect/ConstructorAccessor
instanceKlass jdk/internal/reflect/MethodAccessor
instanceKlass jdk/internal/reflect/MagicAccessorImpl
instanceKlass jdk/internal/vm/StackChunk
instanceKlass jdk/internal/vm/Continuation
instanceKlass jdk/internal/vm/ContinuationScope
instanceKlass java/lang/reflect/Parameter
instanceKlass java/lang/reflect/Member
instanceKlass java/lang/reflect/AccessibleObject
instanceKlass java/lang/Module
instanceKlass java/util/Map
instanceKlass java/util/Dictionary
instanceKlass java/lang/ThreadGroup
instanceKlass java/lang/Thread$UncaughtExceptionHandler
instanceKlass java/lang/Thread$Constants
instanceKlass java/lang/Thread$FieldHolder
instanceKlass java/lang/Thread
instanceKlass java/lang/Runnable
instanceKlass java/lang/ref/Reference
instanceKlass java/lang/Record
instanceKlass java/security/AccessController
instanceKlass java/security/AccessControlContext
instanceKlass java/security/ProtectionDomain
instanceKlass java/lang/SecurityManager
instanceKlass java/lang/Throwable
instanceKlass java/lang/System
instanceKlass java/lang/ClassLoader
instanceKlass java/lang/Cloneable
instanceKlass java/lang/Class
instanceKlass java/lang/invoke/TypeDescriptor$OfField
instanceKlass java/lang/invoke/TypeDescriptor
instanceKlass java/lang/reflect/Type
instanceKlass java/lang/reflect/GenericDeclaration
instanceKlass java/lang/reflect/AnnotatedElement
instanceKlass java/lang/String
instanceKlass java/lang/constant/ConstantDesc
instanceKlass java/lang/constant/Constable
instanceKlass java/lang/CharSequence
instanceKlass java/lang/Comparable
instanceKlass java/io/Serializable
ciInstanceKlass java/lang/Object 1 1 124 7 1 10 12 1 1 10 7 12 1 1 1 10 7 12 1 1 1 10 12 1 1 8 1 10 12 1 1 10 7 12 1 1 1 10 12 1 10 12 1 1 10 7 12 1 1 1 10 12 1 10 12 1 7 1 10 7 12 1 1 1 10 12 1 1 10 12 1 100 1 8 1 10 12 1 3 8 1 7 1 5 0 1 1 1 1 1 1 1 1 1 1 1 1 1 1 1 1 100 1 1 1 1 1 1 1 1 1 1 7 1 1 1 1 1 1 1 1 1 1 3 1 1
ciInstanceKlass java/io/Serializable 1 0 7 100 1 100 1 1 1
ciInstanceKlass java/lang/System 1 1 834 10 7 12 1 1 1 9 7 12 1 1 1 10 12 1 10 12 1 1 10 12 1 1 10 12 1 9 12 1 1 10 7 12 1 1 1 11 100 12 1 1 1 10 100 12 1 1 1 10 12 1 1 10 12 1 1 100 1 8 1 10 12 1 10 7 12 1 1 1 10 7 12 1 1 1 18 12 1 1 10 7 12 1 1 1 7 1 10 12 1 1 10 7 12 1 1 1 10 12 1 10 7 12 1 1 1 9 100 12 1 1 1 10 7 12 1 1 1 11 7 12 1 1 1 10 12 1 1 10 7 12 1 1 1 7 1 10 10 12 1 1 8 1 10 12 1 8 1 10 12 1 9 12 1 1 8 1 10 7 12 1 1 1 10 12 1 1 100 1 8 1 10 9 12 1 1 8 1 10 12 1 1 10 100 12 1 1 1 8 1 10 12 1 7 1 10 12 1 8 1 10 12 1 10 12 1 1 100 1 10 12 10 12 1 9 12 1 1 9 12 1 1 10 7 12 1 1 1 10 7 12 1 1 1 10 12 1 1 10 12 1 10 12 1 10 7 12 1 1 1 10 12 1 100 1 100 1 8 1 10 12 1 10 12 1 1 7 1 10 12 1 100 1 8 1 10 10 12 1 100 1 8 1 10 8 1 10 7 12 1 1 8 1 10 12 100 1 8 1 10 10 12 1 1 10 7 12 1 1 1 100 1 18 12 1 100 1 9 100 12 1 1 1 10 12 1 100 1 10 12 1 1 10 12 1 1 10 7 12 1 1 1 10 12 1 1 10 12 1 10 12 1 10 12 1 1 10 12 1 7 1 10 12 1 9 7 12 1 1 1 10 7 12 1 1 1 10 12 1 10 12 1 10 7 12 1 1 1 7 1 8 1 10 9 12 1 9 12 1 10 12 1 10 7 12 1 1 10 12 1 10 12 1 1 8 1 10 12 1 1 8 1 11 12 1 10 12 11 12 1 1 11 7 12 1 1 1 11 7 12 1 1 11 12 1 1 7 1 11 12 1 10 12 1 8 1 10 12 1 1 8 1 8 1 8 1 8 1 11 12 1 10 12 1 10 12 1 10 12 1 8 1 10 12 1 1 8 1 9 12 1 8 1 10 7 12 1 1 8 1 7 1 9 7 12 1 1 1 10 12 1 7 1 9 12 10 9 12 7 1 10 12 9 12 1 1 8 1 10 12 1 1 8 1 10 7 12 1 1 10 12 1 10 12 1 1 11 7 12 1 1 10 12 10 7 12 1 1 1 9 12 1 1 7 1 8 1 10 12 1 1 10 7 12 1 1 1 7 1 10 12 1 1 10 12 1 8 1 8 1 10 8 1 8 1 8 1 8 1 10 10 7 12 1 1 10 12 1 10 12 1 1 10 12 1 1 10 12 1 10 100 12 1 1 1 10 7 1 8 1 10 10 10 12 1 1 10 12 1 1 8 1 10 12 1 8 1 8 1 10 12 1 10 7 12 1 1 1 10 12 1 1 7 1 10 10 12 1 10 12 1 9 12 1 1 3 1 3 1 1 1 1 1 1 1 1 1 1 1 1 100 1 1 7 1 1 1 1 1 1 1 1 1 1 1 100 1 7 1 1 1 1 1 1 1 1 1 1 1 1 1 1 1 1 1 1 1 1 1 1 1 1 1 1 1 1 1 1 1 1 1 1 1 1 1 1 1 1 1 1 1 1 1 1 1 1 1 1 1 1 1 1 1 1 1 1 100 1 1 1 1 1 1 1 1 1 1 1 1 1 1 1 1 1 1 1 1 1 1 1 1 1 1 1 1 1 1 1 1 1 100 1 1 16 15 10 12 1 1 16 15 10 12 16 1 15 10 100 12 1 1 1 1 1 1 1 1 1 100 1 100 1 1
staticfield java/lang/System in Ljava/io/InputStream; java/io/BufferedInputStream
staticfield java/lang/System out Ljava/io/PrintStream; java/io/PrintStream
staticfield java/lang/System err Ljava/io/PrintStream; java/io/PrintStream
ciInstanceKlass java/lang/SecurityManager 0 0 576 10 7 12 1 1 1 9 7 12 1 1 1 10 7 12 1 1 1 100 1 8 1 10 12 1 10 12 1 1 10 7 12 1 1 1 10 7 1 10 100 1 10 9 100 12 1 1 1 10 7 12 1 1 1 10 12 1 1 10 7 12 1 1 100 1 8 1 10 9 12 1 1 9 12 1 8 1 9 12 1 7 1 10 8 1 10 12 1 1 10 12 1 10 12 1 1 100 1 10 10 12 1 1 100 1 8 1 10 12 1 8 1 8 1 8 1 8 1 8 1 8 1 10 12 1 8 1 8 1 8 1 8 1 8 1 10 7 12 1 1 1 10 12 1 1 8 1 100 1 8 1 10 8 1 8 1 8 1 8 1 8 1 10 100 12 1 1 8 1 100 1 8 1 8 1 10 8 1 10 12 1 100 1 8 1 10 10 12 1 1 10 12 1 10 12 1 10 12 1 10 100 12 1 1 1 10 12 1 10 100 12 1 1 11 100 12 1 1 1 18 12 1 1 11 100 12 1 1 1 18 12 1 1 11 12 1 1 18 18 11 12 1 18 12 1 11 12 1 1 9 12 1 1 9 12 1 9 12 1 9 12 1 100 1 10 100 12 1 1 10 12 1 10 12 1 18 12 1 18 10 100 12 1 1 1 18 12 1 10 12 1 18 18 8 1 10 12 1 9 12 1 1 11 7 12 1 1 1 8 1 100 1 10 12 1 10 12 1 1 10 12 1 1 9 12 1 1 10 12 1 10 12 1 1 8 1 100 1 10 9 12 1 8 1 10 12 1 8 1 100 1 10 10 100 12 1 1 10 100 1 9 7 12 1 1 1 11 12 1 1 10 12 1 11 12 1 10 12 1 7 1 10 10 12 1 1 10 12 1 1 1 1 1 1 1 1 1 1 1 7 1 1 1 1 1 1 1 1 1 1 1 1 1 1 1 1 1 1 1 1 1 1 1 1 1 1 1 1 1 1 1 1 1 1 1 1 1 1 1 1 1 1 1 1 1 1 1 1 1 1 1 1 1 1 1 1 3 1 1 1 1 1 1 1 1 1 1 100 1 1 1 1 1 1 1 1 1 1 1 1 1 1 1 1 1 1 1 1 1 1 1 1 1 1 1 1 1 1 1 1 1 1 1 1 1 1 16 15 10 7 12 1 1 1 16 1 16 15 10 12 16 1 15 10 12 16 15 11 7 1 16 1 16 1 15 10 12 16 15 10 12 16 15 10 12 1 16 1 15 11 12 1 15 10 12 16 15 10 16 1 15 10 100 12 1 1 1 1 1 1 100 1 100 1 1
ciInstanceKlass java/security/AccessController 1 1 295 10 7 12 1 1 1 10 7 12 1 1 1 10 7 12 1 1 1 10 12 1 1 10 12 1 1 10 7 12 1 1 1 10 12 1 1 10 12 1 10 12 1 1 10 12 1 100 1 8 1 10 12 1 10 12 1 10 12 1 1 10 12 1 7 1 7 1 10 12 1 1 10 12 1 10 12 1 10 12 1 1 10 7 12 1 1 1 10 12 1 1 9 100 12 1 1 1 10 7 12 1 1 1 10 12 1 10 12 1 9 100 12 1 1 1 10 12 1 10 12 1 1 9 12 1 1 10 100 1 10 11 7 12 1 1 1 10 7 12 1 1 11 7 1 7 1 10 12 1 10 12 1 10 12 1 8 1 10 12 1 1 8 1 10 100 12 1 1 1 8 1 7 1 10 10 12 1 1 10 12 1 10 7 12 1 1 1 10 12 1 8 1 10 7 12 1 1 8 1 8 1 10 12 1 8 1 10 12 1 10 12 1 1 10 12 1 1 1 1 1 1 1 1 1 1 1 1 1 1 1 1 1 1 1 1 1 1 1 1 1 1 1 1 100 1 1 1 1 1 1 1 1 1 1 1 1 1 1 1 1 1 1 1 1 1 1 1 1 1 1 1 1 1 1 1 1 1 1 100 1 100 1 1 1 1 1 1 1 1 1 3 1 1 1
staticfield java/security/AccessController $assertionsDisabled Z 1
ciInstanceKlass java/security/ProtectionDomain 1 1 348 10 7 12 1 1 1 9 7 12 1 1 1 7 1 10 9 12 1 1 9 12 1 1 9 12 1 1 10 7 12 1 1 7 1 9 12 1 9 12 1 1 7 1 9 12 1 1 9 12 1 10 100 12 1 1 10 100 12 1 1 1 10 12 1 1 10 12 1 9 12 1 9 100 12 1 1 10 12 1 1 10 100 1 10 12 1 1 8 1 7 1 8 1 10 12 1 10 11 10 7 12 1 1 1 10 12 1 1 8 1 11 8 1 10 12 1 8 1 8 1 10 12 1 1 10 12 1 10 12 1 1 10 12 1 8 1 10 12 1 8 1 8 1 10 7 12 1 1 1 9 100 12 1 1 1 10 12 1 1 9 100 12 1 1 1 10 7 12 1 1 1 100 1 18 12 1 1 10 7 12 1 1 1 10 7 1 10 12 1 10 12 1 1 11 100 12 1 1 11 12 1 100 1 11 7 12 1 1 1 10 12 1 10 11 12 1 1 11 12 1 1 10 12 1 10 7 12 1 1 10 100 12 1 1 11 12 1 10 12 10 12 1 8 1 8 1 10 7 12 1 1 1 7 1 10 10 7 12 1 1 1 1 1 1 1 1 1 1 7 1 1 7 1 1 1 1 1 1 1 1 1 1 1 1 1 1 1 1 1 1 1 1 1 1 1 1 1 1 1 1 1 1 1 1 1 1 1 1 1 1 1 1 1 1 1 1 7 1 1 1 1 1 1 100 1 1 16 15 10 12 16 15 10 100 12 1 1 1 1 1 1 1 100 1 100 1 1
staticfield java/security/ProtectionDomain filePermCompatInPD Z 0
ciInstanceKlass java/security/CodeSource 1 1 398 10 7 12 1 1 1 9 7 12 1 1 1 9 12 1 1 9 12 1 1 9 12 1 1 10 7 12 1 1 1 9 12 1 1 10 7 12 1 1 10 7 10 7 12 1 1 1 10 100 12 1 1 1 10 12 1 1 7 1 10 10 7 12 1 1 1 10 7 12 1 1 1 10 12 1 1 7 1 10 12 1 1 10 12 1 1 10 12 1 1 10 12 1 10 10 10 12 1 1 10 7 12 1 1 1 10 12 1 10 12 1 10 12 1 8 1 10 12 1 10 12 1 10 12 1 1 10 12 1 8 1 10 12 1 1 10 7 1 10 10 12 1 1 8 1 10 12 1 10 12 1 10 12 1 8 1 8 1 9 12 1 1 100 1 8 1 10 12 1 10 12 1 1 8 1 10 12 1 8 1 8 1 8 1 10 100 12 1 1 10 12 1 1 10 12 1 10 12 1 1 10 12 1 1 10 12 1 1 100 1 100 1 10 12 1 10 12 10 12 1 1 10 100 12 1 1 10 12 1 7 1 10 12 10 100 12 1 1 1 10 8 1 10 12 1 10 12 1 10 12 1 1 100 1 10 12 1 1 100 1 7 1 8 1 8 1 10 10 12 1 1 10 100 12 1 1 1 7 1 10 12 10 12 1 1 11 7 12 1 1 10 10 12 1 11 10 12 1 8 1 100 1 10 12 1 10 12 1 1 10 12 1 11 12 1 1 7 1 1 1 1 5 0 1 1 1 1 1 1 1 1 1 1 1 1 1 1 1 1 1 1 1 1 1 1 1 1 1 1 1 1 1 1 1 1 1 1 1 1 1 1 1 1 1 1 1 1 1 1 1 1 1 1 1 1 1 1 1 1 1 1 1 1 1 1 1 1 1 1 100 1 1 1 1 1 1 1
ciInstanceKlass java/lang/Boolean 1 1 152 10 7 12 1 1 1 9 7 12 1 1 1 10 12 1 1 10 12 1 8 1 10 7 12 1 1 9 12 1 1 9 12 1 10 12 1 1 10 12 1 1 10 12 1 1 10 7 12 1 1 1 100 1 100 1 10 12 1 1 9 100 12 1 1 9 12 10 100 12 1 1 1 10 12 1 1 8 1 10 7 12 1 1 1 9 12 1 1 7 1 7 1 7 1 1 1 1 1 1 5 0 1 1 1 1 1 1 1 1 1 1 3 1 1 1 1 1 1 1 1 1 1 1 1 1 1 1 1 1 1 7 1 1 1 1 1 1 1 1 1 1 100 1 1 1 1 1 1 1 1 1
staticfield java/lang/Boolean TRUE Ljava/lang/Boolean; java/lang/Boolean
staticfield java/lang/Boolean FALSE Ljava/lang/Boolean; java/lang/Boolean
staticfield java/lang/Boolean TYPE Ljava/lang/Class; java/lang/Class
ciInstanceKlass java/lang/Comparable 1 0 12 100 1 100 1 1 1 1 1 1 1 1
ciInstanceKlass java/lang/constant/Constable 1 0 11 100 1 100 1 1 1 1 1 1 1
ciInstanceKlass java/util/Map 1 1 263 11 7 12 1 1 1 11 12 1 1 10 7 12 1 1 11 12 1 1 11 7 12 1 1 1 11 7 12 1 1 1 11 12 1 1 7 1 11 12 1 11 12 1 100 1 100 1 10 12 1 1 11 7 12 1 1 1 11 100 12 1 1 1 11 12 1 11 12 1 10 12 1 1 11 12 1 11 100 12 1 9 7 12 1 1 1 100 1 10 12 7 1 7 1 10 12 1 7 1 10 7 1 11 12 1 11 12 1 1 11 12 1 1 7 1 11 12 1 1 1 1 1 1 1 1 1 1 1 1 1 1 1 1 1 1 1 1 1 1 1 1 1 1 1 1 1 1 1 1 1 1 1 1 1 1 1 1 1 1 1 1 1 1 1 1 1 1 1 1 1 1 1 1 1 1 1 1 1 1 1 1 1 1 1 1 1 1 1 1 1 1 1 1 1 1 1 1 1 1 1 1 1 1 1 1 1 1 1 1 1 1 1 1 1 1 1 1 1 1 1 1 1 1 1 1 1 1 1 1 1 1 1 1 1 1 1 1 1 1 1 1 1 1 100 1 1 1 1 1 1 1 1 1 1 1 1 1 1 1 1 1 1
ciInstanceKlass java/lang/Class 1 1 1698 10 7 12 1 1 1 9 7 12 1 1 1 9 12 1 1 10 12 1 1 8 1 10 12 1 8 1 8 1 10 12 1 1 10 7 12 1 1 1 10 12 1 7 1 10 10 12 1 10 12 1 1 10 12 1 1 10 12 1 1 10 7 12 1 1 10 12 1 10 12 1 10 12 1 8 1 10 12 1 8 1 10 12 1 8 1 8 1 10 12 1 1 10 7 12 1 1 1 18 12 1 1 11 7 12 1 1 1 8 1 8 1 8 1 10 7 12 1 1 1 11 12 1 1 8 1 10 12 1 10 11 100 12 1 1 1 11 7 12 1 1 1 11 8 1 18 8 1 10 12 1 10 7 12 1 1 10 12 1 1 10 7 12 1 1 1 10 12 1 1 10 12 1 1 10 7 12 1 1 1 10 12 9 100 12 1 1 1 10 7 12 1 1 1 10 12 1 10 7 12 1 1 1 10 12 1 1 18 12 1 1 10 7 12 1 1 1 10 7 12 1 10 12 1 1 10 7 1 7 1 10 12 1 1 9 12 1 1 100 1 8 1 10 12 1 10 12 1 1 10 12 1 1 10 7 12 1 1 1 7 1 10 12 1 7 1 100 1 10 10 12 1 1 10 12 1 1 100 1 10 7 12 1 1 1 10 12 1 1 10 12 1 1 9 12 1 1 10 12 1 10 12 1 1 9 12 1 1 9 12 1 1 10 12 1 1 10 7 1 10 12 1 10 12 1 10 12 1 1 10 9 12 1 10 12 1 8 1 10 12 1 1 10 12 1 1 10 12 1 10 12 1 1 10 12 1 1 10 12 1 1 9 7 12 1 1 1 10 7 12 1 1 10 12 10 12 1 10 12 1 10 12 1 10 12 1 9 100 12 1 1 1 9 12 1 10 12 1 10 100 12 1 1 1 10 12 1 1 10 7 12 1 1 10 12 1 10 12 1 1 10 100 12 1 1 1 10 12 1 10 12 1 1 10 12 1 10 12 1 10 12 1 1 10 7 1 10 10 10 12 1 1 10 12 1 1 10 12 10 10 12 1 1 7 1 8 1 10 10 12 1 1 10 12 1 100 1 11 12 1 10 100 12 1 1 10 12 1 10 12 1 10 100 12 1 1 10 10 12 1 1 8 1 10 12 1 10 12 1 1 8 1 10 12 1 9 12 1 10 12 1 10 12 1 10 12 1 10 12 7 1 9 12 1 10 12 1 9 12 1 10 12 1 10 12 1 10 12 1 10 10 12 1 10 12 1 10 7 12 1 1 10 12 1 10 12 1 10 12 1 1 10 12 1 10 12 1 10 12 1 100 1 10 12 1 10 12 1 1 10 12 1 1 10 12 1 1 10 12 1 1 10 12 1 1 10 12 1 1 7 1 10 10 12 1 1 10 12 1 1 10 12 1 1 10 10 12 1 10 12 1 1 10 12 1 1 10 12 1 1 10 12 1 1 7 1 10 10 12 11 7 12 1 1 10 12 1 10 12 1 10 7 12 1 1 1 10 12 1 1 10 10 12 1 1 7 1 10 10 12 1 1 10 7 12 1 1 1 100 1 100 1 10 12 1 1 10 12 1 10 10 12 1 1 10 12 1 10 12 1 10 12 1 10 100 12 1 1 1 11 7 12 1 1 10 12 1 10 12 1 9 12 1 10 12 1 1 10 12 1 9 12 1 1 100 1 10 9 12 1 1 10 12 7 1 10 12 1 9 12 1 10 100 12 1 1 1 10 12 1 10 12 1 10 100 12 1 1 1 10 12 1 10 12 10 12 1 1 100 1 10 8 1 10 12 1 11 11 12 1 1 11 7 12 1 1 11 12 1 8 1 10 12 1 10 12 1 1 9 12 1 9 12 1 1 10 7 12 1 1 9 12 1 10 12 1 1 10 10 12 1 10 7 12 1 1 1 10 7 12 1 1 10 7 12 1 1 9 12 1 1 10 12 1 9 12 1 10 12 1 10 12 1 1 9 12 1 1 9 12 1 10 12 1 10 12 1 1 9 12 1 100 1 10 10 12 1 1 7 1 10 12 1 1 100 11 7 1 9 12 1 1 9 12 1 7 1 10 12 1 9 12 1 1 9 12 1 10 12 1 10 12 1 1 9 12 1 7 1 10 10 12 1 1 10 10 12 1 10 12 10 10 12 1 9 12 1 10 12 1 1 10 7 12 1 1 1 10 12 1 1 10 12 1 8 10 7 8 1 18 8 1 8 1 10 12 1 9 12 1 9 12 1 1 10 12 1 7 1 7 1 10 12 1 9 12 1 1 7 1 10 10 12 1 10 7 1 9 12 1 8 1 10 12 1 7 1 10 12 1 10 12 1 1 100 1 7 1 9 12 1 100 1 8 1 10 10 7 12 1 1 1 10 12 11 7 12 1 1 1 10 12 1 10 12 1 1 10 8 1 8 1 10 12 1 1 9 7 12 1 1 11 12 7 1 11 7 12 1 1 9 12 1 10 100 12 1 1 1 10 7 12 1 1 10 12 1 1 9 12 1 9 10 12 1 1 10 12 1 1 10 12 1 1 10 12 1 1 10 12 1 1 11 12 1 100 1 11 12 1 10 100 12 1 1 1 10 12 1 11 12 1 10 100 12 1 1 1 10 12 1 10 100 12 1 1 1 11 12 1 11 12 1 1 10 12 1 10 12 1 1 9 12 1 1 9 100 12 1 1 10 12 1 10 100 12 1 1 1 10 12 1 1 10 12 1 10 12 1 10 12 1 10 7 12 1 1 1 10 12 1 8 1 10 12 1 10 12 1 10 12 1 100 1 10 12 10 100 12 1 1 1 11 100 12 1 1 1 10 12 1 1 10 12 1 18 12 1 1 11 12 1 1 18 11 12 1 18 12 1 11 12 1 10 12 1 1 10 12 1 10 12 1 10 12 1 10 12 1 10 12 10 12 1 8 1 10 12 1 7 1 9 12 1 1 7 1 7 1 7 1 7 1 1 1 3 1 3 1 3 1 1 1 1 1 1 1 5 0 1 1 1 1 1 1 1 1 1 1 1 1 1 1 1 1 1 1 1 1 1 1 1 1 100 1 1 1 1 1 1 1 100 1 1 1 1 1 7 1 1 1 1 1 1 1 1 1 1 1 1 1 1 1 1 1 1 1 1 1 1 1 1 1 1 1 1 1 1 1 1 1 1 1 1 1 1 1 1 1 1 100 1 1 1 1 1 1 1 1 1 1 1 1 1 1 1 1 1 1 1 1 1 1 1 1 1 1 1 1 1 1 1 100 1 1 1 1 1 1 1 1 1 1 1 1 1 1 1 1 1 1 1 1 3 1 1 1 1 1 1 1 1 1 1 1 1 1 1 1 1 1 1 1 1 1 1 1 1 1 1 1 1 1 1 1 1 1 1 1 7 1 7 1 1 1 1 1 1 1 1 1 1 1 1 1 1 1 1 1 1 1 1 1 1 1 1 1 1 1 1 1 1 1 1 1 1 1 1 1 1 1 1 1 1 1 1 1 1 1 1 1 1 1 1 1 1 1 1 1 1 1 1 1 1 1 1 1 1 1 1 1 1 1 1 1 1 1 1 1 1 1 1 1 1 1 1 1 1 1 1 1 1 1 1 1 1 1 1 1 1 1 1 1 1 1 1 1 1 1 1 1 1 1 1 1 1 1 1 1 1 1 1 1 1 1 1 1 1 1 1 1 1 1 1 16 15 10 12 16 15 11 12 16 1 16 15 16 15 10 12 16 16 15 10 12 16 15 16 1 15 10 12 16 15 10 7 12 1 1 1 1 1 1 1 1 1 1 1 1 7 1 1 100 1 100 1 1 100 1 100 1 1 100 1 100 1 1
staticfield java/lang/Class EMPTY_CLASS_ARRAY [Ljava/lang/Class; 0 [Ljava/lang/Class;
staticfield java/lang/Class serialPersistentFields [Ljava/io/ObjectStreamField; 0 [Ljava/io/ObjectStreamField;
ciInstanceKlass java/lang/reflect/AnnotatedElement 1 1 164 11 7 12 1 1 1 11 12 1 1 7 1 10 100 12 1 1 1 10 12 1 1 10 12 1 1 10 12 1 10 100 12 1 1 1 11 12 1 1 11 7 12 1 1 10 7 12 1 1 1 10 12 1 10 100 12 1 1 1 18 12 1 1 11 100 12 1 1 18 12 1 18 12 1 1 10 100 12 1 1 1 11 100 12 1 1 1 7 1 10 100 12 1 1 1 1 1 1 1 1 1 1 1 1 1 1 1 1 1 1 1 1 1 1 1 1 1 100 1 1 1 1 1 1 1 1 1 1 1 16 15 16 1 16 1 15 11 12 16 16 1 15 10 100 12 1 1 1 16 1 15 10 100 12 1 1 1 1 100 1 100 1 1
ciInstanceKlass java/lang/invoke/TypeDescriptor 1 0 17 100 1 100 1 1 1 1 1 1 100 1 100 1 1 1 1
ciInstanceKlass java/lang/reflect/GenericDeclaration 1 0 30 7 1 7 1 7 1 1 1 1 1 1 1 1 100 1 8 1 1 12 10 1 1 1 8 1 1 1 8 1
ciInstanceKlass java/lang/reflect/Type 1 1 17 11 100 12 1 1 1 100 1 1 1 1 1 1 1 1 1
ciInstanceKlass java/lang/invoke/TypeDescriptor$OfField 1 0 21 100 1 100 1 100 1 1 1 1 1 1 1 1 1 1 1 1 1 1 1
ciInstanceKlass java/lang/StringBuilder 1 1 422 10 7 12 1 1 1 10 12 1 10 12 1 10 12 1 1 10 7 12 1 1 1 10 7 12 1 1 1 10 12 1 10 12 1 10 12 1 10 12 1 10 12 1 10 12 1 10 12 1 10 12 1 10 12 1 10 12 1 10 12 1 10 12 1 10 12 1 10 12 1 1 10 12 1 10 12 1 1 10 12 1 1 10 12 1 10 12 1 10 12 1 10 12 1 10 12 1 10 12 1 10 12 1 10 12 10 12 1 10 12 1 10 12 1 10 12 1 1 10 12 1 10 12 1 10 12 10 12 1 1 10 12 1 10 12 1 10 12 1 10 100 12 1 1 1 9 12 1 1 10 12 1 10 12 1 1 10 12 1 1 9 12 1 1 10 100 12 1 1 1 10 100 1 10 12 1 1 10 100 12 1 1 10 12 1 10 12 1 1 100 1 100 1 8 1 10 10 12 1 1 10 12 1 10 12 1 10 12 1 1 10 12 1 10 12 1 10 12 1 10 12 1 10 12 1 10 12 10 12 1 10 12 1 10 12 1 10 12 1 10 12 1 10 12 1 10 12 1 10 12 1 10 12 1 1 10 12 1 1 10 12 1 10 12 1 10 12 1 10 12 10 12 10 12 1 10 12 1 10 12 1 10 12 10 12 1 10 12 1 10 12 1 10 12 1 10 12 1 10 12 1 10 12 1 10 12 1 10 12 1 1 10 12 1 10 12 1 1 10 12 1 10 12 1 1 10 12 1 10 12 1 1 10 12 1 10 12 1 10 12 1 10 10 12 1 10 12 1 7 1 7 1 7 1 7 1 1 1 1 5 0 1 1 1 1 1 1 1 1 1 1 1 1 1 1 1 1 1 1 1 1 1 1 1 1 1 1 1 1 1 1 1 1 1 1 1 1 1 1 1 1 1 1 1 1 100 1 1 1 7 1 1 1 1 1 1 1 1 1 1 1
instanceKlass java/lang/StringBuilder
instanceKlass java/lang/StringBuffer
ciInstanceKlass java/lang/AbstractStringBuilder 1 1 605 7 1 10 7 12 1 1 1 9 7 12 1 1 1 9 12 1 9 12 1 1 9 12 1 1 10 7 12 1 1 1 10 12 1 1 7 1 3 3 10 12 1 10 12 1 1 11 7 1 100 1 7 1 10 8 1 10 12 1 10 12 1 10 12 1 1 10 12 1 10 12 1 9 12 1 10 12 1 9 12 1 1 10 12 1 1 10 7 12 1 1 1 10 10 12 1 10 12 1 10 12 1 1 10 12 1 1 10 7 12 1 1 1 10 7 12 1 1 1 7 1 8 1 10 10 12 1 1 100 1 10 12 10 12 1 1 10 10 12 1 1 10 12 1 1 10 12 1 1 10 12 1 1 10 10 7 12 1 1 1 10 12 1 100 1 10 10 7 12 1 1 1 9 12 1 1 9 12 1 10 12 1 1 10 10 12 1 1 10 12 10 12 1 10 12 1 1 10 12 1 1 10 12 1 1 10 12 1 10 12 1 1 10 12 1 1 10 12 1 10 12 1 1 8 1 10 12 1 1 10 12 1 10 12 1 10 12 1 10 12 1 10 12 1 10 12 1 10 7 12 1 1 10 12 1 10 12 1 10 100 12 1 1 1 100 1 100 1 10 12 1 10 100 12 1 1 10 12 1 10 12 1 10 12 1 10 12 1 1 10 12 1 10 12 1 1 10 12 1 1 10 10 7 12 1 1 1 10 12 1 10 12 1 10 12 1 1 10 12 1 10 12 1 10 12 1 10 12 1 10 12 1 10 12 1 10 12 1 10 12 1 10 12 1 1 10 12 1 10 12 1 10 12 10 12 1 1 18 12 1 1 100 1 10 100 12 1 1 1 18 10 12 1 1 10 12 1 10 12 1 1 11 12 1 1 10 12 1 10 12 10 12 1 10 10 10 12 1 10 5 0 10 10 12 1 1 100 1 8 1 10 10 12 1 1 10 100 12 1 1 1 10 12 1 10 12 1 1 100 1 10 12 100 1 10 100 1 10 7 1 1 1 1 1 1 1 1 1 1 1 100 1 1 1 1 1 1 1 1 1 1 1 1 1 1 1 1 1 1 1 1 1 1 1 1 1 1 1 1 1 1 1 1 1 1 1 1 1 1 1 1 1 1 1 1 1 1 1 1 1 1 1 1 1 1 1 1 1 1 1 1 1 1 1 1 1 1 1 1 1 1 1 1 1 1 1 1 1 1 1 1 1 1 1 1 1 1 1 1 1 1 1 1 1 1 1 1 1 1 1 1 100 1 1 1 1 1 1 1 1 1 1 1 1 1 1 1 1 1 100 1 1 1 1 1 1 7 1 1 16 1 15 10 12 16 15 10 12 15 10 100 12 1 1 1 1 1 1 1 100 1 100 1 1
staticfield java/lang/AbstractStringBuilder EMPTYVALUE [B 0
ciMethod java/lang/StringBuilder toString ()Ljava/lang/String; 10 0 51175 0 -1
ciInstanceKlass java/lang/Appendable 1 0 14 100 1 100 1 1 1 1 100 1 1 1 1 1
ciInstanceKlass java/lang/CharSequence 1 1 131 11 7 12 1 1 1 18 12 1 1 100 1 10 100 12 1 1 1 18 10 100 12 1 1 1 11 12 1 1 11 7 1 11 12 1 1 10 100 12 1 1 1 11 12 1 1 100 1 10 12 1 1 10 100 12 1 1 1 100 1 10 10 12 1 1 7 1 1 1 1 1 1 1 1 1 1 1 1 1 1 1 1 1 1 1 1 1 1 1 1 1 1 1 1 1 1 1 1 1 16 1 15 11 12 16 15 11 12 15 10 100 12 1 1 1 1 1 100 1 100 1 1 100 1 1 100 1 100 1 1
ciInstanceKlass java/lang/AutoCloseable 1 0 12 100 1 100 1 1 1 1 100 1 1 1
ciInstanceKlass java/io/Closeable 1 0 14 100 1 100 1 100 1 1 1 1 100 1 1 1
instanceKlass com/mendix/datastorage/oqltree/AnalysisException
instanceKlass org/hsqldb/persist/LockFile$BaseException
instanceKlass java/util/zip/DataFormatException
instanceKlass org/hsqldb/lib/tar/TarMalformatException
instanceKlass com/mendix/connectionbus/modelsynchronization/DdlExecutionException
instanceKlass com/mendix/connectionbus/connections/jdbc/SystemProperties$CreateFailedException$1$
instanceKlass org/eclipse/jetty/session/UnreadableSessionDataException
instanceKlass org/eclipse/jetty/util/SharedBlockingCallback$BlockerFailedException
instanceKlass org/eclipse/jetty/server/Request$Handler$AbortException
instanceKlass org/eclipse/jetty/util/StaticException
instanceKlass sun/security/pkcs11/wrapper/PKCS11Exception
instanceKlass java/net/URISyntaxException
instanceKlass java/lang/CloneNotSupportedException
instanceKlass javax/management/JMException
instanceKlass com/mendix/metrics/MonitoringConfigurationError
instanceKlass com/mendix/m2ee/api/AdminException
instanceKlass java/security/GeneralSecurityException
instanceKlass javax/websocket/DeploymentException
instanceKlass java/util/concurrent/ExecutionException
instanceKlass java/util/concurrent/TimeoutException
instanceKlass java/sql/SQLException
instanceKlass java/text/ParseException
instanceKlass com/sun/activation/registries/MailcapParseException
instanceKlass com/mendix/systemwideinterfaces/MendixException
instanceKlass java/lang/InterruptedException
instanceKlass javax/servlet/ServletException
instanceKlass java/security/PrivilegedActionException
instanceKlass org/xml/sax/SAXException
instanceKlass java/io/IOException
instanceKlass java/lang/ReflectiveOperationException
instanceKlass java/lang/RuntimeException
ciInstanceKlass java/lang/Exception 1 1 40 10 7 12 1 1 1 10 12 1 10 12 1 10 12 1 10 12 1 100 1 1 1 1 5 0 1 1 1 1 1 1 1 1 1 1 1 1 1 1
instanceKlass org/eclipse/jetty/util/ConstantThrowable
instanceKlass scala/util/control/ControlThrowable
instanceKlass scala/concurrent/Future$$anon$4
instanceKlass com/mendix/container/wiring/WiringError
instanceKlass scala/runtime/Nothing$
instanceKlass scala/runtime/Nothing$
instanceKlass java/lang/Exception
instanceKlass java/lang/Error
ciInstanceKlass java/lang/Throwable 1 1 404 10 7 12 1 1 1 9 7 12 1 1 1 9 12 1 1 9 12 1 9 12 1 1 9 12 1 10 12 1 1 9 12 1 1 10 12 1 1 10 12 1 100 1 7 1 10 8 1 10 12 1 1 8 1 10 100 12 1 1 10 10 12 1 100 1 8 1 10 10 12 1 1 10 7 12 1 1 10 12 1 8 1 9 7 12 1 1 1 10 12 1 1 100 1 10 12 10 12 1 10 7 12 1 1 1 7 1 10 12 10 12 1 10 12 1 7 1 10 10 7 12 1 1 1 11 7 12 1 1 1 10 12 1 1 10 12 1 1 8 1 10 12 1 10 12 1 1 8 1 8 1 10 12 1 1 10 12 1 8 1 8 1 9 12 1 1 10 12 1 1 100 1 10 11 12 1 8 1 8 1 10 7 12 1 1 8 1 10 12 1 8 1 7 1 10 12 1 9 12 1 1 10 12 1 10 100 12 1 9 12 1 1 10 12 1 1 100 1 8 1 10 12 1 10 100 12 1 1 10 12 1 1 7 1 10 100 12 1 1 1 10 12 1 11 7 12 1 1 1 11 7 12 1 1 11 12 1 8 1 10 12 1 1 8 1 10 10 9 100 12 1 1 1 8 1 10 12 1 1 11 10 100 1 8 1 10 11 12 1 1 8 1 9 12 1 10 100 12 1 1 11 9 12 1 1 11 12 1 1 100 10 12 1 10 12 1 1 7 1 1 1 1 5 0 1 1 1 1 1 1 1 1 1 1 1 1 1 7 1 1 1 1 1 1 1 1 1 1 1 1 1 1 1 1 1 1 1 1 1 1 1 1 1 1 1 1 1 1 1 1 1 1 1 1 1 1 1 1 1 1 1 1 100 1 7 1 1 1 1 1 1 1 1 1 1 1 1 1 1 1 1 1 1
staticfield java/lang/Throwable UNASSIGNED_STACK [Ljava/lang/StackTraceElement; 0 [Ljava/lang/StackTraceElement;
staticfield java/lang/Throwable SUPPRESSED_SENTINEL Ljava/util/List; java/util/Collections$EmptyList
staticfield java/lang/Throwable EMPTY_THROWABLE_ARRAY [Ljava/lang/Throwable; 0 [Ljava/lang/Throwable;
staticfield java/lang/Throwable $assertionsDisabled Z 1
ciMethod java/lang/Throwable printStackTrace ()V 0 0 1 0 -1
instanceKlass java/security/Provider
ciInstanceKlass java/util/Properties 1 1 690 10 7 12 1 1 1 100 1 10 7 12 1 1 7 1 10 12 1 9 12 1 1 9 12 1 1 9 12 1 1 10 7 12 1 1 1 10 12 1 1 8 1 10 7 12 1 1 1 7 1 10 12 1 10 12 1 1 8 1 10 12 1 7 1 10 12 10 12 1 1 9 12 1 1 10 12 1 1 7 1 10 12 1 10 12 1 10 12 1 1 100 1 8 1 10 12 1 10 12 1 10 12 1 1 10 12 1 7 1 3 10 10 7 12 1 1 1 10 12 1 10 12 1 1 8 1 10 12 1 10 12 1 1 8 1 10 7 12 1 1 10 12 1 1 10 12 1 10 12 1 1 100 1 10 12 1 10 12 1 1 7 1 9 7 12 1 1 1 10 12 1 10 12 1 1 10 12 1 1 10 12 1 1 7 1 9 12 1 1 7 1 7 1 10 12 1 7 1 11 7 12 1 1 1 11 12 1 1 11 7 12 1 1 1 11 7 12 1 1 1 11 12 1 1 11 12 1 11 12 1 10 12 1 1 8 1 10 12 1 10 7 12 1 1 10 12 1 7 1 10 10 12 1 10 12 1 100 1 10 10 12 1 1 10 7 12 1 1 9 100 12 1 1 10 12 1 1 10 100 12 1 1 1 100 1 100 1 100 1 10 8 1 8 1 10 12 1 10 12 1 10 12 1 1 10 10 12 1 1 10 12 1 1 7 1 10 10 12 1 11 7 12 1 1 10 7 12 1 1 1 8 1 10 100 12 1 1 11 11 7 1 8 1 10 100 1 11 10 12 1 10 10 12 1 10 12 1 1 10 12 1 1 10 12 1 1 10 12 1 10 12 1 10 10 12 1 10 12 1 10 12 1 10 10 12 1 1 10 12 1 1 10 10 12 1 10 12 1 10 12 1 10 12 1 10 12 1 1 10 12 1 1 10 12 1 10 12 1 10 12 1 1 10 12 10 12 1 1 10 12 1 1 10 12 1 10 12 1 1 10 12 1 1 10 12 10 11 12 1 4 11 10 12 1 1 10 100 12 1 1 11 12 1 10 12 1 1 10 100 12 1 1 10 12 1 100 1 8 1 10 12 1 10 10 100 12 1 1 1 100 1 6 0 10 12 1 1 11 100 12 1 1 1 10 12 1 10 12 1 1 1 1 1 5 0 1 1 1 1 1 1 1 1 1 1 1 1 1 1 1 1 1 1 1 1 1 1 1 1 1 1 1 1 1 1 1 1 1 1 1 1 1 1 1 100 1 1 1 1 1 1 1 1 1 1 1 1 1 1 1 1 1 1 1 1 100 1 1 1 1 1 1 1 1 1 1 1 1 7 1 7 1 1 1 1 1 100 1 1 1 1 1 1 1 1 1 1 1 1 1 1 1 1 1 1 1 1 1 1 1 1 1 1 1 1 1 1 1 1 1 1 1 1 1 1 1 1 1 1 1 1 1 1 1 1 1 1 1 1 1 1 1 1 1 1 1 1 1 1 1 1 1 1 1 1 1 1 1 1 1 1 1 1 1 7 1 1 1 1 1 1 1 1 1 1 1 100 1 1
staticfield java/util/Properties UNSAFE Ljdk/internal/misc/Unsafe; jdk/internal/misc/Unsafe
instanceKlass org/osgi/service/event/Event$FilterProperties
instanceKlass scala/collection/convert/JavaCollectionWrappers$DictionaryWrapper
instanceKlass java/util/Hashtable
ciInstanceKlass java/util/Dictionary 1 1 36 10 7 12 1 1 1 100 1 1 1 1 1 1 1 1 1 1 1 1 1 1 1 1 1 1 1 1 1 1 1 1 1 1 1 1
instanceKlass org/apache/commons/logging/impl/WeakHashtable
instanceKlass java/util/Properties
ciInstanceKlass java/util/Hashtable 1 1 516 7 1 10 7 12 1 1 1 9 7 12 1 1 1 100 1 7 1 10 8 1 10 12 1 1 10 12 1 10 12 1 1 10 12 1 10 7 12 1 1 1 8 1 10 12 1 9 12 1 1 7 1 9 12 1 1 4 10 7 12 1 1 1 9 12 1 4 10 12 1 11 7 12 1 1 1 10 12 1 1 10 12 1 1 9 12 1 10 12 1 1 100 1 10 9 12 1 1 10 7 12 1 1 1 9 12 1 1 10 12 1 10 12 1 3 9 12 1 9 12 1 3 10 12 1 10 12 1 10 12 1 1 11 12 1 1 11 100 12 1 1 1 11 7 12 1 1 1 11 12 1 100 1 11 12 1 11 12 1 10 12 1 1 10 12 1 1 10 12 1 9 12 1 1 9 12 9 12 1 1 10 100 1 7 1 10 12 1 10 8 1 10 10 12 1 8 1 10 8 1 10 7 12 1 1 1 7 1 10 12 1 10 12 1 100 1 10 12 1 10 12 1 1 100 1 10 7 1 10 10 12 1 1 11 12 1 1 11 12 1 7 1 10 10 10 100 12 1 1 11 100 12 1 1 1 100 1 10 11 100 12 1 1 11 100 12 1 10 12 1 10 12 1 1 10 100 12 1 1 10 12 1 1 10 12 1 1 10 12 1 1 10 100 12 1 1 1 8 10 100 12 1 1 100 1 8 1 10 4 4 10 12 1 1 10 12 1 8 1 4 10 12 10 100 12 1 1 1 100 1 11 100 12 1 1 1 10 100 12 1 1 1 10 12 1 10 12 1 1 10 7 1 7 1 1 1 1 1 1 5 0 1 1 1 1 1 3 1 3 1 3 1 1 1 1 1 1 1 1 1 1 1 1 1 1 1 1 1 1 1 1 1 1 1 1 1 100 1 1 1 1 1 1 1 1 1 1 1 1 1 1 1 1 1 1 1 1 1 1 1 1 1 1 1 1 1 7 1 1 1 1 1 1 1 1 1 1 1 1 1 1 7 1 1 1 1 1 1 1 1 1 1 1 1 1 1 1 1 1 1 1 1 1 1 1 1 1 1 1 1 1 1 1 1 1 1 1 1 1 1 1 1 1 1 1 1 100 1 1 1 7 1 1 1 1 1 7 1 1 1 1 1 1 1 1 1 1 1 1 1 1 1 1 1 1
ciInstanceKlass java/lang/String 1 1 1443 10 7 12 1 1 1 8 1 9 7 12 1 1 1 9 12 1 1 9 12 1 1 9 12 1 1 10 12 1 10 12 1 1 10 12 1 1 9 12 1 10 7 12 1 1 1 10 7 1 10 7 12 1 1 1 10 12 1 1 10 12 1 1 10 12 1 10 12 1 1 10 12 1 10 7 12 1 1 1 7 1 9 7 12 1 1 1 10 7 12 1 1 1 10 7 12 1 1 1 10 12 1 1 10 12 1 1 10 12 1 1 10 12 1 1 9 7 12 1 1 10 12 9 7 12 1 1 10 12 1 1 3 10 12 1 1 7 1 11 12 1 1 11 12 1 11 12 1 1 10 7 12 1 1 1 10 12 1 1 9 100 12 1 1 1 10 12 1 1 10 12 1 11 12 1 1 10 12 1 1 10 12 10 12 1 1 10 7 12 1 1 1 10 12 1 1 10 12 1 1 100 1 7 1 10 12 1 10 12 1 10 12 1 1 100 1 10 12 1 1 100 1 10 12 1 1 10 12 1 1 10 12 1 10 10 12 1 100 1 100 1 100 1 10 12 1 10 12 1 1 10 12 1 1 10 12 1 10 12 1 1 10 12 1 1 10 100 12 1 1 100 1 11 10 7 12 1 1 11 12 1 11 12 1 10 12 1 1 10 12 1 10 12 10 12 1 1 10 10 7 12 1 1 1 10 7 12 1 1 10 12 1 1 10 7 12 1 1 10 12 1 10 12 1 1 10 12 1 1 10 12 1 10 12 1 10 12 1 1 100 1 10 12 1 1 10 12 10 12 1 10 12 1 1 10 12 1 1 10 7 12 1 1 1 10 12 1 10 12 1 1 10 12 1 10 12 1 3 3 10 12 1 1 10 12 1 10 12 1 1 10 12 1 1 10 12 1 1 10 12 1 10 12 1 1 10 12 1 1 10 12 1 10 12 1 10 12 1 10 12 1 1 10 12 1 10 12 1 10 12 1 10 12 1 10 12 1 10 12 1 10 7 1 10 8 1 10 12 1 1 10 12 1 8 1 10 12 1 1 10 12 10 12 1 8 1 10 10 12 1 1 10 12 1 1 10 12 1 1 10 7 1 10 10 12 1 10 12 1 10 12 1 10 10 12 1 10 12 1 10 12 1 10 12 1 10 12 1 10 12 1 10 12 1 1 10 12 1 1 10 12 1 1 10 10 12 1 1 10 10 12 1 100 1 10 10 12 1 1 10 12 1 1 10 7 1 10 12 1 10 12 1 10 7 12 1 1 1 10 12 1 10 12 1 1 10 12 1 11 7 1 11 12 10 12 1 10 12 1 1 10 12 1 1 10 10 12 1 10 12 1 9 12 1 1 11 7 12 1 1 1 10 12 10 10 12 1 10 12 1 1 10 10 12 1 10 12 1 10 12 1 1 10 12 1 1 10 10 12 1 1 10 12 1 10 10 12 1 10 12 10 10 12 10 10 12 1 10 12 1 10 10 12 10 7 12 1 1 1 10 12 10 10 12 10 12 1 10 12 10 12 10 10 12 1 10 12 1 1 10 12 1 1 10 10 12 1 10 7 12 1 1 1 10 12 1 1 10 10 7 12 1 1 1 11 10 12 1 10 12 1 1 10 12 1 1 10 7 12 1 1 1 10 12 1 10 12 1 10 12 1 10 12 1 10 12 1 10 12 1 100 1 7 1 8 1 10 10 10 12 1 10 12 1 1 8 1 10 12 1 3 3 10 12 1 10 12 1 1 10 12 7 1 10 10 12 1 1 10 12 1 10 12 1 10 12 1 1 10 12 1 1 11 7 12 1 1 1 7 1 10 12 1 10 12 1 1 8 1 10 12 1 1 10 12 1 11 7 12 1 1 1 11 7 12 1 1 11 12 1 10 12 1 10 12 1 1 10 10 7 12 1 1 1 10 12 1 10 12 1 10 10 12 10 12 1 1 10 10 12 1 10 10 12 1 10 10 12 1 10 10 12 1 10 12 1 1 10 10 12 1 8 1 10 12 1 1 18 12 1 1 11 100 12 1 1 1 7 1 3 18 12 1 18 12 1 8 1 10 100 12 1 1 1 11 12 1 1 10 12 10 10 12 1 10 11 12 1 1 10 12 1 1 11 12 1 18 3 11 10 12 1 11 11 10 12 1 10 12 1 1 8 1 10 12 1 10 12 1 10 12 1 1 10 10 12 1 11 100 12 1 100 1 100 1 10 12 100 1 10 10 100 12 1 1 1 100 1 10 7 1 10 10 12 1 10 10 12 1 8 1 10 10 12 1 8 1 8 1 10 12 1 10 12 1 10 10 12 10 7 12 1 1 10 7 12 1 1 10 7 12 1 1 8 1 10 12 1 10 12 1 10 9 12 1 10 12 9 7 12 1 1 1 10 12 1 10 12 1 10 12 1 10 12 1 10 12 1 8 1 10 100 12 1 1 1 10 12 10 12 1 1 10 12 10 10 12 10 12 7 1 9 12 1 1 7 1 10 7 1 7 1 7 1 7 1 1 1 1 1 1 5 0 1 1 1 1 1 3 1 3 1 1 1 1 1 1 1 1 1 1 1 1 1 1 1 100 1 1 1 1 1 1 1 1 1 1 1 1 1 1 1 1 1 1 1 1 1 1 1 1 1 1 1 1 1 1 1 100 1 1 1 1 1 1 1 1 1 1 7 1 1 1 1 1 1 1 1 1 1 1 1 1 1 1 1 1 1 1 1 1 1 1 1 1 1 1 1 1 1 1 1 1 1 1 1 1 1 1 1 1 1 1 1 1 1 1 1 1 1 1 1 1 1 1 1 1 1 1 1 1 1 1 1 1 1 1 1 1 1 1 1 1 1 1 1 1 1 1 1 1 1 1 1 1 1 1 1 1 1 1 1 1 1 1 1 1 1 1 1 1 1 1 1 1 1 1 1 1 1 1 1 1 1 1 1 1 1 1 1 1 1 1 1 1 1 1 1 1 1 1 1 1 1 1 1 1 1 1 1 1 1 1 1 1 1 1 1 1 1 1 1 1 1 1 1 1 1 1 1 1 1 1 1 1 1 1 1 1 1 1 1 1 1 1 100 1 1 1 1 1 1 1 1 1 1 1 1 1 1 1 1 1 1 1 1 1 1 1 100 1 1 1 1 1 1 1 1 1 1 1 1 1 1 1 7 1 1 1 1 1 1 1 1 1 1 1 1 1 1 1 16 15 10 12 16 15 10 12 15 10 12 15 10 12 15 10 100 12 1 1 1 1 1 1 1 100 1 100 1 1 1
staticfield java/lang/String COMPACT_STRINGS Z 1
staticfield java/lang/String serialPersistentFields [Ljava/io/ObjectStreamField; 0 [Ljava/io/ObjectStreamField;
staticfield java/lang/String CASE_INSENSITIVE_ORDER Ljava/util/Comparator; java/lang/String$CaseInsensitiveComparator
ciMethod java/lang/String equals (Ljava/lang/Object;)Z 4202 0 7366 0 -1
ciInstanceKlass java/lang/constant/ConstantDesc 1 0 37 100 1 100 1 1 1 1 100 1 1 1 1 100 1 100 1 100 1 100 1 100 1 100 1 100 1 100 1 100 1 1 100 1 100 1 1
ciInstanceKlass java/lang/InternalError 0 0 34 10 100 12 1 1 1 10 12 1 10 12 1 10 12 1 100 1 1 1 1 5 0 1 1 1 1 1 1 1 1 1 1 1
instanceKlass java/lang/ThreadDeath
instanceKlass java/util/ServiceConfigurationError
instanceKlass scala/NotImplementedError
instanceKlass scala/NotImplementedError
instanceKlass java/lang/AssertionError
instanceKlass java/lang/VirtualMachineError
instanceKlass java/lang/LinkageError
ciInstanceKlass java/lang/Error 1 1 40 10 7 12 1 1 1 10 12 1 10 12 1 10 12 1 10 12 1 100 1 1 1 1 5 0 1 1 1 1 1 1 1 1 1 1 1 1 1 1
instanceKlass java/lang/StackOverflowError
instanceKlass java/lang/OutOfMemoryError
instanceKlass java/lang/InternalError
ciInstanceKlass java/lang/VirtualMachineError 1 1 34 10 100 12 1 1 1 10 12 1 10 12 1 10 12 1 100 1 1 1 1 5 0 1 1 1 1 1 1 1 1 1 1 1
ciInstanceKlass java/util/Set 1 1 144 100 1 10 7 12 1 1 1 9 7 12 1 1 1 7 1 10 12 1 1 10 12 1 7 1 7 1 10 12 1 7 1 7 1 11 7 12 1 1 1 11 12 1 1 7 1 10 12 1 10 12 1 1 11 12 1 1 1 1 1 1 1 1 1 1 1 1 1 1 1 1 1 1 1 1 1 1 1 1 1 1 1 1 1 1 1 1 1 1 1 1 1 1 1 1 1 1 1 1 1 1 1 1 1 1 1 1 1 1 1 1 1 1 1 1 1 1 1 1 1 1 1 1 1 1 1 1 1 1 1 1 1 1 1 1 1 1 1 1 1 1 1 1
ciInstanceKlass java/util/Iterator 1 1 53 100 1 8 1 10 12 1 1 10 7 12 1 1 1 11 7 12 1 1 1 11 12 1 1 11 7 12 1 1 1 7 1 1 1 1 1 1 1 1 1 1 1 1 1 1 1 1 1 1 1 1 1
instanceKlass org/hsqldb/lib/StringInputStream
instanceKlass org/hsqldb/lib/CountdownInputStream
instanceKlass org/hsqldb/lib/ReaderInputStream
instanceKlass org/hsqldb/lib/HsqlByteArrayInputStream
instanceKlass com/azure/storage/common/StorageInputStream
instanceKlass org/eclipse/jetty/io/content/ContentSourceInputStream
instanceKlass javax/servlet/ServletInputStream
instanceKlass sun/nio/ch/ChannelInputStream
instanceKlass java/util/jar/JarVerifier$VerifierStream
instanceKlass com/sun/org/apache/xerces/internal/impl/XMLEntityManager$RewindableInputStream
instanceKlass java/util/zip/ZipFile$ZipFileInputStream
instanceKlass java/io/FilterInputStream
instanceKlass java/io/FileInputStream
instanceKlass java/io/ByteArrayInputStream
ciInstanceKlass java/io/InputStream 1 1 195 7 1 10 7 12 1 1 1 100 1 10 10 7 12 1 1 1 10 7 12 1 1 1 10 12 1 100 1 3 10 12 1 1 100 1 8 1 10 12 1 10 7 12 1 1 1 3 7 1 8 1 10 10 7 12 1 1 1 7 1 10 11 7 12 1 1 1 10 12 1 1 11 12 1 1 11 7 12 1 1 1 11 12 1 1 7 1 10 7 12 1 1 1 5 0 10 12 1 10 12 1 1 100 1 10 8 1 10 8 1 8 1 10 12 1 1 10 100 12 1 1 1 7 1 5 0 10 12 1 100 1 7 1 1 1 1 3 1 3 1 1 1 1 1 1 1 1 1 1 1 1 1 1 1 1 1 1 1 1 1 1 1 1 1 1 1 1 1 1 1 1 1 1 1 1 1 1 1 1 1 1 1 1 1 1 1 1 1 1 1 1 1 1 1
ciInstanceKlass jdk/internal/misc/Unsafe 1 1 1287 10 7 12 1 1 1 9 7 12 1 1 1 9 12 1 1 10 12 1 1 10 7 12 1 1 1 10 12 1 1 10 12 1 1 10 12 1 1 10 12 1 1 10 12 1 1 10 12 1 1 10 12 1 1 10 12 1 1 10 12 1 1 10 12 1 1 10 12 1 1 10 12 1 1 10 12 1 1 10 12 1 10 12 1 100 1 10 10 12 1 1 10 12 1 1 5 0 10 12 1 1 10 12 1 1 10 7 12 1 1 1 10 12 1 1 10 12 1 10 12 1 10 12 1 1 10 12 1 1 10 12 1 10 12 1 7 1 7 1 10 8 1 10 12 1 1 10 12 1 8 1 10 12 1 1 10 12 1 10 12 1 10 12 1 1 10 12 1 10 12 1 1 10 12 1 1 10 12 1 10 12 1 10 12 1 10 12 1 1 10 12 1 10 12 1 10 12 1 1 10 12 1 5 0 5 0 5 0 10 12 1 10 12 1 10 12 1 10 12 1 10 12 1 10 12 1 10 12 1 10 12 1 10 12 1 1 10 12 1 10 12 1 7 1 8 1 10 100 1 10 10 12 1 1 10 12 1 1 10 12 1 10 12 1 1 10 12 1 1 10 12 1 10 12 1 1 10 12 1 9 7 12 1 1 9 12 1 100 1 10 10 12 1 1 8 1 10 8 1 8 1 10 12 1 1 9 7 12 1 1 1 9 7 1 9 7 1 9 7 1 9 9 7 1 9 7 1 9 7 1 10 12 1 1 10 12 1 1 10 12 1 1 10 12 1 1 5 0 5 0 9 12 1 1 10 12 1 10 12 1 10 12 1 1 10 12 1 1 10 12 1 8 1 3 10 12 1 1 10 12 1 1 10 12 1 10 12 1 1 10 12 1 1 10 12 1 10 12 1 10 12 1 10 12 1 10 12 1 10 12 1 1 10 12 1 1 10 12 1 10 12 1 10 12 1 10 12 1 10 12 1 10 12 1 1 10 12 1 1 10 12 1 10 12 1 10 12 1 10 12 1 10 12 1 10 12 1 1 10 12 1 1 10 12 1 1 10 12 1 1 10 12 1 10 12 1 10 12 1 10 12 1 10 12 1 10 12 1 10 12 1 1 10 12 1 1 10 12 1 10 12 1 10 12 1 10 12 1 10 12 1 10 12 1 10 12 1 1 10 12 1 1 10 12 1 10 12 1 10 12 1 10 12 1 10 12 1 10 12 1 10 12 1 10 12 1 1 10 12 1 10 12 1 10 12 1 10 12 1 10 12 1 1 10 12 1 10 12 1 10 12 1 10 12 1 10 12 1 10 12 1 10 12 1 10 12 1 1 10 12 1 10 12 1 10 12 1 10 12 1 10 12 1 10 12 1 1 10 12 1 10 12 1 10 12 1 1 10 12 1 10 12 1 10 12 1 10 12 1 10 12 1 10 12 1 10 12 1 10 12 1 10 12 1 10 12 1 10 12 1 10 12 1 10 12 1 10 12 1 10 12 1 10 12 1 10 12 1 10 12 1 10 12 1 10 12 1 10 12 1 10 12 1 10 12 1 100 1 10 100 1 10 9 12 1 5 0 10 12 1 1 5 0 10 12 1 5 0 10 12 1 10 12 1 10 12 1 1 10 12 1 1 10 12 1 10 12 1 10 12 1 10 12 1 1 10 12 1 10 12 1 10 12 1 10 12 1 10 12 1 1 10 12 1 10 12 1 10 12 1 10 12 1 1 10 12 1 10 12 1 10 12 1 1 10 12 1 10 12 1 10 12 1 10 12 1 1 10 12 1 10 10 12 1 1 10 12 1 10 12 1 1 10 12 1 10 12 5 0 5 0 5 0 10 12 1 1 10 12 1 10 12 1 10 12 10 100 12 1 1 8 1 100 1 11 12 1 1 8 1 11 12 1 1 10 100 12 1 1 10 12 1 10 12 1 10 12 1 10 12 1 10 12 1 1 10 12 1 10 12 1 10 12 1 10 12 1 10 12 1 10 12 1 10 7 1 10 12 1 9 12 1 7 1 9 12 1 7 1 9 12 1 7 1 9 12 1 7 1 9 12 1 7 1 9 12 1 7 1 9 12 1 7 1 9 12 1 7 1 9 12 1 10 12 1 9 12 1 9 12 1 9 12 1 9 12 1 9 12 1 9 12 1 9 12 1 9 12 1 9 12 1 9 12 1 1 1 3 1 1 1 1 1 1 1 1 1 1 1 1 1 1 1 1 1 1 1 1 1 1 1 1 1 1 1 1 1 1 1 1 1 1 1 1 1 1 1 1 1 1 1 1 1 1 1 1 1 1 1 1 1 1 1 1 1 1 1 1 1 1 1 1 1 1 1 1 1 1 1 1 1 1 1 1 1 1 1 1 1 1 1 1 1 1 1 1 1 100 1 1 1 1 1 1 1 1 1 1 1 1 1 1 1 1 1 1 1 1 1 1 1 1 1 1 1 1 1 1 1 1 1 1 1 1 1 1 1 1 1 1 1 1 1 1 1 1 1 1 1 1 1 1 1 1 1 1 1 1 1 1 1 1 1 1 1 1 1 1 1 1 1 1 1 1 1 1 1 1 1 1 1 1 1 1 1 1 1 1 1 1 1 1 1 1 1 1 1 1 1 1 1 1 1 1 1 1 1 1 1 1 1 1 1 1 1 1 1 1 1 1 1 1 1 1 1 1 1 1 1 1 1 1 1 1 1 1 1 1 1 1 1 1 1 1 1 1 1 1 1 1 1 1 1 1 1 1 1 1 1 1 1 1 1 1 1 1 1 1 1 1 1 1 1 1 1 1 1 1 1 1 1 1 1 1 1 1 1 1 1 1 1 1 1 1 1 1 1 1 1 1 1 1 1 1 3 1 1 1 1 1 1 1 1 1 1 1 1 1 1 1 1 1 1 1 1 1
staticfield jdk/internal/misc/Unsafe theUnsafe Ljdk/internal/misc/Unsafe; jdk/internal/misc/Unsafe
staticfield jdk/internal/misc/Unsafe ARRAY_BOOLEAN_BASE_OFFSET I 16
staticfield jdk/internal/misc/Unsafe ARRAY_BYTE_BASE_OFFSET I 16
staticfield jdk/internal/misc/Unsafe ARRAY_SHORT_BASE_OFFSET I 16
staticfield jdk/internal/misc/Unsafe ARRAY_CHAR_BASE_OFFSET I 16
staticfield jdk/internal/misc/Unsafe ARRAY_INT_BASE_OFFSET I 16
staticfield jdk/internal/misc/Unsafe ARRAY_LONG_BASE_OFFSET I 16
staticfield jdk/internal/misc/Unsafe ARRAY_FLOAT_BASE_OFFSET I 16
staticfield jdk/internal/misc/Unsafe ARRAY_DOUBLE_BASE_OFFSET I 16
staticfield jdk/internal/misc/Unsafe ARRAY_OBJECT_BASE_OFFSET I 16
staticfield jdk/internal/misc/Unsafe ARRAY_BOOLEAN_INDEX_SCALE I 1
staticfield jdk/internal/misc/Unsafe ARRAY_BYTE_INDEX_SCALE I 1
staticfield jdk/internal/misc/Unsafe ARRAY_SHORT_INDEX_SCALE I 2
staticfield jdk/internal/misc/Unsafe ARRAY_CHAR_INDEX_SCALE I 2
staticfield jdk/internal/misc/Unsafe ARRAY_INT_INDEX_SCALE I 4
staticfield jdk/internal/misc/Unsafe ARRAY_LONG_INDEX_SCALE I 8
staticfield jdk/internal/misc/Unsafe ARRAY_FLOAT_INDEX_SCALE I 4
staticfield jdk/internal/misc/Unsafe ARRAY_DOUBLE_INDEX_SCALE I 8
staticfield jdk/internal/misc/Unsafe ARRAY_OBJECT_INDEX_SCALE I 4
staticfield jdk/internal/misc/Unsafe ADDRESS_SIZE I 8
instanceKlass jdk/internal/reflect/DelegatingClassLoader
instanceKlass java/security/SecureClassLoader
ciInstanceKlass java/lang/ClassLoader 1 1 1108 9 7 12 1 1 1 10 7 12 1 1 1 9 12 1 1 10 7 12 1 1 1 7 1 10 12 1 1 10 12 1 1 9 12 1 1 10 12 1 1 100 1 10 12 1 10 12 1 1 10 7 12 1 1 1 100 1 8 1 10 12 1 10 7 12 1 1 1 10 7 12 1 10 7 1 10 7 1 7 1 7 1 10 12 1 10 12 1 9 12 1 1 10 10 7 12 1 1 1 9 12 1 1 9 12 1 9 12 1 1 9 12 1 9 12 1 1 9 12 1 1 7 1 10 12 1 9 12 1 1 10 12 1 1 10 7 12 1 1 1 9 12 1 9 12 1 1 9 12 1 10 12 1 1 9 12 10 12 1 1 7 1 10 8 1 10 12 1 1 10 12 1 10 7 1 7 1 10 12 1 1 10 7 12 1 1 1 8 1 10 12 1 10 12 1 10 12 1 1 10 12 1 1 10 12 1 1 10 12 1 1 10 12 1 1 10 12 1 7 1 10 12 1 10 7 12 1 1 1 10 12 1 1 10 12 1 10 12 1 10 12 1 10 12 1 10 12 1 1 10 10 12 1 10 12 1 10 100 12 1 1 10 12 1 1 10 12 1 1 10 12 1 100 1 10 12 1 7 1 10 12 1 10 7 12 1 1 1 10 10 12 1 1 10 12 1 1 7 1 8 1 10 8 1 10 12 1 10 12 1 100 1 8 1 10 12 1 1 10 12 1 1 10 10 12 1 1 10 12 1 1 10 12 1 1 10 7 1 10 12 1 1 10 12 1 1 10 12 1 1 10 12 1 1 10 12 1 1 10 12 1 1 10 12 1 10 7 12 1 1 1 10 12 1 10 12 1 10 12 1 1 10 12 1 10 12 1 10 12 1 10 12 1 1 10 12 1 10 12 1 1 8 1 9 12 1 10 12 1 1 8 1 8 1 10 7 12 1 1 100 1 10 10 12 10 12 1 10 12 1 10 12 1 10 12 1 1 10 7 12 1 1 10 12 1 10 7 1 7 1 10 12 1 1 10 12 1 10 7 1 10 12 1 100 1 18 12 1 10 100 12 1 1 1 10 100 12 1 1 1 10 7 12 1 1 10 12 1 10 12 1 100 1 10 12 1 8 1 10 10 12 1 1 10 12 1 10 12 1 1 100 1 10 12 1 10 12 1 1 10 7 12 1 1 10 12 1 8 1 100 1 10 10 12 1 9 12 1 10 7 12 1 1 10 12 1 7 1 8 1 10 12 1 10 8 1 8 1 10 12 1 1 10 12 1 1 10 12 1 1 10 7 12 1 1 7 1 100 1 10 12 1 1 7 1 7 1 10 7 12 1 1 10 12 1 10 12 1 1 10 12 1 10 12 1 1 10 12 1 1 9 100 12 1 1 1 10 12 1 1 10 12 1 10 12 1 10 12 1 1 10 12 1 8 1 7 1 18 12 1 1 10 12 1 1 10 12 1 10 12 1 10 12 1 8 1 10 12 1 10 12 1 18 12 1 11 100 12 1 1 1 100 1 10 12 1 1 10 12 1 10 11 12 1 1 10 18 10 12 1 1 11 7 12 1 18 12 1 11 12 1 1 10 12 10 12 1 1 10 12 1 1 100 1 8 1 10 10 12 1 8 1 8 1 10 100 12 1 1 10 12 1 100 1 10 10 12 1 8 1 8 1 8 1 10 12 1 10 12 1 1 10 12 1 10 7 12 1 1 1 11 7 12 1 1 100 1 10 11 10 12 1 10 12 1 10 12 1 1 9 7 12 1 1 9 12 1 1 9 12 9 12 1 9 12 1 9 12 1 8 10 12 1 1 10 7 12 1 1 1 10 12 1 1 10 12 1 1 10 12 1 10 10 12 1 11 12 1 1 10 100 12 1 1 1 100 1 10 12 1 10 12 1 10 12 1 1 1 1 1 1 1 1 1 1 1 1 1 1 1 1 1 1 1 1 1 1 1 1 1 1 1 1 100 1 1 1 1 1 1 1 1 1 1 1 1 1 1 1 1 1 1 1 1 1 100 1 1 1 1 1 1 1 1 1 1 100 1 1 1 1 1 1 1 1 1 1 1 1 1 1 1 1 1 1 1 1 1 1 1 1 1 1 1 1 1 1 1 1 1 1 1 1 1 1 1 1 1 100 1 1 1 1 1 1 1 1 1 1 1 1 1 1 1 1 1 1 1 7 1 1 1 1 1 1 1 1 1 1 1 1 1 1 1 1 1 1 1 1 1 1 1 1 1 1 1 1 1 1 1 1 1 1 1 1 1 1 1 1 1 1 1 1 1 1 1 1 1 1 100 1 1 1 1 1 1 1 1 1 1 1 1 1 1 1 1 1 1 1 1 1 1 1 1 1 1 1 1 1 1 1 1 1 1 1 1 1 1 1 1 1 1 1 1 1 1 16 1 15 10 12 16 1 16 15 10 12 16 1 16 1 15 10 12 16 15 10 12 16 15 10 12 16 15 10 100 12 1 1 1 1 1 100 1 100 1 1
staticfield java/lang/ClassLoader nocerts [Ljava/security/cert/Certificate; 0 [Ljava/security/cert/Certificate;
staticfield java/lang/ClassLoader $assertionsDisabled Z 1
ciInstanceKlass java/lang/reflect/Constructor 1 1 439 10 100 12 1 1 1 10 100 12 1 1 9 7 12 1 1 1 10 12 1 1 10 12 1 1 10 100 12 1 1 9 12 1 1 10 7 12 1 1 1 9 12 1 1 9 12 1 1 9 12 1 9 12 1 1 9 12 1 9 12 1 1 9 12 1 1 9 12 1 100 1 8 1 10 12 1 10 12 1 9 12 1 1 10 7 12 1 1 10 7 12 1 1 1 10 12 1 1 10 12 1 1 10 12 1 7 1 100 1 8 1 10 10 12 1 10 12 1 10 12 1 1 10 12 1 1 9 100 12 1 1 1 10 7 12 1 1 10 12 1 1 10 12 1 10 12 1 1 10 7 12 1 1 1 10 100 12 1 1 10 12 1 1 10 12 1 10 7 12 1 1 1 8 1 10 10 12 1 100 1 8 1 10 12 1 10 12 1 1 10 12 1 1 10 12 1 10 12 1 10 12 1 1 10 12 1 1 9 12 1 1 10 12 1 1 10 12 1 1 10 12 1 1 11 7 12 1 1 1 10 12 1 1 10 12 1 10 12 1 10 12 1 8 1 9 12 1 1 10 7 12 1 1 1 10 7 12 1 1 10 12 1 1 10 12 1 1 10 12 1 1 10 12 1 1 10 12 1 9 7 12 1 1 10 12 1 10 12 1 10 12 1 100 1 8 1 10 10 12 1 1 10 12 1 10 10 12 1 1 10 12 1 1 10 100 12 1 1 1 11 100 12 1 1 1 10 12 1 1 9 100 12 1 1 1 10 100 12 1 1 1 10 12 1 1 1 1 1 1 1 1 1 1 1 1 1 1 1 1 1 1 1 1 1 1 1 1 1 1 1 1 1 1 1 1 1 1 1 1 1 1 1 1 1 1 1 1 1 1 1 1 1 1 1 1 100 1 100 1 100 1 100 1 1 1 1 1 1 1 1 1 1 1 1 1 1 1 1 1 1 1 1 1 1 1 1 1 1 1 1 1 1 1 1 1 100 1 1
instanceKlass java/lang/reflect/Executable
instanceKlass java/lang/reflect/Field
ciInstanceKlass java/lang/reflect/AccessibleObject 1 1 400 10 7 12 1 1 1 9 100 12 1 1 1 10 7 12 1 1 1 10 7 12 1 1 10 7 12 1 1 1 10 100 12 1 1 1 10 12 1 1 10 12 1 1 9 12 1 1 7 1 10 7 12 1 1 1 11 12 1 7 1 10 12 1 7 1 100 1 10 12 1 10 12 1 1 10 12 1 1 10 12 1 1 10 12 1 1 7 1 10 7 12 1 1 1 10 12 1 1 11 10 7 12 1 1 1 10 12 1 1 10 12 1 10 12 1 10 12 1 1 10 12 1 8 1 7 1 7 1 10 10 12 1 1 8 1 10 12 1 10 12 1 8 1 8 1 8 1 8 1 8 1 8 1 8 1 8 1 8 1 100 1 10 12 1 10 12 1 9 12 1 1 10 12 1 1 10 12 1 10 7 1 100 1 8 1 10 8 1 10 12 1 8 1 10 12 1 10 12 1 1 10 100 1 8 1 10 11 7 12 1 1 1 10 12 1 1 10 12 1 1 10 12 1 1 9 12 1 1 100 1 10 12 1 7 1 10 12 1 10 12 1 1 10 100 1 10 12 1 10 12 10 12 1 10 12 1 10 12 1 1 10 12 1 9 12 1 10 100 12 1 1 8 1 10 100 12 1 1 1 8 1 10 7 12 1 1 1 9 12 1 7 1 10 7 1 10 10 7 12 1 1 1 7 1 10 10 7 12 1 1 1 7 1 9 12 1 1 1 1 1 1 1 1 1 1 1 1 1 1 1 1 1 1 1 1 1 1 1 1 1 1 1 1 1 1 1 1 1 1 1 1 1 1 1 1 1 1 1 1 1 1 1 1 1 1 1 1 1 1 1 1 1 1 1 1 1 1 1 1 1 1 1 1 1 1 1 1 1 1 1 1 1 1 1 1 1 1 1 1
staticfield java/lang/reflect/AccessibleObject reflectionFactory Ljdk/internal/reflect/ReflectionFactory; jdk/internal/reflect/ReflectionFactory
instanceKlass java/lang/reflect/Constructor
instanceKlass java/lang/reflect/Method
ciInstanceKlass java/lang/reflect/Executable 1 1 577 10 7 12 1 1 1 10 7 12 1 1 1 10 7 12 1 1 1 11 7 12 1 1 1 10 7 12 1 1 1 10 12 1 1 10 7 12 1 1 1 10 7 12 1 1 1 10 12 1 8 1 10 10 12 1 1 10 12 1 1 10 100 12 1 1 1 18 12 1 1 11 100 12 1 1 1 8 1 8 1 8 1 10 100 12 1 1 1 11 12 1 1 7 1 8 1 8 1 10 12 1 7 1 8 1 10 12 1 8 1 11 100 12 1 1 1 7 1 11 7 12 1 1 1 11 12 1 8 1 18 8 1 10 12 1 10 12 1 1 18 8 1 10 12 1 100 1 10 12 1 10 12 1 11 12 1 10 12 1 1 8 1 8 1 10 12 1 1 10 12 1 1 10 10 12 1 9 100 12 1 1 1 10 100 12 1 1 1 10 12 1 10 12 1 1 10 7 12 1 1 10 12 1 10 12 1 10 12 1 10 12 1 1 10 7 12 1 1 10 12 1 10 12 1 1 9 100 12 1 1 1 10 100 12 1 1 10 12 1 8 1 10 12 1 10 12 1 3 100 1 8 1 10 12 1 10 12 1 10 10 12 1 10 12 1 1 8 1 8 1 8 1 9 12 1 1 9 12 1 10 12 1 100 1 8 1 10 12 1 10 12 1 10 12 1 1 10 12 1 1 10 12 1 10 12 10 12 1 7 1 10 12 1 10 12 1 1 100 1 10 7 12 1 1 1 7 1 10 7 12 1 1 1 10 12 1 1 11 7 12 1 1 10 7 12 1 1 10 100 12 1 1 1 10 12 1 1 9 12 1 10 12 1 1 10 12 1 10 12 1 1 9 100 12 1 1 1 10 100 12 1 1 1 10 12 1 10 12 1 1 9 12 1 10 10 10 10 100 12 1 1 1 10 12 1 9 12 1 10 12 1 1 9 12 1 7 1 7 1 1 1 1 1 1 1 1 1 1 1 1 1 1 1 1 1 1 1 1 1 1 1 1 1 1 1 1 1 1 1 1 1 1 1 1 100 1 1 1 1 1 1 1 1 100 1 1 1 1 1 1 1 1 1 1 1 1 100 1 1 1 1 1 1 1 1 1 1 1 1 1 1 1 1 1 1 1 1 1 1 1 1 1 1 1 1 1 1 1 1 1 1 1 1 1 1 1 1 1 1 1 7 1 1 1 1 1 1 1 1 1 1 1 1 1 1 1 1 1 1 1 1 1 1 7 1 7 1 1 16 15 16 1 16 1 15 10 12 16 15 10 100 12 1 1 1 1 1 1 100 1 1 100 1 100 1 1
ciInstanceKlass java/lang/reflect/Member 1 1 37 100 1 10 12 1 1 100 1 100 1 1 1 1 3 1 3 1 1 1 1 1 1 1 1 1 1 1 1 1 1 1 1 1 1 1 1
instanceKlass org/hsqldb/jdbc/JDBCConnection$1
instanceKlass org/hsqldb/jdbc/JDBCDriver$1
instanceKlass java/util/logging/LogManager$Cleaner
instanceKlass java/util/concurrent/ForkJoinWorkerThread
instanceKlass jdk/internal/misc/InnocuousThread
instanceKlass java/lang/ref/Finalizer$FinalizerThread
instanceKlass java/lang/ref/Reference$ReferenceHandler
instanceKlass java/lang/BaseVirtualThread
ciInstanceKlass java/lang/Thread 1 1 870 10 7 12 1 1 1 9 12 1 1 10 7 12 1 1 10 12 1 10 100 12 1 1 100 1 8 1 10 12 1 1 9 12 1 9 12 1 1 9 12 1 1 7 1 10 12 1 1 10 12 1 10 7 12 1 1 1 10 12 9 12 1 1 10 12 1 7 1 10 12 1 100 1 8 1 10 9 7 12 1 1 1 10 12 1 1 10 12 1 1 10 12 1 1 10 12 1 10 12 1 1 3 8 1 7 1 5 0 10 7 12 1 1 1 9 12 1 10 12 1 1 10 7 12 1 1 1 10 7 12 1 1 1 10 12 1 1 10 12 1 1 9 12 1 1 10 7 1 8 1 10 7 1 10 12 1 9 12 1 1 10 7 12 1 1 1 10 10 12 1 1 9 100 12 1 1 1 10 12 1 1 10 12 1 1 10 7 12 1 1 10 12 1 10 12 1 10 7 12 1 1 9 12 1 10 7 12 1 1 1 10 12 1 1 9 12 1 1 9 12 1 1 10 7 12 1 1 1 9 12 1 1 10 100 12 1 1 10 100 12 1 1 1 10 12 1 10 12 1 10 7 12 1 1 9 12 1 8 1 9 7 12 1 1 9 12 1 1 5 0 100 1 10 7 1 10 100 1 10 7 1 10 8 1 10 12 1 1 10 7 12 1 10 12 1 10 12 1 100 1 8 1 10 10 12 1 10 12 1 1 10 100 12 1 1 1 10 100 12 1 1 1 10 12 1 7 1 9 12 1 1 100 1 10 10 12 1 9 12 1 1 10 12 1 1 10 12 1 1 10 12 1 10 12 1 9 12 1 1 10 10 12 1 1 10 12 1 1 11 7 12 1 1 10 7 12 1 1 9 12 1 9 12 1 1 9 12 1 1 10 100 12 1 1 10 12 1 1 9 100 12 1 1 1 10 100 12 1 1 10 12 1 10 12 1 100 1 10 10 12 9 12 1 1 10 12 1 11 100 12 1 1 10 12 1 10 12 1 10 12 1 9 12 1 10 10 12 1 10 12 1 1 9 12 1 9 12 10 12 1 8 1 10 12 1 10 12 1 10 12 1 10 12 1 10 12 1 1 10 12 1 10 12 1 1 10 12 1 10 12 1 10 12 1 10 12 1 10 12 1 1 9 7 12 1 1 1 8 1 10 9 12 1 10 12 1 7 1 8 1 10 10 12 1 8 1 10 12 1 1 9 12 10 12 8 1 10 10 12 1 10 12 1 8 1 10 12 1 10 8 1 10 100 12 1 1 10 12 1 1 100 1 8 1 10 9 12 1 9 12 1 1 10 12 1 1 10 10 12 1 10 12 1 100 10 7 12 1 1 1 9 12 1 10 12 1 1 10 12 1 1 10 100 12 1 1 1 11 7 12 1 1 1 9 100 12 1 1 1 10 100 12 1 1 1 7 1 10 12 1 100 1 10 12 1 10 12 1 1 10 12 1 1 8 1 9 12 1 10 12 1 10 12 1 1 11 7 12 1 1 1 10 12 1 1 1 1 3 1 3 1 3 1 3 1 1 1 1 1 1 1 1 1 1 1 1 1 1 1 1 1 1 1 1 1 7 1 1 1 1 1 1 1 1 1 1 1 1 1 1 1 1 1 1 1 1 1 1 7 1 1 1 1 1 1 1 1 1 1 1 1 1 1 1 1 7 1 7 1 1 1 1 1 1 1 1 1 1 1 1 1 1 1 1 1 1 1 1 1 1 1 1 1 1 1 1 1 1 1 1 1 1 1 1 1 1 1 1 1 1 1 1 1 1 1 1 1 1 1 1 1 1 1 1 1 1 1 1 1 1 1 1 1 1 1 1 1 1 1 1 1 1 1 1 100 100 1 1 1 1 1 1 1 1 1 1 1 1 1 1 1 1 1 1 1 1 1 1 1 1 1 1 100 1 100 1 100 1 100 1 100 1 1 100 1 1 1 1 1 1 1 1 1 1 1 1 1 1 1
staticfield java/lang/Thread NEW_THREAD_BINDINGS Ljava/lang/Object; java/lang/Class
staticfield java/lang/Thread EMPTY_STACK_TRACE [Ljava/lang/StackTraceElement; 0 [Ljava/lang/StackTraceElement;
ciInstanceKlass java/lang/Runnable 1 0 11 100 1 100 1 1 1 1 1 1 1
ciInstanceKlass java/net/URL 1 1 771 10 7 12 1 1 1 10 12 1 10 7 12 1 1 9 12 1 1 9 12 1 10 7 12 1 1 1 10 12 1 1 10 12 1 1 9 12 1 1 10 7 12 1 1 1 8 1 10 12 1 1 7 1 10 10 12 1 1 8 1 10 12 1 1 9 12 1 100 1 8 1 10 12 1 10 12 1 8 1 9 12 1 10 12 1 1 9 12 1 10 12 1 10 12 1 9 12 1 9 12 1 8 1 9 12 1 10 12 1 1 8 1 9 12 1 1 10 12 1 1 10 7 12 1 1 1 8 1 10 12 1 7 1 10 12 1 10 12 1 10 12 1 10 12 1 1 10 12 1 1 8 1 10 12 1 1 10 12 1 8 1 9 12 1 8 1 10 12 1 10 7 12 1 1 1 7 1 10 12 1 10 12 1 1 10 7 12 1 1 1 100 1 8 1 10 10 12 1 8 1 10 12 1 1 10 12 1 10 12 1 10 12 1 10 12 1 10 12 1 10 12 1 8 1 10 12 1 8 1 10 10 100 1 10 10 12 1 8 1 10 7 12 1 1 1 10 12 1 9 100 12 1 1 1 10 7 12 1 1 1 9 12 1 1 10 12 1 10 100 12 1 1 1 100 1 100 1 10 12 1 10 12 1 10 12 1 10 12 1 10 12 1 10 12 10 10 12 1 10 12 1 10 12 1 1 8 1 9 100 12 1 1 1 10 100 12 1 1 1 10 12 1 1 9 100 12 1 1 1 10 12 1 1 100 1 10 12 1 10 12 1 10 10 12 1 1 10 12 1 1 10 12 1 10 12 1 10 12 1 10 7 12 1 1 1 10 12 1 1 10 12 1 9 12 1 1 9 12 1 1 7 1 8 1 10 10 12 1 9 12 1 1 10 7 12 1 1 8 1 10 7 12 1 1 8 1 10 12 1 1 10 12 1 8 1 8 1 10 7 12 1 1 1 7 1 10 7 12 1 1 1 10 12 1 10 12 1 100 1 10 9 100 12 1 1 1 10 100 12 1 1 10 12 1 1 10 12 1 8 1 100 1 10 10 7 12 1 1 1 10 12 1 8 9 100 12 1 1 1 10 12 1 1 10 12 1 10 12 1 1 10 7 12 1 1 11 7 12 1 1 10 12 1 10 12 1 9 12 1 10 12 1 1 10 100 12 1 1 10 100 12 1 1 1 8 10 100 12 1 1 100 1 10 8 8 10 12 1 8 8 8 100 1 10 12 1 9 12 1 1 10 12 1 10 12 1 1 10 12 1 10 12 10 12 1 1 10 12 1 1 10 10 10 12 1 10 12 1 10 12 1 10 12 1 10 12 1 10 10 12 1 100 1 8 1 10 10 10 12 1 1 10 12 1 10 12 1 1 8 1 7 1 10 10 7 1 10 12 1 9 7 12 1 1 1 9 12 1 1 7 1 10 10 7 12 1 1 1 7 1 1 1 1 1 5 0 1 1 1 1 1 1 1 1 1 1 1 1 1 1 1 1 1 1 1 1 1 1 1 1 1 1 1 1 1 1 1 1 1 1 1 1 1 1 1 1 1 1 1 1 1 1 1 1 7 1 1 1 1 1 1 1 1 1 1 1 1 1 1 1 1 1 1 1 1 1 1 1 1 1 1 1 1 1 1 1 1 1 1 1 1 1 100 1 1 1 1 1 1 1 1 1 1 1 1 1 1 1 1 1 100 1 1 1 1 1 1 1 1 1 1 1 1 1 1 1 1 1 1 1
staticfield java/net/URL defaultFactory Ljava/net/URLStreamHandlerFactory; java/net/URL$DefaultFactory
staticfield java/net/URL streamHandlerLock Ljava/lang/Object; java/lang/Object
staticfield java/net/URL serialPersistentFields [Ljava/io/ObjectStreamField; 7 [Ljava/io/ObjectStreamField;
ciInstanceKlass java/lang/Module 1 1 1070 10 7 12 1 1 1 9 7 12 1 1 1 10 7 12 1 1 1 9 12 1 9 12 1 1 9 12 1 1 10 12 1 1 10 12 1 10 12 1 1 10 7 12 1 1 1 7 1 10 7 12 1 1 1 10 12 1 1 11 7 12 1 1 1 10 12 1 1 10 7 12 1 1 1 10 12 1 1 10 7 12 1 1 1 9 100 12 1 1 1 10 7 12 1 1 1 10 12 1 8 1 10 7 12 1 1 1 10 7 12 1 1 1 10 7 12 1 1 1 10 12 1 10 12 1 9 12 1 1 10 100 12 1 1 100 1 7 1 10 8 1 10 12 1 1 10 12 1 10 12 10 12 1 10 7 12 1 1 8 1 8 1 10 8 1 8 1 9 12 1 1 8 1 10 100 12 1 1 1 10 12 1 9 12 1 1 11 12 1 9 7 12 1 1 10 7 12 1 1 1 10 100 12 1 1 1 10 12 1 1 8 1 10 12 1 1 10 12 1 10 12 1 1 9 7 12 1 1 1 10 12 1 1 10 12 1 1 9 12 1 10 12 1 10 12 1 9 12 1 1 11 7 12 1 1 10 12 1 1 9 12 1 9 12 1 10 12 1 10 12 1 100 1 8 1 10 10 12 1 1 10 12 1 8 1 10 12 1 1 8 1 8 1 10 12 1 1 10 12 1 10 12 1 1 18 12 1 1 10 12 1 1 11 12 1 9 12 1 11 12 10 100 12 1 1 100 1 8 1 10 11 12 1 1 10 7 12 1 1 1 10 12 1 10 12 1 1 11 12 1 1 11 7 12 1 1 11 12 1 1 9 12 1 11 12 1 10 12 1 1 10 12 1 1 9 12 1 10 12 10 7 12 1 1 10 7 1 18 12 1 1 11 100 12 1 1 1 18 12 1 11 12 1 1 10 100 12 1 1 1 11 12 1 1 10 7 12 1 1 7 1 11 12 1 7 1 7 1 10 12 1 10 7 12 1 1 1 10 11 7 12 1 8 1 10 10 12 1 1 10 7 12 1 1 10 12 1 10 12 1 7 1 10 12 1 10 11 12 1 1 10 12 10 12 1 1 9 12 1 1 100 1 10 10 12 1 1 11 7 1 10 12 1 1 11 12 1 10 10 12 1 11 10 12 1 1 10 12 1 1 10 12 1 1 10 7 12 1 1 10 12 1 10 12 1 1 10 10 12 1 1 10 12 1 18 12 1 11 12 1 18 12 1 10 12 1 10 12 1 10 12 7 1 10 12 1 10 12 1 10 12 1 9 12 1 7 1 10 10 10 10 12 1 10 12 1 10 12 1 10 12 1 1 10 12 1 1 10 12 1 9 12 1 18 12 1 1 10 7 12 1 1 1 100 1 8 1 10 12 1 1 10 12 1 1 10 7 12 1 1 7 1 10 12 1 1 7 1 8 1 10 12 1 1 100 1 11 12 1 1 10 100 12 1 1 1 18 12 1 1 11 100 12 1 1 1 100 1 10 12 1 10 12 1 1 7 1 7 1 10 12 8 1 10 12 1 1 10 12 1 1 10 7 12 1 1 10 12 1 1 10 12 1 10 12 10 12 1 1 7 1 10 10 12 1 1 10 7 12 1 1 1 100 1 10 12 1 1 10 7 12 1 1 8 1 18 12 1 1 100 1 100 1 9 12 1 1 9 12 1 9 12 1 11 100 12 1 1 1 100 1 11 12 1 1 100 1 10 12 1 8 1 10 12 1 10 12 10 12 1 8 1 10 10 100 12 1 1 7 1 10 10 12 1 10 7 12 1 1 9 12 1 9 12 1 9 12 1 9 12 1 10 12 11 12 1 10 12 1 7 1 1 1 1 1 1 1 1 1 1 1 1 1 1 1 1 1 1 1 100 1 1 1 1 1 1 1 1 1 1 1 1 1 1 1 1 1 1 1 1 1 1 1 1 1 1 1 1 1 1 1 1 1 1 1 1 1 1 1 1 1 1 1 1 1 1 1 1 1 1 1 1 1 1 1 1 1 1 1 1 1 1 1 1 1 1 1 1 1 1 1 1 1 1 1 1 1 1 1 1 1 1 1 1 1 1 1 1 1 1 1 1 1 1 1 100 100 1 1 1 1 1 1 1 1 1 1 1 1 1 1 1 1 1 1 1 1 1 1 1 1 1 1 1 100 1 100 1 1 1 1 1 1 1 1 1 1 1 1 1 1 1 1 1 1 1 1 100 1 1 1 1 1 1 1 1 1 1 1 1 1 1 1 1 1 1 1 1 1 1 1 16 15 10 12 16 16 15 10 12 16 16 15 10 16 1 15 10 12 16 1 15 10 12 16 1 16 15 10 12 16 16 1 15 10 12 16 15 10 7 12 1 1 1 15 10 100 12 1 1 1 1 1 1 1 1 1 1 1 100 1 100 1 1 100 1 100 1 1
staticfield java/lang/Module ALL_UNNAMED_MODULE Ljava/lang/Module; java/lang/Module
staticfield java/lang/Module ALL_UNNAMED_MODULE_SET Ljava/util/Set; java/util/ImmutableCollections$Set12
staticfield java/lang/Module EVERYONE_MODULE Ljava/lang/Module; java/lang/Module
staticfield java/lang/Module EVERYONE_SET Ljava/util/Set; java/util/ImmutableCollections$Set12
staticfield java/lang/Module $assertionsDisabled Z 1
ciInstanceKlass java/lang/Character 1 1 604 7 1 7 1 100 1 9 12 1 1 8 1 9 12 1 1 7 1 9 12 1 1 10 7 12 1 1 1 10 100 12 1 1 1 10 100 12 1 1 1 10 7 12 1 1 1 9 7 12 1 1 1 10 12 1 10 12 1 1 10 12 1 1 10 7 12 1 1 10 12 1 1 3 3 3 3 3 10 12 1 1 10 12 1 3 11 7 12 1 1 1 11 12 1 1 10 12 1 1 10 12 1 1 100 1 10 10 12 1 3 10 12 1 1 10 12 1 10 12 1 1 100 1 8 1 10 12 1 1 10 12 1 10 12 1 10 12 1 10 100 12 1 1 1 10 12 1 10 12 1 10 12 1 1 10 12 1 10 7 12 1 1 10 10 12 1 10 10 12 1 10 12 1 1 10 12 1 10 10 12 1 10 12 1 10 12 1 10 12 1 10 12 1 10 12 1 10 12 1 10 12 10 10 12 10 10 12 1 10 10 12 1 10 10 12 1 10 10 12 1 10 12 1 10 12 1 10 12 1 10 12 1 10 12 1 10 12 1 10 10 12 1 10 10 12 1 10 10 12 1 1 10 10 12 1 10 5 0 10 12 1 10 12 1 10 10 12 1 10 10 12 1 1 10 10 12 1 10 10 12 1 9 12 1 1 100 1 10 10 12 1 10 12 1 1 3 10 100 12 1 1 1 10 12 1 10 100 12 1 1 7 1 10 10 12 1 1 10 12 1 1 10 12 1 1 8 1 10 12 1 9 100 12 1 1 1 10 12 1 10 10 12 1 10 12 1 1 10 12 1 10 10 12 1 1 10 10 12 1 1 7 1 8 1 10 12 1 1 10 7 12 1 1 1 8 1 10 12 1 1 9 12 1 1 7 1 7 1 7 1 1 1 1 3 1 3 1 3 1 3 1 1 1 1 1 3 1 1 3 1 3 1 3 1 3 1 3 1 3 1 3 1 3 1 3 1 3 1 3 1 3 1 3 1 3 1 3 1 3 1 3 1 3 1 3 1 3 1 3 1 3 1 3 1 3 1 3 1 3 1 3 1 3 1 1 1 1 1 1 1 1 1 1 1 1 1 1 1 1 1 1 1 3 1 1 1 1 1 1 1 3 1 1 3 1 1 1 1 1 3 1 1 5 0 1 1 1 1 1 1 1 1 1 1 1 1 1 1 1 1 1 1 1 1 1 1 1 1 1 1 1 1 1 1 1 1 1 1 1 1 1 1 1 1 1 1 1 1 1 1 1 1 1 1 1 1 1 1 1 1 1 1 1 1 1 1 1 1 1 1 1 1 1 1 1 1 1 1 1 1 1 1 1 1 1 1 1 1 1 1 1 1 1 1 100 1 100 1 1 1 1 1 1
staticfield java/lang/Character TYPE Ljava/lang/Class; java/lang/Class
staticfield java/lang/Character $assertionsDisabled Z 1
ciInstanceKlass java/lang/OutOfMemoryError 1 1 26 10 100 12 1 1 1 10 12 1 100 1 1 1 1 5 0 1 1 1 1 1 1 1 1 1
ciInstanceKlass java/lang/Integer 1 1 453 7 1 7 1 7 1 7 1 10 12 1 1 9 12 1 1 9 12 1 1 10 100 12 1 1 1 10 12 1 1 10 100 12 1 1 1 10 10 12 1 1 10 7 12 1 1 1 10 12 1 10 12 1 1 10 7 12 1 1 1 10 12 1 1 10 12 1 1 10 12 1 10 12 1 10 12 1 1 10 10 12 1 9 12 1 1 9 12 1 7 1 8 1 10 12 1 7 1 10 12 1 8 1 10 12 1 1 10 12 1 8 1 10 12 1 8 1 10 12 1 1 3 10 12 1 1 3 10 12 1 1 10 12 1 1 10 7 12 1 1 1 11 7 1 10 12 1 1 11 10 12 1 1 8 1 10 12 1 1 8 1 7 1 10 12 1 1 10 12 1 1 5 0 8 1 10 12 1 10 12 1 10 12 1 10 12 1 1 7 1 9 12 1 1 9 12 1 1 10 12 1 10 7 1 9 12 1 10 12 1 10 12 1 10 12 1 1 10 7 12 1 1 1 100 1 100 1 10 12 1 1 10 12 1 1 8 1 8 1 10 12 1 1 8 1 8 1 8 1 8 1 8 1 8 1 10 12 1 10 12 1 5 0 3 3 3 3 10 12 1 10 12 1 3 10 12 1 10 100 12 1 1 1 10 12 1 1 10 12 1 1 8 1 10 7 12 1 1 1 9 12 1 1 7 1 7 1 7 1 1 1 1 3 1 1 1 3 1 3 1 1 5 0 1 1 1 1 1 1 1 1 1 100 1 1 1 1 1 1 1 1 1 1 1 1 1 1 1 1 1 1 1 1 1 1 1 1 1 1 1 1 1 1 1 1 1 1 1 1 1 1 1 1 3 1 1 1 1 1 1 1 1 1 1 1 1 1 1 1 1 7 1 1 1 1 1 1 1 1 1 1 1 1 1 1 1 1 1 1 1 1 1 1 1 1 1 1 1 1 1 1 1 1 1 1 1 1 1 1 1 1 1 1 1 1 1 1 7 1 1 1 1 1 1 1 1 1 100 1 100 1 1
staticfield java/lang/Integer TYPE Ljava/lang/Class; java/lang/Class
staticfield java/lang/Integer digits [C 36
staticfield java/lang/Integer DigitTens [B 100
staticfield java/lang/Integer DigitOnes [B 100
instanceKlass scala/math/ScalaNumber
instanceKlass java/util/concurrent/atomic/Striped64
instanceKlass java/math/BigDecimal
instanceKlass scala/math/ScalaNumber
instanceKlass java/math/BigInteger
instanceKlass java/util/concurrent/atomic/AtomicLong
instanceKlass java/util/concurrent/atomic/AtomicInteger
instanceKlass java/lang/Long
instanceKlass java/lang/Integer
instanceKlass java/lang/Short
instanceKlass java/lang/Byte
instanceKlass java/lang/Double
instanceKlass java/lang/Float
ciInstanceKlass java/lang/Number 1 1 37 10 7 12 1 1 1 10 100 12 1 1 1 100 1 1 1 1 5 0 1 1 1 1 1 1 1 1 1 1 1 1 1 1 1 1 1
ciInstanceKlass java/lang/Thread$FieldHolder 1 1 48 10 7 12 1 1 1 9 7 12 1 1 1 9 12 1 1 9 12 1 1 9 12 1 1 9 12 1 1 1 1 1 1 1 1 1 1 100 1 100 1 1 1 1 100 1 1 1
ciInstanceKlass java/lang/Thread$Constants 0 0 59 7 1 10 7 12 1 1 1 100 1 10 10 7 12 1 1 1 7 1 8 1 10 12 1 9 7 12 1 1 1 7 1 7 1 10 12 1 10 12 1 9 12 1 1 1 1 1 1 1 1 1 1 1 1 1 1 1 1
ciInstanceKlass java/lang/ThreadGroup 1 1 411 10 7 12 1 1 1 9 7 12 1 1 1 8 1 9 12 1 1 7 1 9 12 1 1 9 12 1 1 10 7 12 1 1 1 10 12 1 1 10 12 1 10 12 1 10 12 1 10 12 1 1 10 12 1 1 10 12 1 10 12 1 1 10 12 1 10 12 1 10 100 12 1 1 1 10 12 1 1 18 12 1 1 11 7 12 1 1 1 10 7 12 1 1 1 10 7 12 1 10 12 1 1 10 12 1 1 10 12 1 1 10 100 12 1 1 1 10 12 1 11 12 1 1 11 7 12 1 1 11 12 1 1 10 12 1 1 10 12 1 10 12 1 11 12 1 11 12 1 1 100 1 10 10 12 1 100 1 10 18 12 1 1 11 7 12 1 1 1 11 12 1 1 9 12 1 1 10 12 1 1 8 1 10 7 12 1 1 1 10 100 12 1 1 1 10 12 1 1 11 12 10 12 1 1 10 12 1 1 11 7 1 9 12 1 7 1 10 8 1 10 12 1 1 10 12 1 1 8 1 10 12 1 10 7 12 1 1 1 10 12 1 1 10 7 1 8 1 10 8 1 10 12 1 10 12 1 8 1 9 12 1 1 9 12 1 10 100 12 1 1 1 100 9 12 1 1 7 1 9 12 1 10 12 10 12 1 1 100 10 12 9 12 1 10 12 1 100 1 10 11 12 1 1 7 1 10 10 12 1 10 12 1 1 1 1 1 1 1 1 1 1 1 1 1 1 1 1 1 1 3 1 1 1 1 1 1 1 1 1 1 1 1 100 1 1 1 1 1 1 1 1 1 1 1 1 1 1 1 1 1 1 1 1 1 1 1 1 1 1 1 1 1 1 1 1 1 1 1 1 1 1 1 1 1 1 1 16 15 10 12 16 16 15 10 12 16 15 10 100 12 1 1 1 1 1 100 1 100 1 1
staticfield java/lang/ThreadGroup $assertionsDisabled Z 1
ciInstanceKlass java/lang/Thread$UncaughtExceptionHandler 1 0 16 100 1 100 1 1 1 1 1 1 1 1 100 1 1 1
ciInstanceKlass java/security/AccessControlContext 1 1 374 9 7 12 1 1 1 9 12 1 1 10 100 12 1 1 1 8 1 10 100 12 1 1 1 10 7 12 1 1 1 9 12 1 9 12 1 1 9 12 1 1 10 7 12 1 1 7 1 10 12 1 11 7 12 1 1 1 11 12 1 11 12 1 11 12 1 1 7 1 11 12 1 1 10 12 1 10 7 12 1 1 1 9 100 12 1 1 1 10 7 12 1 1 1 11 100 12 1 1 1 10 7 1 100 1 8 1 10 12 1 10 12 1 1 7 1 10 7 12 1 1 1 9 12 1 9 12 1 9 12 1 9 12 1 1 9 12 1 1 9 12 1 9 12 1 10 7 12 1 1 1 9 12 1 10 12 1 1 10 12 1 1 8 1 10 12 1 1 10 12 1 1 10 7 12 1 1 1 7 1 10 10 12 1 1 10 7 12 1 1 1 10 8 1 10 7 12 1 1 8 1 10 7 12 1 1 8 1 8 1 10 12 1 8 1 10 12 1 8 1 10 12 1 10 12 1 10 12 1 1 8 1 8 1 100 1 10 12 1 10 12 1 1 100 1 10 12 1 8 1 10 12 1 10 12 1 10 8 1 10 12 1 1 10 12 1 1 10 12 1 1 10 12 1 1 10 12 1 10 12 1 11 10 12 1 10 12 1 1 10 10 10 12 1 1 1 1 1 1 1 1 1 1 1 1 1 1 1 1 1 1 1 1 1 1 1 1 100 1 1 1 1 1 1 1 1 1 1 1 1 1 1 1 1 1 1 1 1 1 1 1 1 1 1 1 1 1 1 1 1 1 1 1 1 1 1 1 1 1 1 1 1 1 1 1 1 1 1 1 1 3 1 1
instanceKlass java/lang/ThreadBuilders$BoundVirtualThread
instanceKlass java/lang/VirtualThread
ciInstanceKlass java/lang/BaseVirtualThread 0 0 36 10 100 12 1 1 1 100 1 1 1 1 1 1 1 1 1 1 1 1 1 1 1 1 1 1 1 1 100 1 100 1 1 100 1 1
ciInstanceKlass java/lang/VirtualThread 0 0 907 9 7 12 1 1 1 10 7 12 1 1 1 10 100 12 1 1 1 10 7 12 1 1 1 9 12 1 1 9 12 1 1 100 1 10 12 1 9 12 1 1 18 12 1 1 9 12 1 1 10 12 1 1 100 1 10 12 1 10 12 1 1 10 12 1 1 10 12 1 1 10 12 1 10 7 12 1 10 12 1 10 12 1 10 12 1 10 12 1 11 100 12 1 1 1 100 1 10 12 1 1 10 100 12 1 1 1 10 100 12 1 1 1 10 12 1 100 1 10 10 12 1 10 12 1 1 9 12 1 1 10 12 1 1 9 12 1 1 10 12 1 9 12 1 1 9 12 1 100 1 10 10 12 1 10 100 12 1 1 10 9 10 10 12 1 1 10 12 1 1 10 100 12 1 1 10 100 1 10 9 10 10 12 1 7 1 10 12 1 1 10 12 1 10 12 1 10 12 1 1 9 12 1 10 12 1 10 12 1 9 12 1 1 10 12 1 10 12 1 9 12 1 1 10 12 1 10 12 1 10 12 1 11 100 12 1 1 10 12 1 1 10 12 1 1 10 12 1 1 9 12 1 10 100 1 10 12 1 1 10 12 1 1 10 12 1 10 12 1 10 12 1 10 12 9 12 1 1 10 100 12 1 1 10 12 1 10 12 1 1 10 100 12 1 1 10 12 1 100 1 8 1 10 12 1 10 12 1 1 10 12 1 10 12 1 10 100 12 1 1 10 12 1 10 12 1 1 10 12 1 10 12 1 1 10 7 12 1 1 10 12 1 1 10 12 1 1 100 1 10 10 12 1 7 1 9 12 1 1 10 7 12 1 1 10 9 12 1 1 18 9 100 12 1 1 1 11 100 12 1 1 1 11 100 1 11 12 10 12 1 10 12 1 1 10 12 1 100 1 10 10 12 1 10 12 1 1 10 12 1 1 10 12 1 10 12 1 10 12 1 9 12 1 1 11 100 12 1 1 10 12 9 100 12 1 1 1 9 12 1 10 12 1 1 9 12 1 9 12 1 9 12 1 7 1 10 10 12 1 1 10 12 1 10 12 7 1 7 1 10 8 1 10 12 1 1 10 12 1 10 12 1 10 10 12 1 8 1 10 10 12 1 10 12 1 10 7 12 1 1 8 1 8 1 10 9 100 12 1 1 1 10 12 1 1 10 12 1 10 10 10 12 9 12 1 10 12 1 1 9 12 1 10 12 1 1 9 12 1 10 12 1 1 18 12 1 1 18 12 1 10 7 12 1 1 1 8 1 10 100 12 1 1 1 10 7 12 1 1 1 18 12 1 10 100 12 1 1 1 100 1 10 12 1 8 1 10 12 1 8 1 10 12 1 1 8 1 8 1 10 100 12 1 1 8 1 10 12 1 8 1 8 1 10 100 12 1 1 1 10 12 1 10 12 1 1 10 12 1 18 12 1 1 18 12 1 1 5 0 9 12 1 10 12 1 18 12 1 100 1 10 12 10 7 12 1 1 10 12 1 1 7 1 8 1 10 10 12 1 10 12 1 1 10 12 1 9 12 1 8 10 12 1 1 8 8 9 12 1 8 10 12 1 1 3 1 3 1 3 1 3 1 3 1 3 1 3 1 3 1 3 1 3 1 3 1 3 3 1 3 1 1 1 1 1 1 1 1 1 1 1 1 1 1 7 1 1 1 1 1 1 1 1 1 1 1 1 1 1 7 1 1 1 1 1 1 1 1 1 1 1 7 1 1 1 1 1 1 1 1 1 1 1 1 1 1 1 1 1 1 1 1 1 1 1 1 1 1 1 1 1 1 1 1 1 1 1 1 1 1 1 100 1 1 1 1 1 1 1 1 1 1 1 1 1 1 1 1 1 1 1 1 1 1 1 1 1 1 1 1 1 1 1 1 1 1 1 100 1 1 1 1 1 1 1 1 1 1 1 1 1 1 100 1 1 16 15 10 12 15 16 15 10 12 16 15 10 12 16 16 15 10 12 16 15 10 12 16 15 10 12 16 15 10 12 16 1 15 10 100 12 1 1 1 1 1 1 1 7 1 1 100 1 100 1 1
ciInstanceKlass java/lang/ThreadBuilders$BoundVirtualThread 0 0 132 10 7 12 1 1 1 9 7 12 1 1 1 10 7 12 1 1 1 9 12 1 1 10 12 1 1 10 12 1 1 9 12 1 1 10 7 12 1 1 1 10 12 1 1 7 1 8 1 10 12 1 10 12 1 1 10 12 1 1 10 12 1 1 10 7 12 1 1 1 8 1 10 12 1 8 1 10 12 1 1 10 100 12 1 1 9 100 12 1 1 1 10 12 1 1 10 10 12 1 1 1 1 1 1 1 1 1 1 1 1 1 1 1 1 1 1 1 1 1 1 1 1 1 1 1 1 100 1 1 1 1
ciInstanceKlass jdk/internal/vm/ContinuationScope 0 0 50 10 100 12 1 1 1 10 100 12 1 1 1 100 1 9 100 12 1 1 1 10 12 1 1 10 100 12 1 1 1 10 12 1 1 10 12 1 1 1 1 1 1 1 1 1 1 1 1 1
ciInstanceKlass jdk/internal/vm/StackChunk 0 0 32 10 100 12 1 1 1 9 100 12 1 1 1 9 12 1 1 9 12 1 1 1 1 1 1 1 1 1 1 1 1 1
ciInstanceKlass java/lang/Float 1 1 279 7 1 7 1 10 100 12 1 1 1 10 100 12 1 1 1 4 7 1 10 12 1 1 10 12 1 1 8 1 8 1 10 7 12 1 1 1 10 12 1 1 10 12 1 1 10 100 1 4 10 7 12 1 1 9 12 1 1 10 12 1 1 10 12 1 10 10 12 1 1 10 12 1 10 12 1 3 3 100 1 4 4 4 3 10 12 1 1 9 12 1 1 100 1 10 3 3 4 4 10 12 1 3 3 3 10 12 1 1 10 12 1 1 10 12 1 10 100 12 1 1 1 10 12 1 1 10 12 1 1 10 7 12 1 1 1 8 1 10 12 1 1 9 12 1 1 7 1 7 1 7 1 1 1 1 4 1 4 1 1 1 4 1 1 3 1 3 1 3 1 3 1 3 1 1 1 1 5 0 1 1 1 1 1 1 1 1 1 1 100 1 1 1 1 1 1 1 1 1 1 1 1 1 3 1 1 1 1 1 1 1 1 1 1 1 1 1 1 1 1 1 1 1 1 1 1 1 1 1 1 1 1 1 1 1 1 1 1 1 1 1 1 1 1 1 1 1 1 1 1 1 1 1 1 1 1 1 1 1 1 1 1 1 1 1 7 1 1 1 1 1 1 1 100 1 100 1 1
staticfield java/lang/Float TYPE Ljava/lang/Class; java/lang/Class
staticfield java/lang/Float $assertionsDisabled Z 1
ciMethod java/lang/Float isNaN (F)Z 512 0 15704 0 0
ciInstanceKlass java/lang/Double 1 1 290 7 1 7 1 10 7 12 1 1 1 10 12 1 1 10 7 1 10 12 1 1 10 100 12 1 1 1 6 0 8 1 10 12 1 1 8 1 10 12 1 1 8 1 6 0 10 12 1 1 100 1 5 0 5 0 8 1 8 1 10 7 12 1 1 1 10 7 12 1 1 1 8 1 10 12 1 1 8 1 8 1 8 1 10 12 1 1 10 12 1 10 12 1 1 10 12 1 10 12 1 10 12 1 1 10 12 1 10 7 1 6 0 10 7 12 1 1 9 12 1 1 10 12 1 10 12 1 10 12 1 10 12 1 10 12 1 5 0 10 12 1 1 10 12 1 10 12 1 10 100 12 1 1 1 10 12 1 1 10 12 1 1 8 1 10 7 12 1 1 1 9 12 1 1 7 1 7 1 7 1 1 1 6 0 1 6 0 1 6 0 1 1 1 6 0 1 1 3 1 3 1 3 1 3 1 3 1 1 1 1 5 0 1 1 1 1 1 1 1 1 1 1 1 1 1 1 1 1 100 1 1 1 1 1 1 1 1 1 1 1 1 3 1 1 1 1 1 1 1 1 1 1 1 1 1 1 1 1 1 1 1 1 1 1 1 1 1 1 1 1 1 1 1 1 1 1 7 1 1 1 1 1 1 1 100 1 100 1 1
staticfield java/lang/Double TYPE Ljava/lang/Class; java/lang/Class
ciInstanceKlass java/lang/Byte 1 1 213 7 1 100 1 10 7 12 1 1 1 9 12 1 1 8 1 9 12 1 1 7 1 10 12 1 1 10 12 1 1 10 100 12 1 1 1 10 100 12 1 1 1 9 7 12 1 1 1 10 12 1 1 100 1 7 1 10 12 1 1 8 1 10 12 1 1 8 1 10 12 1 10 12 1 10 12 1 10 12 1 1 10 12 1 10 12 1 10 12 1 1 10 8 1 8 1 10 7 1 9 12 1 1 10 12 1 1 10 12 1 1 10 12 1 1 10 12 1 5 0 10 12 1 1 8 1 10 7 12 1 1 1 9 12 1 1 7 1 7 1 1 1 3 1 3 1 1 1 1 3 1 3 1 1 5 0 1 1 1 1 1 1 1 1 1 1 1 1 1 1 1 1 1 1 1 1 1 1 1 1 1 1 1 1 1 1 1 1 1 1 1 1 1 1 1 1 1 1 1 1 1 1 1 1 1 1 1 1 1 1 1 1
staticfield java/lang/Byte TYPE Ljava/lang/Class; java/lang/Class
ciInstanceKlass java/lang/Short 1 1 222 7 1 7 1 100 1 10 7 12 1 1 1 10 12 1 1 100 1 7 1 10 12 1 1 8 1 10 12 1 1 8 1 10 12 1 10 12 1 10 12 1 10 12 1 1 10 12 1 1 10 12 1 9 12 1 1 8 1 9 12 1 1 7 1 10 12 1 1 10 12 1 10 100 12 1 1 1 10 100 12 1 1 1 9 100 12 1 1 1 10 12 1 10 12 1 1 10 8 1 8 1 10 7 1 9 12 1 1 10 12 1 1 10 12 1 1 10 12 1 1 10 12 1 3 3 5 0 10 12 1 1 8 1 10 7 12 1 1 1 9 12 1 1 7 1 7 1 1 1 3 1 3 1 1 1 1 3 1 3 1 1 5 0 1 1 1 1 1 1 1 1 1 1 1 1 1 1 1 1 1 1 1 1 1 1 1 1 1 1 1 3 1 1 1 1 1 1 1 1 1 1 1 1 1 1 1 1 1 1 1 1 1 1 1 1 1 1 1 1 1 1
staticfield java/lang/Short TYPE Ljava/lang/Class; java/lang/Class
ciInstanceKlass java/lang/Long 1 1 524 7 1 7 1 7 1 7 1 10 12 1 1 9 12 1 1 9 7 12 1 1 1 10 100 12 1 1 1 10 12 1 1 10 100 12 1 1 1 10 10 12 10 12 1 10 12 1 10 12 1 5 0 5 0 7 1 10 12 1 1 10 12 1 1 10 12 1 10 12 1 10 12 1 10 12 1 1 10 100 12 1 1 10 12 1 10 12 1 1 10 12 1 1 10 12 1 1 10 12 1 1 10 7 12 1 1 1 10 12 1 1 10 12 1 10 12 1 10 12 1 10 12 1 1 10 10 12 1 5 0 5 0 9 12 1 1 9 12 1 5 0 100 1 8 1 10 12 1 8 1 10 12 1 8 1 8 1 10 12 1 1 5 0 10 12 1 1 5 0 10 12 1 1 10 12 1 1 10 100 12 1 1 1 11 7 1 10 12 1 1 11 10 12 1 1 8 1 10 12 1 1 8 1 7 1 10 12 1 1 10 12 1 8 1 8 1 11 12 1 1 10 12 1 10 12 1 10 12 1 5 0 5 0 9 7 12 1 1 1 10 12 1 10 12 1 1 8 1 8 1 10 12 1 1 8 1 8 1 8 1 8 1 8 1 8 1 10 12 1 10 7 1 9 12 1 1 10 12 1 10 12 1 1 10 12 1 1 10 7 12 1 1 1 100 1 100 1 10 12 1 1 10 12 1 1 5 0 10 12 1 10 12 1 5 0 5 0 5 0 10 12 1 1 10 12 1 5 0 5 0 10 12 1 10 12 1 10 100 12 1 1 1 10 12 1 1 10 12 1 1 8 1 10 7 12 1 1 1 9 12 1 1 7 1 7 1 7 1 1 1 1 5 0 1 1 1 1 3 1 3 1 5 0 1 1 1 1 1 1 1 1 1 100 1 1 1 1 1 1 1 1 1 1 1 1 1 1 1 1 1 1 1 1 1 1 1 1 1 1 1 1 1 1 1 1 1 1 1 1 1 1 1 1 1 1 1 1 1 1 1 1 1 1 1 1 1 1 1 3 1 1 1 1 1 1 1 1 1 1 1 1 1 1 1 7 1 1 1 1 1 1 1 1 1 1 1 1 1 1 1 1 1 1 1 1 1 1 1 1 1 1 1 1 1 1 1 1 1 1 1 1 1 1 1 1 1 1 1 7 1 1 1 1 1 1 1 1 1 100 1 100 1 1
staticfield java/lang/Long TYPE Ljava/lang/Class; java/lang/Class
ciInstanceKlass jdk/internal/vm/vector/VectorSupport 0 0 573 100 1 10 100 12 1 1 1 9 12 1 1 10 12 1 1 100 1 10 12 1 11 100 12 1 1 1 11 100 12 1 1 1 11 100 12 1 1 11 100 12 1 1 11 100 12 1 1 1 11 100 12 1 1 11 100 12 1 1 11 100 12 1 1 11 100 12 1 1 11 100 12 1 1 11 100 12 1 1 11 100 12 1 1 1 11 100 12 1 1 11 100 12 1 1 1 11 100 12 1 1 1 11 100 12 1 1 11 100 12 1 1 1 11 100 12 1 1 100 1 10 12 1 1 11 100 12 1 1 11 100 12 1 1 11 100 12 1 1 11 100 12 1 1 11 100 12 1 1 11 100 12 1 1 9 12 1 1 10 100 12 1 1 11 100 12 1 1 10 12 1 1 10 100 12 1 1 1 10 12 1 10 12 1 1 10 12 1 1 1 1 1 3 1 3 1 3 1 3 1 3 1 3 1 3 1 3 1 3 1 3 1 3 1 3 1 3 1 3 1 3 1 3 1 3 1 3 1 3 1 3 1 3 1 3 1 3 1 3 1 3 1 3 1 3 1 3 1 3 1 3 1 3 1 3 1 3 1 3 1 3 1 3 1 3 1 3 1 3 1 3 1 3 1 3 1 3 1 3 1 3 1 3 1 3 1 3 1 3 1 3 1 3 1 3 1 3 1 1 1 1 1 1 1 1 1 1 1 1 1 1 1 1 1 1 1 1 1 1 1 1 1 1 1 1 1 1 1 1 1 1 1 1 1 1 1 1 1 1 1 1 1 1 1 1 1 1 1 1 1 1 1 1 1 1 1 1 1 1 1 1 1 1 1 1 1 1 1 1 1 1 1 1 1 1 1 1 1 1 1 1 1 1 1 1 1 1 1 1 1 1 1 1 1 1 1 1 1 1 1 1 1 1 1 1 1 1 1 1 1 1 1 1 1 1 1 1 1 1 1 1 1 1 1 1 1 1 1 1 1 1 1 1 1 1 1 1 1 1 1 1 1 1 1 1 1 1 1 1 1 1 1 1 1 1 1 1 1 1 1 1 1 1 1 1 1 1 1 1 1 1 1 1 1 1 1 1 1 1 1 1 1 1 1 1 1 1 1 1 1 1 1 1 1 1 1 1 1 1 1 1 1 1 1 1 1 1 1 1 1 1 1 1 1 1 1 1 1 1 1 1 1 1 1 1 1 1 1 1 1 1 1 100 1 100 1 100 1 100 1 100 1 1 1 1 1 1 1 1 1 1 1 1 1 1 1 1 1 1 1 1 1 1 1 1 1 1 1 1 1 1 1
instanceKlass jdk/internal/vm/vector/VectorSupport$VectorShuffle
instanceKlass jdk/internal/vm/vector/VectorSupport$VectorMask
instanceKlass jdk/internal/vm/vector/VectorSupport$Vector
ciInstanceKlass jdk/internal/vm/vector/VectorSupport$VectorPayload 0 0 32 10 100 12 1 1 1 9 100 12 1 1 1 10 100 12 1 1 1 1 1 1 1 1 1 1 1 1 1 1 1 1
ciInstanceKlass jdk/internal/vm/vector/VectorSupport$Vector 0 0 28 10 100 12 1 1 1 100 1 1 1 1 1 1 1 1 1 1 1 1 1 1 1 100 1 1 1 1
ciInstanceKlass jdk/internal/vm/vector/VectorSupport$VectorMask 0 0 28 10 100 12 1 1 1 100 1 1 1 1 1 1 1 1 1 1 1 1 1 1 1 100 1 1 1 1
ciInstanceKlass jdk/internal/vm/vector/VectorSupport$VectorShuffle 0 0 28 10 100 12 1 1 1 100 1 1 1 1 1 1 1 1 1 1 1 1 1 1 1 100 1 1 1 1
ciInstanceKlass jdk/internal/vm/FillerObject 0 0 16 10 100 12 1 1 1 100 1 1 1 1 1 1 1 1
instanceKlass java/lang/ref/PhantomReference
instanceKlass java/lang/ref/FinalReference
instanceKlass java/lang/ref/WeakReference
instanceKlass java/lang/ref/SoftReference
ciInstanceKlass java/lang/ref/Reference 1 1 190 9 7 12 1 1 1 9 7 12 1 1 10 12 1 1 10 12 1 1 9 12 1 1 10 12 1 1 9 12 1 1 9 12 1 1 7 1 10 12 1 10 7 12 1 1 10 12 1 10 12 1 1 10 12 1 7 1 8 1 10 12 1 1 7 1 10 12 1 1 10 12 1 1 10 12 1 9 12 1 10 12 1 1 10 12 1 10 12 1 9 12 1 7 1 100 1 10 12 9 12 1 9 12 1 100 1 10 10 12 1 10 10 7 12 1 1 7 1 10 10 7 12 1 1 1 1 1 1 1 1 1 1 1 1 1 1 1 1 1 1 1 7 1 1 1 100 1 1 1 1 1 1 1 1 1 1 1 1 1 1 1 1 1 1 1 1 1 1 1 1 1 1 1 1 1 1 1 1 1 1 1 7 1 7 1 7 1 1 1
staticfield java/lang/ref/Reference processPendingLock Ljava/lang/Object; java/lang/Object
staticfield java/lang/ref/Reference $assertionsDisabled Z 1
instanceKlass sun/util/locale/provider/LocaleResources$ResourceReference
instanceKlass sun/util/resources/Bundles$BundleReference
instanceKlass sun/security/util/MemoryCache$SoftCacheEntry
instanceKlass java/util/ResourceBundle$BundleReference
instanceKlass sun/util/locale/LocaleObjectCache$CacheEntry
instanceKlass java/lang/invoke/LambdaFormEditor$Transform
ciInstanceKlass java/lang/ref/SoftReference 1 1 47 10 7 12 1 1 1 9 7 12 1 1 1 9 12 1 10 12 1 10 12 1 1 1 1 1 1 1 1 1 1 1 1 1 1 1 1 1 1 1 1 100 1 1 1 1 1
ciMethod java/lang/ref/SoftReference get ()Ljava/lang/Object; 684 0 5462 0 -1
ciMethod java/lang/ref/SoftReference <init> (Ljava/lang/Object;)V 8 0 2982 0 -1
instanceKlass com/github/benmanes/caffeine/cache/References$WeakKeyReference
instanceKlass org/apache/commons/logging/impl/WeakHashtable$WeakKey
instanceKlass com/sun/jmx/mbeanserver/WeakIdentityHashMap$IdentityWeakReference
instanceKlass java/lang/WeakPairMap$WeakRefPeer
instanceKlass java/util/logging/LogManager$LoggerWeakRef
instanceKlass java/util/logging/Level$KnownLevel
instanceKlass java/util/ResourceBundle$KeyElementReference
instanceKlass java/lang/ClassValue$Entry
instanceKlass jdk/internal/util/WeakReferenceKey
instanceKlass java/lang/ThreadLocal$ThreadLocalMap$Entry
instanceKlass java/util/WeakHashMap$Entry
ciInstanceKlass java/lang/ref/WeakReference 1 1 31 10 7 12 1 1 1 10 12 1 100 1 1 1 1 1 1 1 1 1 1 1 1 1 1 1 1 1 1 1 1
instanceKlass java/lang/ref/Finalizer
ciInstanceKlass java/lang/ref/FinalReference 1 1 50 10 7 12 1 1 1 10 7 12 1 1 1 10 12 1 1 7 1 8 1 10 12 1 1 1 1 1 1 1 1 1 1 1 1 1 1 1 1 1 1 1 1 1 1 1 1 1 7 1
instanceKlass jdk/internal/ref/PhantomCleanable
instanceKlass jdk/internal/ref/Cleaner
ciInstanceKlass java/lang/ref/PhantomReference 1 1 39 10 100 12 1 1 1 10 7 12 1 1 1 1 1 1 1 1 1 1 1 1 1 1 1 1 1 1 1 1 1 1 1 1 1 1 1 1 1
ciInstanceKlass java/lang/ref/Finalizer 1 1 155 9 7 12 1 1 1 10 7 12 1 1 1 9 12 1 1 9 12 1 1 9 12 1 9 12 1 9 12 1 1 10 12 1 7 1 8 1 10 12 1 10 12 1 1 9 12 1 100 1 10 12 1 7 1 11 7 12 1 1 10 12 1 7 1 10 12 1 100 1 10 12 1 10 7 12 1 1 1 10 100 12 1 1 1 100 1 10 10 12 1 7 1 10 12 1 7 1 10 12 1 1 10 12 1 1 10 12 1 10 7 12 1 1 1 7 1 10 7 1 10 10 12 1 1 1 1 1 1 1 1 1 1 1 1 1 1 1 1 1 1 1 1 1 1 1 1 1 1 1 1 1 1 1 1
staticfield java/lang/ref/Finalizer lock Ljava/lang/Object; java/lang/Object
staticfield java/lang/ref/Finalizer ENABLED Z 1
staticfield java/lang/ref/Finalizer $assertionsDisabled Z 1
instanceKlass com/mendix/connectionbus/modelsynchronization/analysis/SortDirection
instanceKlass com/mendix/connectionbus/retrieve/query/oql/OrderByTerm$OrderByType
instanceKlass com/github/benmanes/caffeine/cache/SingletonWeigher
instanceKlass com/mendix/systemwideinterfaces/core/meta/IDataValidation$ValidationType
instanceKlass com/mendix/datastorage/DsMetaPrimitive$DsAttributeType
instanceKlass org/antlr/v4/runtime/atn/PredictionMode
instanceKlass org/antlr/v4/runtime/atn/LexerActionType
instanceKlass org/antlr/v4/runtime/atn/ATNType
instanceKlass org/antlr/v4/runtime/CodePointBuffer$Type
instanceKlass com/mendix/systemwideinterfaces/core/IContext$ExecutionType
instanceKlass com/mendix/systemwideinterfaces/core/IFeedback$FormTarget
instanceKlass com/mendix/systemwideinterfaces/core/IFeedback$MessageType
instanceKlass com/mendix/documentexporter/DocumentGenerator$DocType
instanceKlass org/apache/commons/pool2/PooledObjectState
instanceKlass org/hsqldb/DatabaseType
instanceKlass com/mendix/connectionbus/retrieve/query/oql/SelectColumn$OperatorType
instanceKlass com/mendix/connectionbus/retrieve/query/oql/WhereClause$WhereClauseOperatorType
instanceKlass com/mendix/connectionbus/retrieve/query/oql/WhereTerm$WhereTermOperatorType
instanceKlass com/mendix/systemwideinterfaces/core/IMendixObjectMember$MemberValueState
instanceKlass com/mendix/systemwideinterfaces/core/IMendixObject$ObjectState
instanceKlass com/mendix/systemwideinterfaces/core/meta/IMetaAssociation$DeleteBehaviourParent
instanceKlass com/mendix/systemwideinterfaces/core/meta/IMetaAssociation$DeleteBehaviourChild
instanceKlass com/mendix/objectmanagement/meta/metamodel/AssociationStorage
instanceKlass com/mendix/systemwideinterfaces/core/meta/IMetaAssociation$AssociationOwner
instanceKlass com/mendix/systemwideinterfaces/core/meta/IMetaAssociation$AssociationType
instanceKlass com/mendix/systemwideinterfaces/core/meta/IMetaPrimitive$ValueType
instanceKlass com/mendix/model/HashAlgorithmType
instanceKlass io/micrometer/core/instrument/binder/jvm/JvmGcMetrics$GcGenerationAge
instanceKlass org/bson/BsonBinarySubType
instanceKlass org/bson/BsonType
instanceKlass org/bson/AbstractBsonWriter$State
instanceKlass org/bson/BsonContextType
instanceKlass org/bson/AbstractBsonReader$State
instanceKlass org/bson/UuidRepresentation
instanceKlass java/util/stream/MatchOps$MatchKind
instanceKlass io/micrometer/core/instrument/config/MeterFilterReply
instanceKlass java/lang/StackStreamFactory$WalkerState
instanceKlass java/lang/StackWalker$ExtendedOption
instanceKlass java/lang/StackWalker$Option
instanceKlass org/apache/logging/log4j/spi/StandardLevel
instanceKlass javax/servlet/SessionTrackingMode
instanceKlass java/net/Proxy$Type
instanceKlass org/eclipse/jetty/util/IteratingCallback$Action
instanceKlass org/apache/commons/io/StandardLineSeparator
instanceKlass javax/servlet/DispatcherType
instanceKlass org/eclipse/jetty/ee8/nested/HttpChannelState$Action
instanceKlass org/eclipse/jetty/ee8/nested/Response$OutputType
instanceKlass org/eclipse/jetty/ee8/nested/HttpOutput$State
instanceKlass org/eclipse/jetty/ee8/nested/HttpOutput$ApiState
instanceKlass org/eclipse/jetty/ee8/nested/Response$EncodingFrom
instanceKlass org/eclipse/jetty/ee8/nested/HttpChannelState$InputState
instanceKlass org/eclipse/jetty/ee8/nested/HttpChannelState$OutputState
instanceKlass org/eclipse/jetty/ee8/nested/HttpChannelState$RequestState
instanceKlass org/eclipse/jetty/ee8/nested/HttpChannelState$State
instanceKlass org/eclipse/jetty/http/HttpGenerator$Result
instanceKlass org/eclipse/jetty/http/HttpURI$Mutable$State
instanceKlass org/eclipse/jetty/http/HttpTokens$Type
instanceKlass org/eclipse/jetty/util/thread/strategy/AdaptiveExecutionStrategy$SubStrategy
instanceKlass org/eclipse/jetty/http/HttpParser$FieldState
instanceKlass org/eclipse/jetty/http/HttpParser$State
instanceKlass org/eclipse/jetty/server/internal/HttpChannelState$StreamSendState
instanceKlass org/eclipse/jetty/http/HttpTokens$EndOfContent
instanceKlass org/eclipse/jetty/http/HttpGenerator$State
instanceKlass org/eclipse/jetty/http/HttpStatus$Code
instanceKlass org/eclipse/jetty/http/HttpHeaderValue
instanceKlass org/eclipse/jetty/util/IteratingCallback$State
instanceKlass org/eclipse/jetty/io/WriteFlusher$StateType
instanceKlass org/eclipse/jetty/io/AbstractEndPoint$State
instanceKlass java/util/Comparators$NaturalOrderComparator
instanceKlass javax/servlet/http/MappingMatch
instanceKlass org/eclipse/jetty/http/pathmap/PathSpecGroup
instanceKlass org/eclipse/jetty/ee8/servlet/Source$Origin
instanceKlass org/eclipse/jetty/server/handler/ContextHandler$Availability
instanceKlass org/eclipse/jetty/ee8/nested/ContextHandler$ContextStatus
instanceKlass org/eclipse/jetty/http/HttpMethod$Type
instanceKlass org/eclipse/jetty/http/HttpMethod
instanceKlass org/eclipse/jetty/http/MultiPartCompliance$Violation
instanceKlass org/eclipse/jetty/http/CookieCompliance$Violation
instanceKlass org/eclipse/jetty/http/UriCompliance$Violation
instanceKlass org/eclipse/jetty/http/HttpCompliance$Violation
instanceKlass org/eclipse/jetty/http/HttpScheme
instanceKlass org/eclipse/jetty/util/ConcurrentPool$StrategyType
instanceKlass org/eclipse/jetty/util/component/ContainerLifeCycle$Managed
instanceKlass org/eclipse/jetty/util/thread/Invocable$InvocationType
instanceKlass java/time/format/TextStyle
instanceKlass java/time/format/DateTimeFormatterBuilder$SettingsParser
instanceKlass java/time/format/ResolverStyle
instanceKlass java/time/format/SignStyle
instanceKlass java/time/temporal/JulianFields$Field
instanceKlass java/time/temporal/IsoFields$Unit
instanceKlass java/time/temporal/IsoFields$Field
instanceKlass org/eclipse/jetty/util/component/AbstractLifeCycle$State
instanceKlass java/net/StandardProtocolFamily
instanceKlass jdk/internal/util/OperatingSystem
instanceKlass com/mendix/m2ee/appcontainer/AppContainerConstants$Account
instanceKlass com/mendix/m2ee/appcontainer/server/SameSitePolicy
instanceKlass org/eclipse/jetty/http/HttpHeader
instanceKlass org/eclipse/jetty/http/HttpVersion
instanceKlass org/eclipse/jetty/http/MimeTypes$Type
instanceKlass sun/util/locale/provider/LocaleProviderAdapter$Type
instanceKlass com/mendix/m2ee/api/IMxRuntime$RuntimeState
instanceKlass com/mendix/m2ee/api/RuntimeState
instanceKlass com/mendix/connectionbus/connections/jdbc/DbmsType
instanceKlass com/sun/management/VMOption$Origin
instanceKlass com/sun/management/HotSpotDiagnosticMXBean$ThreadDumpFormat
instanceKlass java/util/Locale$Category
instanceKlass java/lang/management/MemoryType
instanceKlass java/lang/annotation/ElementType
instanceKlass com/mendix/model/domainmodels/ModelEventType
instanceKlass com/mendix/model/domainmodels/ModelActionMoment
instanceKlass com/mendix/model/settings/ModelSslCertificateAlgorithm
instanceKlass com/mendix/model/settings/ModelRoundingMode
instanceKlass com/mendix/model/settings/ModelHashAlgorithmType
instanceKlass com/mendix/model/settings/ModelFirstDayOfWeekEnum
instanceKlass com/mendix/model/datasets/ModelDateTimeIntervalLength
instanceKlass com/mendix/model/datasets/ModelDateTimeIntervalModifier
instanceKlass com/mendix/model/microflows/ModelTypedTemplateArgumentType
instanceKlass com/mendix/model/microflows/ModelAggregateFunctionEnum
instanceKlass com/mendix/model/microflows/ModelChangeListActionType
instanceKlass com/mendix/model/microflows/ModelChangeActionItemType
instanceKlass com/mendix/model/scheduledevents/ModelOverlapStrategy
instanceKlass com/mendix/model/scheduledevents/ModelTimeZoneEnum
instanceKlass com/mendix/model/microflows/ModelSortOrderEnum
instanceKlass com/mendix/model/domainmodels/ModelIndexedAttributeType
instanceKlass com/mendix/model/domainmodels/ModelDeletingBehavior
instanceKlass com/mendix/model/domainmodels/ModelMemberAccessRights
instanceKlass com/mendix/model/domainmodels/ModelRangeType
instanceKlass com/mendix/model/domainmodels/ModelAssociationStorage
instanceKlass com/mendix/model/domainmodels/ModelAssociationOwner
instanceKlass com/mendix/model/domainmodels/ModelAssociationType
instanceKlass com/mendix/model/security/ModelSecurityLevel
instanceKlass com/mendix/model/queues/ModelQueueRetryIntervalType
instanceKlass com/mendix/model/microflows/ModelLogLevel
instanceKlass com/mendix/model/scheduledevents/ModelWeekday
instanceKlass com/mendix/model/scheduledevents/ModelDaySelector
instanceKlass io/micrometer/core/instrument/Meter$Type
instanceKlass java/util/stream/Collector$Characteristics
instanceKlass org/slf4j/helpers/Reporter$Level
instanceKlass org/slf4j/helpers/Reporter$TargetChoice
instanceKlass com/mendix/integration/model/webservices/ModelSoapVersion
instanceKlass com/mendix/integration/model/microflows/ModelNullValueOption
instanceKlass com/mendix/integration/model/webservices/ModelHeaderAuthentication
instanceKlass com/mendix/integration/model/rest/ModelODataVersion
instanceKlass com/mendix/integration/model/mappings/ModelObjectHandlingEnum
instanceKlass com/mendix/integration/model/mappings/ModelElementType
instanceKlass com/mendix/integration/model/xmlschemas/ModelXmlPrimitiveType
instanceKlass com/mendix/integration/model/rest/ModelRestOperationParameterType
instanceKlass com/mendix/model/microflows/ModelCommitEnum
instanceKlass com/mendix/integration/model/mappings/ModelObjectHandlingBackupEnum
instanceKlass com/mendix/integration/model/services/ModelHttpMethod
instanceKlass com/mendix/model/domainmodels/ModelNavigability
instanceKlass com/mendix/integration/model/microflows/ModelContentType
instanceKlass com/mendix/integration/model/rest/ModelRestAuthenticationType
instanceKlass com/mendix/integration/model/odatapublish/ModelPublishedODataVersion
instanceKlass com/mendix/integration/model/microflows/ModelRequestProxyType
instanceKlass com/mendix/integration/model/microflows/ModelErrorResultHandlingType
instanceKlass com/mendix/workflows/model/workflows/ModelWorkflowEventType
instanceKlass com/mendix/model/scheduledevents/ModelIntervalType
instanceKlass com/mendix/workflows/model/workflows/ModelCompletionType
instanceKlass com/mendix/webui/model/forms/ModelNewButtonEditLocation
instanceKlass com/mendix/webui/model/navigation/ModelProfileKind
instanceKlass io/opentelemetry/context/ThreadLocalContextStorage
instanceKlass com/mendix/webui/model/microflows/ModelShowMessageType
instanceKlass com/mendix/webui/model/navigation/ModelOfflineEntitySyncMode
instanceKlass com/mendix/webui/model/forms/ModelFormValidations
instanceKlass com/mendix/core/conf/Configuration$ScheduledEventExecution
instanceKlass com/mendix/webui/model/forms/ModelSearchFieldOperator
instanceKlass com/mendix/webui/model/forms/ModelDateFormat
instanceKlass com/mendix/webui/model/forms/ModelEnumFormat
instanceKlass com/mendix/webui/model/forms/ModelClickTypeType
instanceKlass com/mendix/webui/model/forms/ModelGridSelectionMode
instanceKlass com/mendix/webui/model/forms/ModelFormLocation
instanceKlass com/mendix/webui/model/forms/ModelLinkType
instanceKlass com/mendix/webui/model/forms/ModelSearchFieldType
instanceKlass com/mendix/webui/model/forms/ModelProgressBarType
instanceKlass com/mendix/webui/model/forms/ModelAggregateFunction
instanceKlass com/mendix/webui/model/forms/ModelSelectionType
instanceKlass java/lang/invoke/MethodHandleImpl$ArrayAccess
instanceKlass com/mendix/documentexporter/model/microflows/ModelLanguageSettingType
instanceKlass com/mendix/documentexporter/model/microflows/ModelTargetDocumentType
instanceKlass com/mendix/webui/model/forms/ModelSortDirection
instanceKlass jdk/internal/icu/util/CodePointTrie$ValueWidth
instanceKlass jdk/internal/icu/util/CodePointTrie$Type
instanceKlass java/text/Normalizer$Form
instanceKlass java/time/temporal/ChronoUnit
instanceKlass java/time/temporal/ChronoField
instanceKlass sun/security/util/DisabledAlgorithmConstraints$Constraint$Operator
instanceKlass java/lang/System$Logger$Level
instanceKlass sun/security/rsa/RSAUtil$KeyType
instanceKlass com/mendix/mlkit/model/mlmappings/ModelTensorType
instanceKlass com/mendix/model/microflows/ModelErrorHandlingType
instanceKlass com/mendix/basis/connectionbus/requests/StoreType
instanceKlass java/lang/reflect/ProxyGenerator$PrimitiveTypeInfo
instanceKlass java/lang/annotation/RetentionPolicy
instanceKlass jdk/internal/logger/BootstrapLogger$LoggingBackend
instanceKlass com/mendix/systemwideinterfaces/core/meta/IMetaPrimitive$PrimitiveType
instanceKlass com/mendix/logging/LogLevel
instanceKlass com/mendix/integration/ShouldCommit
instanceKlass com/mendix/integration/ActionWhenNoObjectFound
instanceKlass java/util/stream/StreamShape
instanceKlass com/sun/org/apache/xerces/internal/impl/XMLScanner$NameType
instanceKlass jdk/xml/internal/JdkProperty$ImplPropMap
instanceKlass com/sun/org/apache/xerces/internal/util/Status
instanceKlass javax/xml/catalog/CatalogFeatures$Feature
instanceKlass com/sun/org/apache/xerces/internal/utils/XMLSecurityPropertyManager$Property
instanceKlass com/sun/org/apache/xerces/internal/utils/XMLSecurityPropertyManager$State
instanceKlass com/sun/org/apache/xerces/internal/utils/XMLSecurityManager$NameMap
instanceKlass jdk/xml/internal/JdkProperty$State
instanceKlass com/sun/org/apache/xerces/internal/utils/XMLSecurityManager$Limit
instanceKlass java/util/stream/StreamOpFlag$Type
instanceKlass java/util/stream/StreamOpFlag
instanceKlass java/security/DrbgParameters$Capability
instanceKlass sun/security/util/KnownOIDs
instanceKlass java/util/regex/Pattern$Qtype
instanceKlass java/nio/file/AccessMode
instanceKlass java/math/RoundingMode
instanceKlass java/lang/invoke/MethodHandles$Lookup$ClassOption
instanceKlass java/lang/invoke/VarHandle$AccessType
instanceKlass java/lang/invoke/VarHandle$AccessMode
instanceKlass java/lang/invoke/MethodHandleImpl$Intrinsic
instanceKlass java/lang/invoke/LambdaForm$BasicType
instanceKlass java/lang/invoke/LambdaForm$Kind
instanceKlass sun/invoke/util/Wrapper
instanceKlass java/util/zip/ZipCoder$Comparison
instanceKlass java/nio/file/LinkOption
instanceKlass sun/nio/fs/WindowsPathType
instanceKlass java/util/concurrent/TimeUnit
instanceKlass java/nio/file/StandardOpenOption
instanceKlass java/io/File$PathStatus
instanceKlass java/lang/module/ModuleDescriptor$Requires$Modifier
instanceKlass java/lang/reflect/AccessFlag$Location
instanceKlass java/lang/reflect/AccessFlag
instanceKlass java/lang/module/ModuleDescriptor$Modifier
instanceKlass java/lang/reflect/ClassFileFormatVersion
instanceKlass java/lang/Thread$State
ciInstanceKlass java/lang/Enum 1 1 204 9 7 12 1 1 1 9 12 1 1 10 7 12 1 1 1 9 12 1 10 7 12 1 1 1 100 1 10 10 12 1 1 10 12 1 7 1 10 10 7 12 1 1 10 12 1 1 18 12 1 1 10 100 12 1 1 1 10 12 1 1 11 7 12 1 1 1 100 1 8 1 10 12 1 100 1 7 1 10 8 1 10 12 1 1 10 12 1 1 8 1 10 12 1 10 100 1 8 1 10 10 12 1 1 10 100 12 1 1 1 7 1 7 1 7 1 1 1 1 1 1 1 1 1 1 1 1 1 1 1 1 1 1 1 1 1 1 1 1 1 1 1 1 1 1 1 1 1 1 1 1 1 1 1 1 1 1 1 1 1 1 1 3 1 1 1 1 100 1 7 1 1 100 1 1 1 1 1 1 1 1 1 1 1 16 15 10 12 16 15 10 100 12 1 1 1 1 1 100 1 100 1 1
ciInstanceKlass java/lang/reflect/Method 1 1 472 9 7 12 1 1 1 10 7 12 1 1 1 10 7 12 1 1 9 12 1 1 10 12 1 1 10 12 1 1 10 7 12 1 1 10 7 12 1 1 1 9 12 1 1 9 12 1 9 12 1 1 9 12 1 9 12 1 9 12 1 1 9 12 1 9 12 1 1 9 12 1 9 12 1 9 12 1 1 100 1 8 1 10 12 1 10 12 1 9 12 1 1 8 1 10 7 12 1 1 10 7 12 1 1 1 10 12 1 1 10 12 1 1 10 12 1 10 12 1 1 10 12 1 1 9 100 12 1 1 1 10 12 1 1 10 12 10 7 12 1 1 10 12 1 1 10 12 1 10 12 1 10 12 1 10 7 12 1 1 1 10 12 1 1 10 7 1 10 7 12 1 1 1 10 7 12 1 1 10 12 1 1 10 12 1 1 10 12 1 10 7 12 1 1 1 10 12 1 10 8 1 10 12 1 10 12 1 7 1 8 1 8 1 8 1 10 12 1 10 12 1 1 10 12 1 1 10 10 12 1 1 10 12 1 11 7 1 10 12 1 9 12 1 1 10 12 1 1 10 12 1 10 12 1 1 10 12 1 1 11 7 12 1 1 1 11 12 1 9 12 1 1 10 12 1 10 12 1 10 12 1 10 12 1 10 12 1 10 12 1 9 12 1 1 10 7 12 1 1 1 10 7 12 1 1 10 12 1 1 10 7 12 1 1 1 10 7 12 1 1 1 10 7 12 1 1 1 11 7 12 1 1 1 10 7 12 1 1 1 7 1 100 1 100 1 10 12 1 10 12 1 1 10 12 1 100 1 8 1 10 12 1 10 10 12 1 1 10 12 1 1 10 12 1 1 10 12 1 1 8 1 10 12 1 1 1 1 1 1 1 1 1 1 1 1 1 1 1 1 1 1 1 1 1 1 1 1 1 1 1 1 1 1 1 1 1 1 1 1 1 1 1 1 1 1 1 1 1 1 1 1 1 1 1 1 1 100 1 100 1 100 1 1 1 1 1 1 1 1 1 1 1 1 1 1 1 1 1 1 1 1 1 1 1 1 1 1 1 1 1 1
ciInstanceKlass java/lang/reflect/Field 1 1 457 9 7 12 1 1 1 10 12 1 1 10 100 12 1 1 1 10 100 12 1 1 9 12 1 1 10 12 1 1 10 12 1 1 10 100 12 1 1 10 7 12 1 1 1 9 12 1 1 9 12 1 9 12 1 9 12 1 1 9 12 1 1 9 12 1 9 12 1 1 9 12 1 1 100 1 8 1 10 12 1 10 12 1 9 12 1 1 9 12 1 10 12 1 10 7 12 1 1 10 12 1 1 10 12 1 1 10 12 1 10 12 1 1 9 100 12 1 1 1 10 100 12 1 1 1 7 1 10 12 1 1 10 12 1 1 10 12 1 1 10 12 1 10 12 1 10 7 1 10 7 12 1 1 7 1 10 8 1 10 12 1 1 10 12 1 1 8 1 10 12 10 12 1 8 1 8 1 10 11 7 1 9 12 1 10 12 1 1 10 12 1 1 11 7 12 1 1 1 10 12 1 11 12 1 1 11 12 1 1 11 12 1 1 11 12 1 1 11 12 1 1 11 12 1 1 11 12 1 1 11 12 1 1 11 12 1 1 11 12 1 1 11 12 1 1 11 12 1 1 11 12 1 1 11 12 1 1 11 12 1 1 11 12 1 1 11 12 1 1 10 12 1 10 7 12 1 1 10 12 1 10 12 1 10 12 1 9 12 1 1 10 7 12 1 1 1 10 12 1 1 10 12 1 10 7 12 1 1 10 12 1 1 11 7 1 10 12 1 7 1 10 100 12 1 1 1 10 7 12 1 1 1 9 12 1 10 7 12 1 1 1 11 7 12 1 1 1 10 12 1 1 10 12 1 1 9 100 12 1 1 10 100 12 1 1 1 10 12 1 1 7 1 1 1 1 1 1 1 1 1 1 1 1 1 1 1 1 1 1 1 1 1 1 1 1 1 1 1 1 1 1 1 1 1 1 1 1 1 1 1 100 1 1 1 1 1 1 1 1 1 1 1 1 1 1 1 1 1 1 1 1 1 1 1 1 1 1 1 1 1 1 1 1 7 1 1 1 1 1 1 1 1 1 100 1 1
ciInstanceKlass java/lang/reflect/Parameter 0 0 243 10 7 12 1 1 1 9 7 12 1 1 1 9 12 1 1 9 12 1 1 9 12 1 10 12 1 1 10 12 1 1 10 7 12 1 1 1 7 1 10 10 12 1 1 11 7 12 1 1 1 10 12 1 10 100 12 1 1 1 10 12 1 1 10 12 1 10 12 1 8 1 8 1 10 7 12 1 1 1 10 12 1 10 12 9 100 12 1 1 1 10 100 12 1 1 1 10 12 1 8 1 10 12 1 9 12 1 1 10 12 1 1 9 12 1 1 10 12 1 1 10 12 1 1 10 12 1 1 10 12 1 10 10 12 1 10 100 12 1 1 1 10 12 1 1 11 7 12 1 1 10 7 12 1 1 7 1 10 100 12 1 1 1 10 12 1 1 10 12 1 1 10 12 1 1 10 12 1 1 9 12 1 100 1 10 11 12 1 1 11 12 1 1 7 1 1 1 1 1 1 1 1 1 1 1 1 1 1 1 1 1 1 1 1 1 1 1 1 1 1 1 1 1 1 1 1 1 1 1 1 1 1 1 1 1 100 1 1 1 1 1 1
ciInstanceKlass java/lang/reflect/RecordComponent 0 0 196 10 7 12 1 1 1 9 7 12 1 1 1 9 12 1 1 9 12 1 10 12 1 1 10 12 1 1 10 100 12 1 1 1 10 12 1 1 9 12 1 1 10 12 1 1 10 12 1 1 10 12 1 10 100 12 1 1 10 100 12 1 1 9 12 1 1 10 100 12 1 1 1 11 100 12 1 1 1 10 9 100 12 1 1 1 10 100 12 1 1 1 9 12 1 1 10 100 12 1 1 1 10 12 1 1 11 7 12 1 1 10 7 12 1 1 7 1 9 12 1 9 12 1 1 9 12 1 10 100 12 1 1 1 10 12 1 1 10 12 1 1 7 1 10 10 12 1 10 12 1 1 8 1 10 12 1 10 12 1 9 12 1 7 1 1 1 1 1 1 1 1 1 1 1 1 1 1 1 1 1 1 1 1 1 1 7 1 1 1 1 1 1 100 1 1
ciInstanceKlass java/lang/StringBuffer 1 1 483 10 7 12 1 1 1 10 12 1 10 12 1 10 12 1 1 9 7 12 1 1 1 10 12 1 1 10 12 1 10 12 1 1 9 12 1 1 10 12 1 10 12 1 1 10 12 1 1 10 12 1 10 12 1 1 10 12 1 10 12 1 1 10 12 1 1 10 7 12 1 1 1 10 12 1 1 10 12 1 10 12 1 10 12 1 10 12 1 10 12 1 10 12 1 10 12 1 10 12 1 10 12 1 10 12 1 10 12 1 10 12 1 10 12 1 10 12 1 1 10 12 1 10 12 1 1 10 12 1 1 10 10 12 1 1 10 12 1 10 12 1 10 12 1 10 12 1 10 12 1 10 12 1 10 12 10 12 1 10 12 1 10 12 1 10 12 1 1 10 12 1 10 12 1 10 10 12 1 1 10 12 1 10 12 1 10 12 1 10 10 100 12 1 1 1 10 10 12 1 1 9 12 1 1 10 100 12 1 1 10 100 1 8 10 100 12 1 1 1 8 10 12 1 8 1 10 12 1 10 12 1 10 100 12 1 1 1 10 100 12 1 1 1 7 1 10 12 100 1 8 1 10 10 12 1 1 10 12 1 1 10 12 1 10 12 1 10 12 1 1 10 12 1 10 12 1 10 12 1 10 12 1 10 12 1 10 12 10 12 1 10 12 1 10 12 1 10 12 1 10 12 1 10 12 1 10 12 1 10 12 1 10 12 1 10 12 1 10 12 10 12 10 12 1 10 12 1 10 12 1 10 12 10 12 1 10 12 1 10 12 1 10 12 1 10 12 1 10 12 1 10 12 1 10 12 1 10 12 1 10 12 1 10 12 1 7 1 10 12 1 9 7 12 1 1 1 9 7 1 9 12 1 1 7 1 7 1 7 1 7 1 1 1 1 5 0 1 1 1 1 1 1 1 1 1 1 1 1 1 1 1 1 1 1 1 1 1 1 1 1 1 1 1 1 1 1 1 1 1 1 1 1 1 1 1 1 1 1 1 1 1 1 1 1 1 1 1 1 1 1 1 1 1 1 1 1 1 100 1 1 1 1 1 7 1 1 1 1 1 1 1 1 1 1 1 1 1 1 1 1 1 1
staticfield java/lang/StringBuffer serialPersistentFields [Ljava/io/ObjectStreamField; 3 [Ljava/io/ObjectStreamField;
instanceKlass sun/reflect/misc/MethodUtil
instanceKlass jdk/internal/loader/BuiltinClassLoader
instanceKlass java/net/URLClassLoader
ciInstanceKlass java/security/SecureClassLoader 1 1 102 10 7 12 1 1 1 7 1 10 12 1 9 7 12 1 1 1 10 12 1 10 12 1 10 12 1 1 10 12 1 1 10 12 1 7 1 10 7 1 10 12 1 7 1 10 12 1 11 7 12 1 1 1 7 1 11 12 1 10 12 1 1 1 1 1 1 1 1 1 1 1 1 1 1 1 1 1 1 1 1 1 1 1 1 1 1 1 1 1 1 1 1 1 1 1 1 100 1 1 1 1
instanceKlass com/mendix/container/deployment/internal/NamedURLClassLoader
ciInstanceKlass java/net/URLClassLoader 1 1 600 10 7 12 1 1 1 7 1 10 12 1 9 7 12 1 1 1 10 7 12 1 1 1 9 12 1 1 7 1 10 12 1 9 12 1 1 10 12 1 10 10 12 1 10 7 12 1 1 1 10 12 1 1 10 7 12 1 1 1 10 7 12 1 1 1 7 1 10 12 1 1 10 12 1 1 10 12 1 1 100 1 100 1 10 7 12 1 1 1 100 1 8 1 10 12 1 10 7 12 1 1 1 10 12 1 1 10 12 1 1 11 100 12 1 1 1 11 7 12 1 1 1 11 12 1 1 7 1 11 12 1 11 7 12 1 1 10 12 1 11 12 1 11 12 1 1 11 10 12 1 1 10 12 1 1 10 12 1 1 7 1 10 12 1 10 12 1 1 7 1 100 1 10 12 1 1 7 1 10 10 12 1 1 10 7 12 1 1 10 12 1 100 1 7 1 10 8 1 10 12 1 1 8 1 10 12 1 1 10 10 12 1 8 1 8 1 10 12 1 1 10 7 12 1 1 1 10 7 12 1 1 1 10 12 1 1 10 12 1 1 10 12 1 1 10 12 1 10 12 1 100 1 100 1 8 1 10 12 1 10 12 1 1 10 12 1 1 7 1 10 12 1 10 7 12 1 1 1 10 12 1 1 10 12 1 1 10 12 1 1 10 12 1 10 7 12 1 1 1 10 12 1 1 8 1 10 12 1 1 11 7 12 1 1 1 9 7 12 1 1 1 10 7 12 1 1 1 9 12 1 9 12 1 9 12 1 9 12 1 9 12 1 9 12 1 10 7 12 1 1 1 8 1 10 12 1 1 7 1 10 10 12 1 10 12 1 1 10 12 1 1 7 1 10 12 1 10 12 1 1 10 12 1 10 12 1 1 7 1 10 7 12 1 1 9 7 12 1 1 1 10 12 1 8 1 100 1 8 1 10 12 1 10 12 1 8 1 10 12 1 10 12 1 9 12 1 1 10 100 12 1 1 10 12 1 10 12 1 10 100 1 8 1 10 100 1 10 12 1 10 7 12 1 100 1 10 12 1 10 12 1 100 1 10 10 7 12 1 1 1 1 1 1 1 1 1 1 1 1 1 1 1 1 1 1 1 1 1 1 1 1 1 1 1 1 1 1 1 1 1 1 1 1 1 7 1 100 1 7 1 7 1 1 1 1 1 1 1 1 1 1 1 1 1 1 1 1 1 1 1 1 1 1 1 1 1 1 1 1 1 1 1 1 1 1 1 1 1 1 1 1 1 1 1 1 1 1 100 1 1 1 1 1 1 1 1 1 1 1 1 1 1 1 1 1 1 1 1 1 1 1 1 1 1 1 1 1 1 1 1 1 1 1 1 1 100 1 1 1
ciInstanceKlass java/util/jar/Manifest 1 1 339 10 7 12 1 1 1 7 1 10 9 7 12 1 1 1 7 1 10 9 12 1 1 9 12 1 1 10 12 1 10 12 1 1 10 12 1 1 10 12 1 1 10 12 1 1 11 7 1 11 12 1 1 10 12 1 1 10 100 12 1 1 1 100 1 7 1 10 8 1 10 12 1 1 10 12 1 1 10 12 1 10 12 1 11 100 1 10 12 1 10 12 1 1 11 12 1 1 10 12 1 11 12 1 1 11 100 12 1 1 1 11 7 12 1 1 11 12 1 1 100 1 10 12 1 8 1 11 12 1 7 1 10 12 1 1 11 12 1 10 12 1 10 12 1 10 7 12 1 1 1 8 1 10 12 1 1 10 9 7 12 1 1 1 10 12 1 1 10 100 12 1 10 12 1 10 12 1 9 100 12 1 1 1 8 1 10 12 1 8 1 8 1 7 1 10 12 1 10 12 1 10 12 1 1 100 1 8 1 10 12 1 1 8 1 10 10 12 1 1 8 1 10 12 1 1 10 7 12 1 1 1 10 12 1 10 11 12 1 1 10 12 1 10 7 12 1 1 1 10 12 1 1 10 12 1 10 12 1 1 11 10 12 1 11 10 12 1 7 1 1 1 1 1 1 1 1 1 1 1 1 1 1 1 1 1 1 1 1 1 1 1 1 1 1 1 1 1 1 1 1 1 1 1 1 1 1 1 1 1 1 1 100 1 1 1 1 1 1 1 1 1 1 1 1 1 1 7 1 1 1 1 1 1 1 1 1 1 1
ciMethod java/util/jar/Manifest <init> (Ljava/util/jar/JarVerifier;Ljava/io/InputStream;Ljava/lang/String;)V 4 0 407 0 -1
ciMethod java/util/jar/Manifest <init> (Ljava/io/InputStream;Ljava/lang/String;)V 2 0 74 0 -1
instanceKlass com/mendix/shared/util/stream/StoredByteArrayInputStream
ciInstanceKlass java/io/ByteArrayInputStream 1 1 117 10 7 12 1 1 1 9 7 12 1 1 1 9 12 1 1 9 12 1 9 12 1 10 100 12 1 1 1 10 7 12 1 1 1 10 7 12 1 1 1 10 7 12 1 1 1 10 12 1 1 3 10 100 1 10 100 12 1 1 1 9 12 1 1 100 1 10 10 7 12 1 1 1 1 1 1 1 1 1 1 1 1 1 1 1 1 1 1 1 1 1 1 1 1 1 1 1 1 1 1 1 100 1 1 1 1 1 1 1 1 1 1 1 1 1 1
staticfield java/io/ByteArrayInputStream $assertionsDisabled Z 1
ciMethod java/io/ByteArrayInputStream <init> ([B)V 2 0 530 0 -1
instanceKlass java/nio/IntBuffer
instanceKlass java/nio/CharBuffer
instanceKlass java/nio/LongBuffer
instanceKlass java/nio/ByteBuffer
ciInstanceKlass java/nio/Buffer 1 1 256 100 1 10 7 12 1 1 1 9 7 12 1 1 1 9 12 1 9 12 1 1 9 12 1 9 12 1 1 10 12 1 1 10 12 1 1 10 12 100 1 7 1 10 8 1 10 12 1 1 10 12 1 8 1 8 1 10 12 1 1 10 12 1 8 1 9 12 1 1 100 1 8 1 10 12 1 8 1 8 1 9 12 10 12 1 8 1 8 1 8 1 10 12 1 8 1 8 1 8 1 100 1 10 100 1 10 100 1 10 9 12 1 1 10 7 12 1 1 1 100 1 10 12 1 1 10 12 1 10 100 12 1 1 10 7 12 1 1 1 10 7 12 1 1 1 9 12 1 1 10 7 12 1 1 1 9 12 1 1 7 1 10 10 12 1 1 7 1 10 10 7 12 1 1 1 1 1 3 1 1 1 1 1 1 1 1 1 1 1 1 1 1 100 1 1 1 1 1 1 1 7 1 1 1 1 1 1 1 1 1 1 1 1 1 1 1 1 1 1 1 1 1 1 1 1 1 1 1 1 1 1 1 1 1 1 1 1 1 1 1 100 1 100 1 100 1 100 1 100 1 100 1 100 1 1
staticfield java/nio/Buffer UNSAFE Ljdk/internal/misc/Unsafe; jdk/internal/misc/Unsafe
staticfield java/nio/Buffer SCOPED_MEMORY_ACCESS Ljdk/internal/misc/ScopedMemoryAccess; jdk/internal/misc/ScopedMemoryAccess
staticfield java/nio/Buffer IOOBE_FORMATTER Ljava/util/function/BiFunction; jdk/internal/util/Preconditions$4
staticfield java/nio/Buffer $assertionsDisabled Z 1
ciInstanceKlass java/util/Objects 1 1 184 10 7 12 1 1 1 100 1 8 1 10 12 1 10 12 1 1 10 7 12 1 1 1 10 12 1 1 10 12 1 10 7 12 1 1 1 10 12 1 1 10 7 12 1 1 1 7 1 10 10 12 1 1 10 7 12 1 1 10 12 1 1 8 1 10 7 12 1 1 1 10 7 12 1 1 1 10 11 100 12 1 1 1 100 1 10 10 12 1 8 1 10 12 1 8 1 100 1 11 12 1 1 8 1 10 7 12 1 1 1 10 12 1 1 10 12 1 10 12 1 10 12 1 10 12 1 1 1 1 1 1 1 1 1 1 1 1 1 1 1 1 1 1 1 1 1 1 1 1 1 1 1 1 1 1 1 1 1 1 1 1 1 1 1 1 1 1 1 1 1 1 1 1 1 1 1 1 1 1 1 1 1 1
ciMethod java/util/Objects equals (Ljava/lang/Object;Ljava/lang/Object;)Z 544 0 36155 0 -1
ciMethod java/util/Objects requireNonNull (Ljava/lang/Object;Ljava/lang/String;)Ljava/lang/Object; 516 0 55109 0 -1
ciMethod java/util/Objects requireNonNull (Ljava/lang/Object;)Ljava/lang/Object; 552 0 118140 0 -1
instanceKlass java/util/Collections$CopiesList
instanceKlass scala/collection/convert/JavaCollectionWrappers$SeqWrapper
instanceKlass org/eclipse/jetty/util/BlockingArrayQueue
instanceKlass scala/collection/convert/JavaCollectionWrappers$MutableBufferWrapper
instanceKlass sun/security/jca/ProviderList$ServiceList
instanceKlass java/util/Collections$SingletonList
instanceKlass java/util/Vector
instanceKlass java/util/Arrays$ArrayList
instanceKlass sun/security/jca/ProviderList$3
instanceKlass java/util/ArrayList$SubList
instanceKlass java/util/Collections$EmptyList
instanceKlass java/util/ArrayList
ciInstanceKlass java/util/AbstractList 1 1 218 10 7 12 1 1 1 9 7 12 1 1 1 10 12 1 1 10 12 1 1 100 1 10 10 12 1 1 11 100 12 1 1 1 11 12 1 1 11 12 1 10 7 12 1 1 1 10 12 1 11 12 1 11 12 1 11 12 1 10 12 1 1 10 12 1 1 11 7 12 1 1 1 11 7 1 11 7 1 10 12 1 100 1 10 12 1 10 12 1 1 7 1 100 1 10 12 1 100 1 10 100 1 7 1 10 8 1 10 12 1 1 10 12 1 10 12 1 1 10 12 1 8 1 100 1 8 1 8 1 8 1 10 7 1 11 10 10 12 1 11 12 1 10 12 1 1 8 1 8 1 1 1 1 1 1 1 1 1 1 1 1 1 1 1 1 1 1 1 1 1 1 1 1 1 1 1 1 1 1 1 1 1 1 1 1 1 1 1 1 1 1 1 1 1 1 1 1 1 1 1 1 1 1 1 1 1 1 100 1 100 1 1 1 1 1 1 1
ciInstanceKlass java/lang/Iterable 1 1 62 10 7 12 1 1 1 11 7 12 1 1 1 11 7 12 1 1 1 11 12 1 1 11 7 12 1 1 1 10 100 12 1 1 1 100 1 1 1 1 1 1 1 1 1 1 1 1 1 1 1 1 1 1 1 1 1 1 1 1 1 1
ciInstanceKlass java/util/Collection 1 1 115 11 7 12 1 1 1 7 1 11 7 12 1 1 1 10 100 12 1 1 1 11 12 1 1 11 100 12 1 1 1 11 12 1 1 11 100 12 1 1 1 11 12 1 1 10 100 12 1 1 1 11 12 1 10 7 12 1 1 1 100 1 100 1 1 1 1 1 1 1 1 1 1 1 1 1 1 1 1 1 1 1 1 1 1 1 1 1 1 1 1 1 1 1 1 1 1 1 1 1 1 1 1 1 1 1 1 1 1 1 1 1 1 1 1
ciInstanceKlass java/util/SequencedCollection 1 1 109 100 1 10 12 1 1 11 7 12 1 1 1 11 7 12 1 1 1 11 12 1 1 11 12 1 7 1 7 1 1 1 1 1 1 1 1 1 1 1 1 1 1 1 1 1 1 1 1 1 1 1 1 1 1 1 1 1 100 1 8 1 1 12 10 1 1 1 8 1 1 1 8 1 1 1 8 1 1 1 8 1 1 8 1 1 1 8 1 1 8 1 1 1 8 1 1 8 1 1 1 8 1 1 8 1 1 8 1
ciInstanceKlass java/util/List 1 1 251 10 100 12 1 1 1 11 100 12 1 1 1 11 100 12 1 1 1 11 12 1 1 11 100 12 1 1 11 12 1 1 11 12 1 1 10 100 12 1 1 1 100 1 100 1 10 12 1 1 100 1 10 100 12 1 1 1 11 12 1 1 11 12 1 11 12 1 100 1 10 12 1 11 12 1 1 11 12 1 1 11 12 1 10 100 12 1 1 1 9 7 12 1 1 1 7 1 10 12 10 12 1 7 1 10 12 1 1 10 12 1 10 12 1 1 11 12 1 1 100 1 1 1 1 1 1 1 1 1 1 1 1 1 1 1 1 1 1 1 1 1 1 1 1 1 1 1 1 1 1 1 1 1 1 1 1 1 1 1 1 1 1 1 1 100 1 100 1 1 1 1 1 1 1 1 1 1 1 1 1 1 1 1 1 1 1 1 1 1 1 1 1 1 1 1 1 1 1 1 1 1 1 1 1 1 1 1 1 1 1 1 1 1 1 1 1 1 1 1 1 1 1 1 1 1 1 1 1 1 1 1 1 1 1 1 1 1 1 1 1 1 1 1 100 1 1 100 1 1 1
ciMethod java/util/List iterator ()Ljava/util/Iterator; 0 0 1 0 -1
instanceKlass com/github/benmanes/caffeine/cache/AbstractLinkedDeque
instanceKlass java/util/AbstractMap$2
instanceKlass java/util/Hashtable$ValueCollection
instanceKlass scala/collection/convert/JavaCollectionWrappers$IterableWrapper
instanceKlass java/util/EnumMap$Values
instanceKlass java/util/TreeMap$Values
instanceKlass java/util/IdentityHashMap$Values
instanceKlass java/util/AbstractQueue
instanceKlass java/util/LinkedHashMap$LinkedValues
instanceKlass java/util/HashMap$Values
instanceKlass java/util/ArrayDeque
instanceKlass java/util/AbstractSet
instanceKlass java/util/ImmutableCollections$AbstractImmutableCollection
instanceKlass java/util/AbstractList
ciInstanceKlass java/util/AbstractCollection 1 1 160 10 7 12 1 1 1 10 7 12 1 1 1 10 12 1 1 11 7 12 1 1 1 11 12 1 1 10 12 1 1 10 100 12 1 1 1 10 12 1 1 10 12 1 1 10 7 12 1 1 10 7 12 1 1 1 7 1 10 7 12 1 1 1 10 100 12 1 1 1 100 1 10 11 12 1 11 7 1 10 12 1 10 12 1 10 100 12 1 1 1 11 8 1 7 1 10 10 12 1 1 8 1 10 12 1 10 12 1 1 1 1 1 1 1 1 1 1 1 1 1 1 1 1 1 1 1 1 1 1 1 1 1 1 1 1 1 1 1 1 1 1 1 1 1 1 1 1 1 1 1 1 1 1 1 1 1 1 1 1
ciMethod java/util/AbstractCollection <init> ()V 592 0 27088 0 0
ciMethod java/util/AbstractList <init> ()V 22 0 14247 0 88
ciInstanceKlass java/lang/AssertionStatusDirectives 0 0 24 10 100 12 1 1 1 100 1 1 1 1 1 1 1 1 1 1 1 1 1 1 1 1
instanceKlass com/mendix/datastorage/exception/MendixDataStorageRuntimeException
instanceKlass java/util/EmptyStackException
instanceKlass org/antlr/v4/runtime/RecognitionException
instanceKlass spray/json/JsonParser$ParsingException
instanceKlass spray/json/SerializationException
instanceKlass spray/json/DeserializationException
instanceKlass java/time/DateTimeException
instanceKlass java/lang/NegativeArraySizeException
instanceKlass org/hsqldb/HsqlException
instanceKlass org/bson/BSONException
instanceKlass org/apache/logging/log4j/util/InternalException
instanceKlass org/apache/logging/log4j/LoggingException
instanceKlass org/apache/commons/logging/LogConfigurationException
instanceKlass com/mendix/basis/util/license/LicenseVerificationException
instanceKlass org/eclipse/jetty/io/RuntimeIOException
instanceKlass java/security/ProviderException
instanceKlass java/nio/BufferOverflowException
instanceKlass java/util/concurrent/CompletionException
instanceKlass org/eclipse/jetty/http/HttpException$RuntimeException
instanceKlass java/nio/file/FileSystemNotFoundException
instanceKlass java/nio/file/ProviderNotFoundException
instanceKlass java/nio/file/FileSystemAlreadyExistsException
instanceKlass java/util/concurrent/RejectedExecutionException
instanceKlass java/io/UncheckedIOException
instanceKlass org/eclipse/jetty/util/component/AbstractLifeCycle$StopException
instanceKlass com/mendix/basis/util/license/LicenseRuntimeException
instanceKlass com/mendix/m2ee/appcontainer/util/AdminRuntimeException
instanceKlass com/amazonaws/SdkBaseException
instanceKlass java/util/MissingResourceException
instanceKlass com/azure/core/exception/AzureException
instanceKlass java/lang/reflect/UndeclaredThrowableException
instanceKlass com/mendix/thirdparty/org/json/JSONException
instanceKlass com/mendix/logging/LoggingException
instanceKlass com/mendix/systemwideinterfaces/MendixRuntimeException
instanceKlass scala/MatchError
instanceKlass scala/UninitializedFieldError
instanceKlass com/sun/org/apache/xerces/internal/xni/XNIException
instanceKlass com/mendix/container/componentregistry/Component$ClassAlreadyLoaded$1
instanceKlass java/util/ConcurrentModificationException
instanceKlass java/lang/IllegalStateException
instanceKlass java/lang/SecurityException
instanceKlass scala/UninitializedFieldError
instanceKlass java/util/NoSuchElementException
instanceKlass java/lang/IndexOutOfBoundsException
instanceKlass scala/MatchError
instanceKlass java/lang/UnsupportedOperationException
instanceKlass java/lang/IllegalArgumentException
instanceKlass java/lang/ArithmeticException
instanceKlass java/lang/NullPointerException
instanceKlass java/lang/IllegalMonitorStateException
instanceKlass java/lang/ArrayStoreException
instanceKlass java/lang/ClassCastException
ciInstanceKlass java/lang/RuntimeException 1 1 40 10 7 12 1 1 1 10 12 1 10 12 1 10 12 1 10 12 1 100 1 1 1 1 5 0 1 1 1 1 1 1 1 1 1 1 1 1 1 1
instanceKlass org/eclipse/jetty/session/AbstractSessionManager$RequestedSession
instanceKlass jdk/net/UnixDomainPrincipal
instanceKlass jdk/jfr/internal/jfc/model/Constraint
instanceKlass java/nio/DirectByteBuffer$Deallocator
instanceKlass jdk/jfr/internal/query/ViewFile$ViewConfiguration
instanceKlass jdk/jfr/internal/dcmd/Argument
instanceKlass java/util/stream/Collectors$CollectorImpl
instanceKlass sun/security/pkcs/SignerInfo$AlgorithmInfo
instanceKlass jdk/internal/misc/ThreadTracker$ThreadRef
instanceKlass java/lang/reflect/Proxy$ProxyBuilder$ProxyClassContext
instanceKlass java/security/SecureClassLoader$CodeSourceKey
instanceKlass jdk/internal/reflect/ReflectionFactory$Config
instanceKlass jdk/internal/foreign/abi/UpcallLinker$CallRegs
instanceKlass jdk/internal/foreign/abi/VMStorage
ciInstanceKlass java/lang/Record 1 1 22 10 7 12 1 1 1 100 1 1 1 1 1 1 1 1 1 1 1 1 1 1
ciInstanceKlass java/lang/invoke/MethodType 1 1 780 7 1 10 7 12 1 1 1 9 12 1 1 9 12 1 1 9 12 1 1 10 7 12 1 1 1 9 7 12 1 1 8 1 10 100 12 1 1 1 9 7 1 9 7 1 10 12 1 1 7 1 10 8 1 10 12 1 1 10 12 1 10 12 1 1 7 1 8 1 10 12 1 100 1 10 10 12 1 10 12 1 1 10 12 1 1 11 7 12 1 1 1 9 12 1 11 12 1 1 7 10 12 1 1 10 12 1 1 7 1 7 1 10 7 12 1 1 1 10 12 1 10 12 1 9 12 1 1 10 7 12 1 1 10 12 1 1 10 7 12 1 1 1 10 7 12 1 1 1 10 12 1 9 12 1 1 10 12 1 1 10 12 1 1 10 12 1 1 10 12 1 1 10 12 1 1 10 12 1 10 12 1 10 12 1 1 10 12 1 8 1 8 1 10 12 1 1 9 12 1 1 100 1 10 10 12 1 1 10 12 1 10 12 1 1 10 12 1 1 10 12 1 10 12 1 10 12 1 8 1 10 12 1 1 10 100 12 1 1 1 10 12 1 10 12 1 1 10 12 1 10 12 1 10 12 1 1 10 12 1 10 12 1 9 12 1 10 12 1 10 10 12 1 1 10 12 1 9 12 1 1 10 12 1 1 11 12 1 1 10 12 1 1 10 12 1 10 12 1 100 1 8 1 8 1 8 1 10 12 1 10 12 1 10 12 1 1 10 10 12 1 11 12 1 1 11 12 1 10 100 12 1 1 1 9 12 1 10 12 1 10 12 1 1 10 12 1 1 10 12 1 10 12 1 10 100 12 1 1 1 10 12 1 1 10 12 1 10 12 1 10 12 1 10 9 12 1 1 7 1 10 12 1 10 12 1 1 9 100 12 1 1 1 10 7 12 1 1 1 10 7 12 1 1 1 10 12 1 1 10 7 12 1 1 1 10 12 1 1 8 1 10 7 12 1 1 1 11 12 1 1 9 12 1 1 10 12 1 1 10 12 1 10 12 1 1 10 12 1 1 10 100 12 1 1 100 1 10 12 1 1 11 100 12 1 1 18 12 1 1 11 12 1 1 18 12 1 11 12 1 100 1 11 100 12 1 1 10 12 1 100 1 10 12 1 10 100 12 1 1 10 12 1 1 9 12 1 1 9 100 12 1 1 1 10 7 12 1 1 1 9 12 1 10 100 12 1 1 10 12 1 100 10 12 1 1 10 12 1 7 1 10 10 12 1 1 7 1 7 1 9 12 1 1 7 1 7 1 7 1 1 1 5 0 1 1 1 1 1 1 1 3 1 3 1 3 1 1 1 1 1 1 1 1 1 1 1 1 1 1 1 1 1 1 1 1 1 1 1 1 1 1 1 1 1 1 1 1 1 1 1 1 1 1 1 1 1 1 1 1 1 1 1 1 1 1 1 1 1 1 1 1 1 1 1 1 1 1 1 1 1 1 1 1 1 1 1 1 1 1 1 1 1 1 1 1 1 1 1 1 1 1 1 1 1 1 1 1 1 1 1 1 1 1 1 1 1 1 1 1 1 1 1 1 1 1 1 1 1 1 1 1 1 1 1 1 1 1 1 1 1 1 1 1 1 1 100 1 100 1 1 1 1 1 1 1 1 1 1 1 1 1 100 1 1 1 7 1 1 1 1 1 1 1 1 1 1 1 1 1 1 1 1 1 1 1 1 1 1 16 15 10 12 16 16 15 10 12 16 15 10 100 12 1 1 1 1 1 7 1 1 7 1 1 100 1 100 1 1
staticfield java/lang/invoke/MethodType internTable Ljdk/internal/util/ReferencedKeySet; jdk/internal/util/ReferencedKeySet
staticfield java/lang/invoke/MethodType NO_PTYPES [Ljava/lang/Class; 0 [Ljava/lang/Class;
staticfield java/lang/invoke/MethodType objectOnlyTypes [Ljava/lang/invoke/MethodType; 20 [Ljava/lang/invoke/MethodType;
staticfield java/lang/invoke/MethodType METHOD_HANDLE_ARRAY [Ljava/lang/Class; 1 [Ljava/lang/Class;
staticfield java/lang/invoke/MethodType serialPersistentFields [Ljava/io/ObjectStreamField; 0 [Ljava/io/ObjectStreamField;
staticfield java/lang/invoke/MethodType $assertionsDisabled Z 1
ciInstanceKlass java/lang/invoke/TypeDescriptor$OfMethod 1 0 43 100 1 100 1 100 1 1 1 1 1 1 1 1 1 1 1 1 1 1 1 1 1 1 1 1 1 1 1 1 1 1 1 1 1 1 1 1 1 1 100 1 1
instanceKlass java/lang/InstantiationException
instanceKlass java/lang/reflect/InvocationTargetException
instanceKlass java/lang/IllegalAccessException
instanceKlass java/lang/NoSuchFieldException
instanceKlass java/lang/NoSuchMethodException
instanceKlass java/lang/ClassNotFoundException
ciInstanceKlass java/lang/ReflectiveOperationException 1 1 34 10 7 12 1 1 1 10 12 1 10 12 1 10 12 1 100 1 1 1 1 5 0 1 1 1 1 1 1 1 1 1 1 1
instanceKlass java/lang/invoke/BoundMethodHandle
instanceKlass java/lang/invoke/DelegatingMethodHandle
instanceKlass java/lang/invoke/DirectMethodHandle
ciInstanceKlass java/lang/invoke/MethodHandle 1 1 736 100 1 9 7 12 1 1 1 10 7 12 1 1 1 10 7 12 1 1 1 7 1 7 1 10 12 1 1 9 12 1 1 10 12 1 10 12 1 1 10 12 1 1 10 100 12 1 1 1 10 12 1 1 10 12 1 1 11 7 12 1 1 1 10 12 1 1 10 12 1 10 12 1 10 12 1 1 9 12 1 1 9 12 1 1 10 7 12 1 1 1 10 12 1 1 10 12 1 10 12 1 100 1 7 1 10 8 1 10 12 1 1 10 12 1 8 1 10 12 1 1 10 12 1 10 7 12 1 1 1 10 12 1 1 10 12 1 1 10 12 1 1 10 7 12 1 1 1 10 12 1 1 10 12 1 1 10 12 1 10 12 1 1 10 7 12 1 1 10 7 12 1 1 10 12 1 10 12 1 10 12 1 1 10 12 1 1 10 12 1 1 10 12 1 1 10 7 12 1 1 1 10 7 12 1 1 1 10 12 1 1 10 12 1 1 10 12 1 1 8 1 10 7 12 1 1 1 8 1 10 12 1 10 12 1 1 10 12 1 1 10 12 1 8 1 10 12 1 1 8 1 10 12 1 8 1 10 7 12 1 1 1 9 12 1 1 100 1 10 9 7 12 1 1 1 9 7 1 8 1 10 12 1 1 10 12 1 10 12 1 1 10 12 1 10 12 1 1 10 12 1 10 12 1 1 10 12 1 10 12 1 1 10 12 1 1 8 1 10 12 1 1 8 1 10 12 1 10 12 1 1 10 12 1 10 12 1 10 12 1 1 9 100 12 1 1 1 10 12 1 1 11 12 1 10 12 1 10 12 1 1 10 100 12 1 1 100 1 11 12 1 10 100 1 11 12 1 7 1 10 12 1 11 12 1 9 100 12 1 1 1 11 12 1 1 11 100 12 1 1 1 10 12 1 1 9 12 1 11 12 1 9 12 1 9 12 1 9 12 1 11 12 1 1 9 12 1 9 12 1 9 12 1 9 12 1 9 12 1 9 12 1 9 12 1 8 1 10 12 1 10 12 1 8 1 10 12 1 10 12 1 10 12 1 1 10 10 10 7 12 1 1 10 12 1 1 100 1 100 1 8 1 8 1 10 10 12 1 1 10 12 1 10 12 1 7 1 10 100 12 1 1 1 10 9 7 12 1 1 1 10 12 1 1 10 12 1 1 8 1 8 1 10 7 12 1 1 9 12 1 9 12 1 1 9 12 1 1 10 12 1 7 1 10 12 1 10 12 1 1 9 12 1 1 9 12 1 1 10 7 12 1 1 1 11 7 12 1 1 9 12 1 10 12 1 1 10 12 1 9 12 1 10 12 1 8 10 12 1 1 8 1 1 1 1 1 1 1 1 7 1 1 1 1 1 1 1 1 1 1 1 1 1 1 1 1 1 1 1 1 1 1 1 1 1 1 1 1 1 1 100 1 1 1 1 1 1 1 1 1 1 1 1 1 1 1 1 1 1 1 1 1 1 1 1 1 1 1 1 1 1 1 1 1 1 1 1 1 1 1 1 1 1 1 1 1 1 1 1 1 1 1 1 1 1 1 1 1 1 1 1 1 1 1 1 1 1 1 1 1 1 1 1 1 1 1 1 1 1 1 1 1 1 1 1 1 1 100 1 1 100 1 7 1 100 1 1 100 1 1 100 1 1 1 1
staticfield java/lang/invoke/MethodHandle FORM_OFFSET J 20
staticfield java/lang/invoke/MethodHandle UPDATE_OFFSET J 13
staticfield java/lang/invoke/MethodHandle $assertionsDisabled Z 1
ciInstanceKlass java/util/concurrent/ConcurrentHashMap 1 1 1210 7 1 7 1 3 10 12 1 1 3 7 1 10 7 12 1 1 1 7 1 10 7 12 1 1 1 100 1 11 12 1 1 11 12 1 11 12 1 1 9 12 1 1 9 12 1 1 9 12 1 10 7 12 1 1 1 7 1 10 12 1 1 10 12 1 1 10 7 12 1 1 1 4 10 12 1 9 12 1 10 12 1 1 100 1 10 5 0 10 12 1 10 12 1 1 5 0 10 12 1 1 10 12 1 9 12 1 1 10 12 1 1 9 12 1 9 12 1 1 10 12 1 1 9 12 1 10 12 1 1 9 12 1 1 10 12 1 1 100 1 10 7 1 10 12 1 10 12 1 1 10 12 1 1 10 12 1 1 10 12 1 10 12 1 1 10 12 1 1 100 1 10 12 1 1 7 1 100 1 8 1 10 12 1 10 12 1 1 10 12 1 1 11 7 12 1 1 10 12 1 1 11 12 1 1 11 7 12 1 1 1 11 7 12 1 1 1 11 12 1 7 1 11 12 1 11 12 1 10 12 1 1 10 12 1 1 9 12 1 1 10 100 12 1 1 1 9 10 12 1 1 9 12 1 10 12 1 1 5 0 9 12 1 1 7 1 10 12 1 9 12 1 1 7 1 10 12 1 9 12 1 7 1 10 7 1 10 10 12 1 1 8 1 10 12 1 10 12 1 1 11 100 1 10 12 1 10 100 12 1 1 1 8 1 10 100 12 1 1 1 8 1 10 12 1 8 1 10 12 1 10 12 1 1 10 100 12 1 1 10 12 1 10 12 1 10 12 1 9 12 1 9 10 12 1 9 12 1 1 11 7 12 1 1 1 11 7 12 1 1 1 100 1 10 12 11 100 12 1 1 10 11 7 12 1 10 12 1 100 1 10 12 1 100 1 10 10 9 7 12 1 1 1 10 12 3 10 7 12 1 1 9 12 1 10 12 1 1 9 12 1 1 9 12 1 10 12 1 1 10 100 12 1 1 9 12 1 9 7 12 1 1 10 12 1 1 10 12 1 3 9 12 1 9 12 1 10 12 1 1 7 1 9 3 9 12 1 7 1 10 12 1 9 12 1 10 12 1 9 12 1 10 12 1 9 12 1 10 100 12 1 1 1 100 10 12 1 7 1 5 0 10 100 12 1 1 100 1 10 12 1 1 10 12 1 10 12 1 100 1 10 12 1 10 100 1 100 1 10 10 12 1 10 100 1 10 12 1 10 100 1 10 12 1 10 7 1 10 12 1 1 100 1 10 12 1 10 10 12 1 100 1 10 12 1 10 10 12 1 100 1 10 12 1 10 100 1 10 12 1 10 100 1 10 12 1 10 100 1 10 12 1 10 100 1 10 12 1 10 100 1 10 12 1 10 100 1 10 12 1 10 100 1 10 12 1 10 100 1 10 10 100 1 10 10 100 1 10 10 100 1 10 12 1 10 100 1 10 12 1 10 100 1 10 12 1 10 100 1 10 12 1 10 100 1 10 12 1 10 100 1 10 10 100 1 10 10 100 1 10 10 100 1 10 12 1 10 100 1 10 12 1 10 100 1 10 12 1 10 100 1 10 12 1 10 100 1 10 12 1 10 10 12 1 10 7 12 1 1 1 10 12 1 7 1 7 1 10 12 1 9 12 1 1 9 12 1 1 10 12 1 1 8 10 12 1 1 8 8 8 8 7 10 12 1 1 10 12 1 100 1 8 1 10 7 1 7 1 7 1 1 1 5 0 1 1 3 1 3 1 1 1 1 3 1 3 1 3 1 1 1 1 1 3 1 3 1 3 1 1 1 1 1 1 1 1 1 1 1 1 1 1 1 1 1 1 1 1 1 1 1 1 1 100 1 1 1 1 1 1 1 1 1 1 1 1 1 1 1 1 1 1 1 1 1 1 1 1 1 1 1 1 1 1 1 1 1 1 1 1 1 1 1 1 1 1 1 1 1 1 1 1 1 1 1 1 1 1 1 1 1 1 1 1 1 1 1 1 1 1 1 1 1 1 1 1 1 1 1 1 1 1 1 1 1 1 1 1 100 1 1 1 1 1 1 1 1 1 1 1 7 1 1 1 1 1 1 1 1 1 1 1 1 1 1 1 1 1 1 1 1 1 1 1 1 1 1 1 1 1 1 1 1 1 1 1 1 1 1 1 1 1 1 1 1 1 1 1 1 1 1 1 1 1 1 1 1 1 1 1 1 1 1 1 1 1 1 1 1 1 1 1 1 1 1 1 1 1 1 1 1 1 1 1 1 1 1 1 1 1 1 1 1 1 1 1 1 1 1 1 1 1 1 1 1 1 1 1 1 1 1 1 1 1 1 1 1 1 1 1 1 1 1 1 1 1 1 1 1 1 1 1 1 1 1 1 1 1 1 1 1 1 1 1 1 1 1 1 1 1 1 1 1 1 1 1 1 1 1 1 1 1 1 1 1 1 1 1 1 1 1 1 1 1 1 1 1 1 1 1 1 1 1 1 1 1 1 1 1 1 1 1 1 1 1 1 1 1 1 1 1 1 1 1 1 1 1 1 1 1 1 1 1 1 1 1 1 1 1 1 1 1 1 1 100 1 100 1 100 1 100 1 100 1 100 1 100 1 100 1 100 1 1 1 1 1 1 1 1 1 1 1 1 1 1 1 1 1 1 1 1 1 1 1 1 1 1 1 1 1 1 1 1 1 1 1 1 1 1 1 1 1 1 1 1 1 1 1 1 1 1 1 1 1 1 1 1 1 1
staticfield java/util/concurrent/ConcurrentHashMap NCPU I 8
staticfield java/util/concurrent/ConcurrentHashMap serialPersistentFields [Ljava/io/ObjectStreamField; 3 [Ljava/io/ObjectStreamField;
staticfield java/util/concurrent/ConcurrentHashMap U Ljdk/internal/misc/Unsafe; jdk/internal/misc/Unsafe
staticfield java/util/concurrent/ConcurrentHashMap SIZECTL J 20
staticfield java/util/concurrent/ConcurrentHashMap TRANSFERINDEX J 32
staticfield java/util/concurrent/ConcurrentHashMap BASECOUNT J 24
staticfield java/util/concurrent/ConcurrentHashMap CELLSBUSY J 36
staticfield java/util/concurrent/ConcurrentHashMap CELLVALUE J 144
staticfield java/util/concurrent/ConcurrentHashMap ABASE I 16
staticfield java/util/concurrent/ConcurrentHashMap ASHIFT I 2
instanceKlass com/google/common/collect/Maps$IteratorBasedAbstractMap
instanceKlass org/eclipse/jetty/http/pathmap/PathMappings
instanceKlass scala/collection/convert/JavaCollectionWrappers$MapWrapper
instanceKlass java/util/Collections$SingletonMap
instanceKlass java/util/EnumMap
instanceKlass java/util/concurrent/ConcurrentSkipListMap
instanceKlass java/util/TreeMap
instanceKlass java/util/IdentityHashMap
instanceKlass java/util/WeakHashMap
instanceKlass java/util/Collections$EmptyMap
instanceKlass sun/util/PreHashedMap
instanceKlass java/util/HashMap
instanceKlass java/util/ImmutableCollections$AbstractImmutableMap
instanceKlass java/util/concurrent/ConcurrentHashMap
ciInstanceKlass java/util/AbstractMap 1 1 196 10 7 12 1 1 1 10 7 12 1 1 1 11 7 12 1 1 1 10 11 12 1 1 11 7 12 1 1 1 11 12 1 1 7 1 11 12 1 10 12 1 1 11 12 1 100 1 10 11 12 1 11 7 1 10 12 1 1 11 12 1 9 12 1 1 7 1 10 12 1 9 12 1 1 7 1 10 11 11 12 1 1 11 12 1 7 1 100 1 11 12 1 8 1 7 1 10 10 12 1 1 8 1 10 12 1 10 12 1 1 10 12 1 1 1 1 1 1 1 1 1 1 1 1 1 1 1 1 1 1 1 1 1 1 1 1 1 1 1 1 1 1 1 1 1 1 1 1 1 1 1 1 7 1 1 1 1 1 1 1 7 1 1 1 1 1 1 1 1 1 100 1 1 1 1 1 1 1 1 1 100 1 100 1 100 1 100 1 100 1 1 1 1 1 1
ciInstanceKlass java/util/concurrent/ConcurrentMap 1 1 208 11 7 12 1 1 1 10 100 12 1 1 11 12 1 1 11 100 12 1 1 1 11 7 12 1 1 1 11 12 1 1 100 1 11 12 1 11 12 1 100 1 11 100 12 1 1 1 18 12 1 11 12 1 1 11 100 12 1 1 11 12 1 1 11 100 12 1 11 12 1 1 11 12 1 1 7 1 7 1 1 1 1 1 1 1 1 1 1 1 1 1 1 1 1 1 1 1 1 1 1 1 1 1 1 1 1 1 1 1 1 1 1 1 1 1 1 1 1 1 1 1 1 1 1 1 1 1 1 1 1 1 1 1 1 1 1 1 1 16 15 11 12 15 10 100 12 1 1 1 1 1 100 1 100 1 1 1 100 1 8 1 1 12 10 1 1 1 8 1 1 1 8 1 1 8 1 1 1 8 1 1 1 8 1 1 1 8 1 1 1 8 1 1 1 8 1 1 1 8 1 1 1 8 1 1 8 1
ciInstanceKlass jdk/internal/loader/ClassLoaders 1 1 183 10 7 12 1 1 1 10 7 12 1 1 1 10 12 1 1 10 100 12 1 1 1 9 7 12 1 1 1 9 12 1 1 9 12 1 1 7 1 11 100 12 1 1 1 100 1 11 12 1 1 11 12 1 1 10 100 12 1 1 1 10 100 12 1 1 1 100 1 100 1 10 7 12 1 1 1 9 12 1 1 10 12 1 1 7 1 10 12 1 1 10 12 1 7 1 8 1 10 7 12 1 1 1 10 12 1 1 7 1 10 12 1 10 12 1 10 12 1 8 1 10 7 12 1 1 8 1 8 1 10 12 1 7 1 10 12 1 10 12 1 10 12 1 1 1 1 1 1 1 1 1 1 1 1 1 1 1 1 1 1 1 1 7 1 1 1 1 1 1 1 1 1 1 1 1 1 1 1 1 1 1 1
staticfield jdk/internal/loader/ClassLoaders JLA Ljdk/internal/access/JavaLangAccess; java/lang/System$2
staticfield jdk/internal/loader/ClassLoaders BOOT_LOADER Ljdk/internal/loader/ClassLoaders$BootClassLoader; jdk/internal/loader/ClassLoaders$BootClassLoader
staticfield jdk/internal/loader/ClassLoaders PLATFORM_LOADER Ljdk/internal/loader/ClassLoaders$PlatformClassLoader; jdk/internal/loader/ClassLoaders$PlatformClassLoader
staticfield jdk/internal/loader/ClassLoaders APP_LOADER Ljdk/internal/loader/ClassLoaders$AppClassLoader; jdk/internal/loader/ClassLoaders$AppClassLoader
instanceKlass jdk/internal/loader/ClassLoaders$BootClassLoader
instanceKlass jdk/internal/loader/ClassLoaders$PlatformClassLoader
instanceKlass jdk/internal/loader/ClassLoaders$AppClassLoader
ciInstanceKlass jdk/internal/loader/BuiltinClassLoader 1 1 737 9 7 12 1 1 1 10 7 12 1 1 1 10 7 12 1 1 1 9 12 1 1 9 12 1 1 7 1 10 12 1 9 12 1 10 12 1 9 12 1 10 7 12 1 1 1 10 7 12 1 1 1 10 7 12 1 1 1 11 7 12 1 1 1 7 1 7 1 10 10 12 1 1 8 1 10 12 1 10 12 7 1 10 12 1 10 12 1 1 11 7 12 1 1 1 11 7 12 1 1 1 11 12 1 1 7 1 8 1 8 1 10 9 12 1 1 10 7 12 1 1 11 12 1 1 10 12 1 1 10 12 1 1 10 12 1 1 10 7 12 1 1 1 10 12 1 10 7 12 1 1 1 10 12 1 1 11 7 12 1 1 1 10 7 12 1 1 7 1 10 7 12 1 1 1 10 12 1 100 1 8 1 10 12 1 1 10 8 1 10 12 1 1 10 12 1 1 10 12 1 1 11 7 12 1 1 11 12 1 7 1 10 11 12 1 1 11 10 12 1 1 7 1 10 12 1 10 7 12 1 10 12 1 7 1 10 12 1 10 7 12 1 1 1 100 1 10 12 1 1 11 12 1 100 1 100 1 10 12 1 10 12 1 1 100 1 100 1 10 12 1 10 12 1 18 12 1 1 10 12 1 10 12 1 1 18 100 1 10 7 12 1 1 1 7 1 10 10 12 1 1 10 12 1 1 10 12 1 1 10 12 1 9 12 1 1 100 1 10 10 12 1 1 10 12 1 1 10 12 1 10 12 10 12 1 1 10 12 1 1 10 12 1 1 10 12 1 10 12 1 1 18 12 1 7 1 10 12 1 1 10 12 1 10 12 1 1 10 12 1 100 1 10 12 1 7 1 10 12 1 10 7 12 1 1 1 10 12 1 11 12 1 7 1 10 12 1 7 1 100 1 10 12 1 10 12 1 11 12 1 1 10 12 1 1 10 12 1 1 10 12 1 1 10 12 1 1 10 12 1 10 12 1 10 12 1 10 12 1 8 1 10 12 1 1 10 7 12 1 1 10 12 1 100 1 8 1 8 1 10 10 12 1 8 1 8 1 10 7 12 1 1 1 11 7 12 1 1 1 9 7 12 1 1 1 10 7 12 1 1 1 9 12 1 9 12 1 9 12 1 9 12 1 9 12 1 9 12 1 10 7 12 1 1 1 8 1 10 12 1 7 1 10 12 1 1 10 12 1 7 1 10 11 12 1 1 10 12 10 12 1 10 12 1 100 1 10 12 1 10 12 1 10 10 12 1 10 7 12 1 1 8 1 10 7 12 1 1 10 12 1 1 1 1 1 1 1 1 1 1 1 1 1 1 1 1 1 1 1 1 1 1 1 1 1 1 1 1 1 1 1 1 1 1 1 1 1 1 1 1 1 1 1 1 1 1 1 1 1 1 1 1 1 1 1 1 7 1 1 1 1 1 1 1 1 1 1 1 1 1 1 1 1 1 1 7 1 7 1 1 1 1 1 1 1 1 1 1 1 1 1 1 1 1 1 1 1 1 1 1 1 1 1 1 1 1 1 1 1 1 1 1 1 1 1 1 1 1 1 1 1 1 1 1 1 1 1 1 1 100 1 1 16 15 10 12 16 15 10 12 16 15 10 12 16 1 15 10 100 12 1 1 1 1 1 100 1 1 1 1 1 100 1 100 1 1
staticfield jdk/internal/loader/BuiltinClassLoader packageToModule Ljava/util/Map; java/util/concurrent/ConcurrentHashMap
staticfield jdk/internal/loader/BuiltinClassLoader $assertionsDisabled Z 1
ciInstanceKlass jdk/internal/loader/ClassLoaders$AppClassLoader 1 1 119 8 1 10 7 12 1 1 1 10 7 12 1 1 1 10 7 12 1 1 1 10 12 1 1 10 7 12 1 1 1 10 12 1 1 10 12 1 1 7 1 8 1 10 12 10 7 12 1 1 1 10 7 12 1 1 10 12 1 1 10 12 1 1 10 7 12 1 1 1 7 1 10 12 1 1 1 1 1 1 1 1 1 1 1 1 1 1 1 1 1 1 1 1 1 7 1 1 1 1 1 1 1 1 1 1 1 1 1 1 1 1 1 1 1 7 1 1 1
ciInstanceKlass jdk/internal/loader/ClassLoaders$PlatformClassLoader 1 1 42 8 1 10 7 12 1 1 1 10 7 12 1 1 1 7 1 10 12 1 7 1 1 1 1 1 1 1 1 1 1 1 1 1 1 7 1 1 1 100 1 1
ciInstanceKlass java/lang/ArithmeticException 1 1 26 10 100 12 1 1 1 10 12 1 100 1 1 1 1 5 0 1 1 1 1 1 1 1 1 1
ciInstanceKlass java/lang/ArrayStoreException 1 1 26 10 100 12 1 1 1 10 12 1 100 1 1 1 1 5 0 1 1 1 1 1 1 1 1 1
ciInstanceKlass java/lang/ClassCastException 1 1 26 10 100 12 1 1 1 10 12 1 100 1 1 1 1 5 0 1 1 1 1 1 1 1 1 1
ciInstanceKlass java/lang/ClassNotFoundException 1 1 96 7 1 10 7 12 1 1 1 10 12 1 10 12 1 1 10 100 12 1 1 1 8 1 10 100 12 1 1 1 10 7 12 1 1 10 100 12 1 1 1 10 100 12 1 1 1 10 12 1 1 7 1 10 12 1 9 12 1 1 1 1 1 5 0 1 1 1 1 1 1 1 1 1 1 1 1 1 1 1 1 1 1 100 1 1 1 1 1 1 1 1 1 1 1 1
staticfield java/lang/ClassNotFoundException serialPersistentFields [Ljava/io/ObjectStreamField; 1 [Ljava/io/ObjectStreamField;
instanceKlass com/mendix/basis/objectmanagement/member/EmptyBooleanException
instanceKlass com/mendix/basis/objectmanagement/member/InvalidEnumerationValueException
instanceKlass java/nio/channels/IllegalSelectorException
instanceKlass org/eclipse/jetty/http/ComplianceViolationException
instanceKlass java/security/InvalidParameterException
instanceKlass java/nio/file/InvalidPathException
instanceKlass java/nio/charset/UnsupportedCharsetException
instanceKlass java/lang/NumberFormatException
ciInstanceKlass java/lang/IllegalArgumentException 1 1 35 10 7 12 1 1 1 10 12 1 10 12 1 10 12 1 100 1 1 1 1 5 0 1 1 1 1 1 1 1 1 1 1 1 1
ciInstanceKlass java/lang/IllegalMonitorStateException 1 1 26 10 100 12 1 1 1 10 12 1 100 1 1 1 1 5 0 1 1 1 1 1 1 1 1 1
ciInstanceKlass java/lang/BootstrapMethodError 0 0 45 10 100 12 1 1 1 10 12 1 10 12 1 10 100 12 1 1 1 10 100 12 1 1 1 1 1 1 5 0 1 1 1 1 1 1 1 1 1 1 1 100 1 1 1
instanceKlass java/lang/ExceptionInInitializerError
instanceKlass java/lang/IncompatibleClassChangeError
instanceKlass java/lang/BootstrapMethodError
instanceKlass java/lang/NoClassDefFoundError
ciInstanceKlass java/lang/LinkageError 1 1 31 10 7 12 1 1 1 10 12 1 10 12 1 100 1 1 1 1 5 0 1 1 1 1 1 1 1 1 1 1 1
ciInstanceKlass java/lang/NullPointerException 1 1 52 10 100 12 1 1 1 10 12 1 9 100 12 1 1 1 10 12 1 1 9 12 1 1 10 12 1 1 10 12 1 1 1 1 5 0 1 1 1 1 1 1 1 1 100 1 100 1 100 1 1 1
ciInstanceKlass java/lang/NoClassDefFoundError 0 0 26 10 100 12 1 1 1 10 12 1 100 1 1 1 1 5 0 1 1 1 1 1 1 1 1 1
ciInstanceKlass java/lang/StackOverflowError 1 1 26 10 100 12 1 1 1 10 12 1 100 1 1 1 1 5 0 1 1 1 1 1 1 1 1 1
ciInstanceKlass java/lang/StackTraceElement 1 1 235 10 7 12 1 1 1 10 7 12 1 1 9 12 1 1 9 12 1 1 9 12 1 9 12 1 8 1 10 100 12 1 1 1 7 1 9 12 1 8 1 9 12 1 9 12 1 9 12 1 1 10 12 1 1 10 12 1 8 1 10 7 12 1 1 1 7 1 10 12 1 10 12 1 1 10 12 1 10 12 1 1 10 12 1 10 12 1 10 10 12 1 8 1 10 12 1 10 12 1 1 10 12 1 1 10 12 1 10 12 1 10 12 1 9 12 1 1 10 7 12 1 1 1 10 12 1 1 7 1 10 12 1 1 10 7 12 1 1 10 7 12 1 1 1 10 7 12 1 1 10 7 12 1 1 10 10 12 1 1 10 12 1 1 10 12 1 1 10 12 1 7 1 1 1 1 1 1 1 3 1 3 1 1 5 0 1 1 1 1 1 1 1 1 1 1 1 1 1 1 1 1 1 1 1 1 1 1 1 1 1 1 1 1 1 7 1 7 1 1 1 1 1 1 1 100 1 1 1 1 1 1 1 1 1
instanceKlass java/util/concurrent/locks/AbstractQueuedSynchronizer
ciInstanceKlass java/util/concurrent/locks/AbstractOwnableSynchronizer 1 1 32 10 7 12 1 1 1 9 7 12 1 1 1 100 1 1 1 1 5 0 1 1 1 1 1 1 1 1 1 1 1 1
ciInstanceKlass jdk/internal/vm/Continuation 0 0 549 9 100 12 1 1 1 9 12 1 9 12 1 100 1 7 1 10 12 1 1 8 1 10 12 1 1 10 12 1 10 12 1 1 10 12 1 9 7 12 1 1 1 11 100 12 1 1 1 10 7 1 9 12 1 1 9 12 1 1 10 8 1 10 12 1 9 12 1 1 10 11 12 1 1 100 1 10 100 12 1 1 1 10 12 1 1 10 12 1 10 12 1 1 11 12 1 1 9 12 1 1 10 12 1 1 18 12 1 1 10 7 12 1 1 1 100 1 10 12 1 11 100 12 1 1 1 10 12 1 9 12 1 10 12 1 1 100 1 8 1 10 12 1 10 12 1 1 9 12 1 1 11 12 1 1 9 12 1 1 8 1 10 11 12 1 1 11 12 1 1 10 12 1 1 10 12 1 1 9 12 1 10 12 1 10 10 12 1 8 1 10 12 1 8 1 8 1 10 7 12 1 1 1 10 7 12 1 1 1 10 12 1 9 12 1 11 12 1 7 1 10 12 1 10 12 1 1 9 12 1 1 7 1 10 12 1 1 9 12 1 1 10 12 1 10 12 1 11 7 12 1 1 10 7 1 10 12 1 8 1 9 12 1 10 12 1 1 9 12 1 1 10 7 12 1 1 8 1 8 1 8 1 8 1 10 12 1 1 10 12 1 10 12 1 10 12 1 10 12 1 1 10 12 1 1 8 1 10 12 1 1 9 12 1 1 10 12 1 1 9 12 1 8 1 10 7 12 1 1 1 10 12 1 8 1 100 1 8 1 10 9 12 1 1 8 1 10 7 12 1 1 10 100 12 1 1 8 1 8 1 10 12 10 100 12 1 1 1 10 7 1 10 7 12 1 1 1 18 11 100 12 1 1 1 18 12 1 11 12 1 1 7 1 10 7 12 1 1 10 12 1 1 8 10 12 1 1 10 100 12 1 1 1 10 100 12 1 1 10 12 1 8 1 10 12 1 7 1 7 1 10 12 1 1 1 1 1 1 1 1 1 1 1 1 1 1 1 1 1 1 1 1 1 1 1 1 1 1 1 1 1 1 1 1 1 1 1 1 1 1 1 1 1 1 1 1 1 1 1 1 1 1 1 1 1 1 1 1 1 1 1 1 1 1 1 1 1 1 1 1 1 1 1 1 1 1 1 100 1 1 16 1 15 10 12 16 15 11 7 12 1 1 1 16 1 16 1 15 10 12 16 15 10 100 12 1 1 1 1 1 1 1 1 100 1 100 1 1
ciInstanceKlass jdk/internal/misc/UnsafeConstants 1 1 34 10 100 12 1 1 1 9 7 12 1 1 1 9 12 1 9 12 1 1 9 12 1 9 12 1 1 1 1 1 1 1 1 1
staticfield jdk/internal/misc/UnsafeConstants ADDRESS_SIZE0 I 8
staticfield jdk/internal/misc/UnsafeConstants PAGE_SIZE I 4096
staticfield jdk/internal/misc/UnsafeConstants BIG_ENDIAN Z 0
staticfield jdk/internal/misc/UnsafeConstants UNALIGNED_ACCESS Z 1
staticfield jdk/internal/misc/UnsafeConstants DATA_CACHE_LINE_FLUSH_SIZE I 0
instanceKlass org/antlr/v4/runtime/atn/Transition$1
instanceKlass io/micrometer/core/instrument/binder/jvm/JvmGcMetrics$GcGenerationAge$1
instanceKlass java/lang/ProcessEnvironment
instanceKlass java/util/LinkedHashMap
ciInstanceKlass java/util/HashMap 1 1 629 10 7 12 1 1 1 7 1 10 12 1 1 7 1 10 7 12 1 1 1 100 1 11 12 1 1 11 12 1 11 12 1 1 10 7 12 1 1 1 7 1 3 10 7 12 1 1 1 100 1 7 1 10 8 1 10 12 1 1 10 12 1 10 12 1 1 10 12 1 10 7 12 1 1 1 8 1 10 12 1 9 12 1 1 10 12 1 9 12 1 1 4 10 12 1 10 12 1 1 11 7 12 1 1 9 12 1 1 10 7 12 1 1 1 6 0 10 12 1 1 11 12 1 1 11 7 12 1 1 1 11 7 12 1 1 1 11 12 1 1 7 1 11 12 1 11 12 1 10 12 1 10 12 1 1 9 12 10 12 1 1 9 7 12 1 1 1 9 12 9 12 1 10 12 1 1 9 12 1 7 1 10 12 1 1 10 12 1 1 10 12 1 1 10 12 1 1 10 12 1 1 9 12 1 10 12 1 1 3 4 10 12 1 1 10 12 1 1 9 12 1 1 9 10 12 1 1 10 12 1 1 10 12 1 1 10 12 1 9 12 1 1 7 1 10 12 1 10 12 1 10 7 12 1 1 1 7 1 9 12 1 1 7 1 10 9 12 7 1 10 100 1 10 11 7 12 1 1 1 100 1 10 11 100 12 1 1 11 100 12 1 1 1 10 12 1 100 1 7 1 10 12 1 10 12 1 10 12 1 10 100 12 1 1 10 12 1 1 10 12 1 1 10 100 12 1 1 1 8 10 100 12 1 1 1 100 1 10 4 4 10 12 1 1 10 100 12 1 1 1 10 12 1 8 1 6 0 10 100 12 1 1 1 100 1 11 100 12 1 1 1 10 12 1 10 12 1 10 10 12 1 1 6 0 8 1 10 12 1 10 12 7 1 7 1 1 1 1 5 0 1 3 1 1 1 3 1 3 1 3 1 1 1 1 1 1 1 1 1 1 1 1 1 1 1 1 1 1 1 1 1 1 100 1 1 1 1 1 1 1 1 1 1 1 1 1 1 1 1 1 1 1 1 1 1 1 1 1 1 1 1 1 1 1 1 1 100 1 1 1 1 1 1 1 1 1 1 1 1 1 1 1 1 1 1 1 1 1 1 1 1 1 1 1 1 1 1 1 1 1 1 1 1 1 1 1 1 1 1 1 1 1 1 1 1 1 1 1 7 1 1 1 1 1 1 1 1 1 1 1 1 1 1 1 1 1 1 1 1 1 1 1 1 1 1 1 1 1 1 1 1 1 1 1 1 1 1 1 1 1 1 1 1 1 1 1 1 100 1 1 1 1 1 1 1 1 7 1 1 1 1 1 1 1 1 1 1 1 1 1 1 1 1 1 1 100 1 100 1 100 1 100 1 100 1 100 1 100 1 100 1 1 1 1 1 1 1 1 1 1 1 1 1 1 1 1 1 1
ciInstanceKlass java/lang/invoke/LambdaForm 1 1 1059 7 1 100 1 10 7 12 1 1 1 9 12 1 1 9 12 1 9 12 1 9 12 1 1 9 12 1 1 9 12 1 1 9 12 1 1 9 12 1 1 9 12 1 10 7 12 1 1 9 12 1 10 12 1 1 100 1 10 10 12 1 1 10 12 1 10 12 1 10 12 1 1 10 12 1 9 12 1 9 12 1 10 12 1 1 10 7 12 1 1 1 10 12 1 1 9 100 12 1 1 1 10 12 1 1 9 7 12 1 1 10 12 1 10 12 1 1 10 12 1 1 10 12 1 1 7 1 10 7 12 1 1 1 10 12 1 1 10 12 1 10 12 1 1 9 12 1 1 9 12 1 9 12 1 1 10 12 1 9 12 1 10 100 12 1 1 1 10 12 1 1 7 1 10 12 1 9 12 1 1 10 7 12 1 1 1 10 12 1 10 12 1 7 1 10 12 1 10 12 1 10 12 1 1 10 12 1 1 10 12 1 10 12 1 10 12 1 10 12 1 1 8 1 10 12 1 10 12 1 10 10 12 1 8 1 8 1 9 12 1 9 12 1 1 10 12 1 1 10 12 1 9 12 1 10 12 1 1 10 7 12 1 1 1 10 12 1 1 10 12 1 10 12 1 10 100 12 1 1 1 9 12 1 10 12 1 8 1 8 1 8 1 8 1 8 1 8 1 8 1 8 1 10 12 1 9 12 1 7 1 10 12 1 1 9 12 1 10 12 1 10 12 1 1 10 12 10 12 1 10 12 1 1 10 12 1 1 10 10 12 1 1 10 12 1 1 7 1 8 1 10 12 1 1 10 12 1 10 12 1 1 10 8 1 10 12 1 1 8 1 8 1 8 1 10 12 1 10 12 1 10 12 1 1 100 1 10 12 1 1 10 12 1 1 10 7 12 1 1 1 10 12 1 1 9 12 1 1 8 1 10 100 12 1 1 1 10 7 12 1 1 10 12 10 12 1 1 10 12 1 1 9 12 1 8 10 12 1 1 100 1 10 12 1 1 10 12 1 9 7 12 1 1 9 7 12 1 1 1 8 1 10 100 12 1 1 10 12 1 1 7 1 7 1 10 10 12 1 1 10 12 1 1 8 1 8 1 7 1 8 1 10 12 10 12 1 10 12 1 10 12 1 1 8 1 8 1 10 12 1 10 12 1 1 8 1 8 1 8 1 7 1 8 1 7 1 8 1 7 1 8 1 10 12 1 8 1 9 10 7 12 1 1 1 10 12 1 9 12 1 1 10 12 1 10 10 12 1 10 12 1 10 12 1 10 12 1 1 10 12 1 10 12 1 1 10 12 1 1 10 12 1 1 10 12 1 1 8 1 100 10 12 1 10 12 1 9 12 1 1 10 7 12 1 1 8 1 8 1 7 1 8 1 8 1 8 1 8 1 8 1 8 1 8 1 8 1 10 12 1 1 10 12 1 1 10 12 1 10 12 1 10 12 1 10 12 1 8 1 8 1 8 1 10 12 1 8 1 10 12 1 8 1 8 1 8 1 8 1 8 1 10 12 1 10 12 1 10 12 1 1 10 7 12 1 1 1 10 12 1 10 12 1 10 12 1 10 12 1 10 12 1 10 12 1 10 12 1 9 12 1 1 8 1 10 12 1 1 9 12 1 1 10 12 1 1 9 12 1 9 12 1 1 9 12 1 9 12 1 1 7 1 10 7 12 1 1 1 9 12 1 10 12 1 10 12 1 8 1 10 12 1 9 12 1 1 7 1 10 7 12 1 1 1 8 1 100 1 10 12 1 9 12 1 9 12 1 10 12 1 10 12 1 10 7 12 1 1 1 10 12 1 9 7 12 1 1 10 12 1 1 10 12 1 10 12 1 10 12 1 9 12 10 12 1 10 10 12 1 9 12 1 9 9 12 1 7 9 12 1 1 10 12 1 1 9 12 1 10 12 1 10 7 1 9 1 1 1 1 3 1 3 1 1 3 1 3 1 1 1 1 1 1 1 1 1 1 1 1 1 1 1 1 1 1 1 1 1 1 1 1 1 1 1 1 1 1 1 1 1 1 1 1 1 1 1 1 1 1 1 1 1 1 1 1 1 1 1 100 1 1 1 1 1 1 1 1 1 1 1 1 1 1 1 1 1 1 1 1 1 1 1 1 1 1 1 1 1 1 1 1 1 1 1 1 1 1 1 1 1 1 1 1 1 1 1 1 1 1 1 1 1 1 1 1 1 1 1 1 1 1 100 1 1 1 1 1 1 1 1 1 1 1 1 1 1 1 1 1 1 1 1 1 1 1 1 1 1 1 1 1 1 1 1 1 1 7 1 1 1 1 1 1 1 1 1 1 1 1 1 1 1 1 1 1 1 1 1 1 100 1 1 1 100 1 1 7 1 1 1 1 1 1 1 1 1 1 1
staticfield java/lang/invoke/LambdaForm DEFAULT_CUSTOMIZED Ljava/lang/invoke/MethodHandle; null
staticfield java/lang/invoke/LambdaForm DEFAULT_KIND Ljava/lang/invoke/LambdaForm$Kind; java/lang/invoke/LambdaForm$Kind
staticfield java/lang/invoke/LambdaForm COMPILE_THRESHOLD I 0
staticfield java/lang/invoke/LambdaForm INTERNED_ARGUMENTS [[Ljava/lang/invoke/LambdaForm$Name; 5 [[Ljava/lang/invoke/LambdaForm$Name;
staticfield java/lang/invoke/LambdaForm IMPL_NAMES Ljava/lang/invoke/MemberName$Factory; java/lang/invoke/MemberName$Factory
staticfield java/lang/invoke/LambdaForm LF_identity [Ljava/lang/invoke/LambdaForm; 6 [Ljava/lang/invoke/LambdaForm;
staticfield java/lang/invoke/LambdaForm LF_zero [Ljava/lang/invoke/LambdaForm; 6 [Ljava/lang/invoke/LambdaForm;
staticfield java/lang/invoke/LambdaForm NF_identity [Ljava/lang/invoke/LambdaForm$NamedFunction; 6 [Ljava/lang/invoke/LambdaForm$NamedFunction;
staticfield java/lang/invoke/LambdaForm NF_zero [Ljava/lang/invoke/LambdaForm$NamedFunction; 6 [Ljava/lang/invoke/LambdaForm$NamedFunction;
staticfield java/lang/invoke/LambdaForm createFormsLock Ljava/lang/Object; java/lang/Object
staticfield java/lang/invoke/LambdaForm DEBUG_NAME_COUNTERS Ljava/util/HashMap; null
staticfield java/lang/invoke/LambdaForm DEBUG_NAMES Ljava/util/HashMap; null
staticfield java/lang/invoke/LambdaForm TRACE_INTERPRETER Z 0
staticfield java/lang/invoke/LambdaForm $assertionsDisabled Z 1
ciInstanceKlass java/lang/invoke/MemberName 1 1 724 7 1 7 1 100 1 9 12 1 1 10 7 12 1 1 1 9 12 1 1 10 12 1 1 10 12 1 1 10 12 1 1 10 12 1 10 12 1 1 10 7 12 1 1 1 10 12 1 9 7 12 1 1 10 12 1 7 1 7 1 10 12 1 8 1 10 12 1 1 10 12 1 10 12 1 1 10 12 1 9 12 1 1 8 1 10 100 12 1 1 1 7 1 10 10 12 1 1 100 1 100 1 10 12 1 9 12 1 1 100 1 8 1 10 12 1 10 12 1 10 12 1 10 12 1 10 12 1 1 10 12 1 10 12 1 10 12 1 1 8 1 8 1 10 12 1 8 1 9 12 1 1 3 10 12 1 10 12 1 10 12 1 10 10 7 12 1 1 1 10 12 1 10 12 1 10 12 1 10 12 1 7 1 8 10 12 1 1 10 12 1 1 8 1 9 7 1 8 9 7 1 10 12 1 1 10 12 1 10 12 1 8 1 10 12 1 1 10 12 1 10 12 1 10 12 1 10 12 1 1 7 1 10 12 1 1 10 12 1 8 1 10 12 1 10 12 1 8 1 10 12 1 1 10 12 1 1 7 1 10 12 1 1 10 12 8 1 8 1 7 1 10 12 1 10 100 12 1 1 1 100 1 10 12 10 12 1 10 12 1 10 12 1 10 12 1 10 10 12 1 10 12 1 10 12 1 3 10 12 1 3 10 12 1 3 3 3 3 3 3 10 12 1 3 9 12 1 10 12 1 1 3 10 12 1 10 10 7 12 1 1 1 10 12 1 1 10 7 12 1 1 10 10 12 1 10 12 1 1 10 12 1 10 10 12 1 1 10 12 1 10 12 1 10 12 1 7 1 10 10 10 12 100 1 10 10 10 12 1 1 10 12 1 1 10 10 12 1 8 10 7 1 10 12 1 10 7 1 10 12 1 10 12 1 10 12 1 10 10 12 1 10 12 1 1 10 12 1 1 10 12 1 10 12 1 10 12 1 100 1 10 12 1 1 100 1 8 1 10 7 1 10 12 1 10 12 10 12 1 1 10 12 1 10 12 1 8 1 8 1 8 1 8 1 10 12 1 10 12 1 10 7 12 1 1 1 8 1 8 1 10 12 1 8 1 10 10 10 12 1 10 12 1 8 1 8 1 10 10 12 1 8 1 10 100 12 1 1 1 8 1 100 1 10 12 1 10 12 1 1 10 12 1 8 1 8 1 8 1 8 1 100 1 10 8 1 8 1 8 1 8 1 10 12 1 100 1 100 1 100 1 10 100 1 10 7 1 10 7 12 1 1 1 9 7 12 1 1 1 7 1 7 1 1 1 1 1 1 1 3 1 3 1 3 1 3 1 3 1 3 1 1 1 1 1 1 1 1 3 1 3 1 1 1 1 1 1 1 1 1 1 1 1 1 1 1 1 1 1 1 1 1 1 1 1 1 1 1 1 1 1 1 1 1 1 1 1 1 1 1 1 1 1 1 1 1 1 1 1 1 1 1 1 1 1 1 1 1 1 1 1 1 1 1 1 1 1 1 1 1 1 1 1 1 1 1 1 1 1 1 1 1 1 1 1 1 1 1 1 1 1 1 1 1 1 1 1 7 1 1 1 1 1 1 1 1 1 1 1 1 1 1 1
staticfield java/lang/invoke/MemberName $assertionsDisabled Z 1
instanceKlass java/lang/invoke/VarHandleByteArrayAsDoubles$ByteArrayViewVarHandle
instanceKlass java/lang/invoke/VarHandleByteArrayAsFloats$ByteArrayViewVarHandle
instanceKlass java/lang/invoke/VarHandleByteArrayAsChars$ByteArrayViewVarHandle
instanceKlass java/lang/invoke/VarHandleByteArrayAsShorts$ByteArrayViewVarHandle
instanceKlass java/lang/invoke/VarHandleReferences$Array
instanceKlass java/lang/invoke/VarHandleLongs$FieldInstanceReadOnly
instanceKlass java/lang/invoke/VarHandleReferences$FieldStaticReadOnly
instanceKlass java/lang/invoke/VarHandleBooleans$FieldInstanceReadOnly
instanceKlass java/lang/invoke/VarHandleInts$FieldInstanceReadOnly
instanceKlass java/lang/invoke/VarHandleReferences$FieldInstanceReadOnly
instanceKlass java/lang/invoke/VarHandleByteArrayAsLongs$ByteArrayViewVarHandle
instanceKlass java/lang/invoke/VarHandleByteArrayAsInts$ByteArrayViewVarHandle
ciInstanceKlass java/lang/invoke/VarHandle 1 1 473 10 7 12 1 1 1 10 7 12 1 1 9 12 1 1 9 12 1 1 100 1 10 8 1 10 12 1 1 10 7 12 1 1 1 10 12 1 1 10 7 12 1 1 1 9 100 12 1 1 1 10 12 1 1 10 7 12 1 1 1 10 12 1 1 9 12 1 10 12 1 9 12 1 1 10 7 12 1 1 10 12 1 9 7 12 1 1 1 9 12 1 1 10 12 1 1 100 1 7 1 10 8 1 10 12 1 1 10 12 1 8 1 10 12 1 10 12 1 9 12 1 1 9 12 1 10 12 1 10 12 1 1 10 12 1 10 10 100 12 1 1 1 10 12 1 1 10 12 1 1 10 7 12 1 1 1 10 100 12 1 1 1 10 100 12 1 1 1 9 12 1 1 9 10 12 1 10 12 1 10 12 1 1 10 12 1 10 7 12 1 1 1 9 12 1 1 10 12 1 1 9 12 1 10 12 1 10 12 1 10 7 12 1 1 100 1 10 9 7 12 1 1 1 9 12 1 1 10 7 12 1 1 1 10 12 1 10 12 1 10 12 1 10 12 1 10 12 1 10 12 1 1 8 10 12 1 1 7 1 10 12 1 1 7 1 1 1 1 1 1 1 1 1 1 1 1 1 1 1 1 1 1 1 1 1 1 1 1 1 1 1 1 1 1 1 1 1 1 1 1 1 1 1 1 1 1 1 1 1 1 1 1 1 1 1 1 1 1 1 1 1 1 1 1 1 1 1 1 1 1 1 1 100 1 1 1 1 1 1 1 1 100 1 1 1 1 1 1 1 1 1 1 1 1 100 1 100 1 1 100 1 100 1 100 1 100 1 100 1 100 1 100 1 100 1 100 1 100 1 100 1 100 1 100 1 100 1 100 1 100 1 100 1 100 1 100 1 100 1 100 1 100 1 100 1 100 1 100 1 100 1 100 1 100 1 100 1 100 1 100 1 100 1 100 1 100 1 100 1 1 1 1 1 1 100 1 1 1 100 1 1 100 1 100 1 100 1 100 1 100 1 100 1 1 1 1 100 1 100 1 100 1 100 1 100 1 100 1 100 1 100 1
staticfield java/lang/invoke/VarHandle VFORM_OFFSET J 16
staticfield java/lang/invoke/VarHandle $assertionsDisabled Z 1
instanceKlass jdk/internal/reflect/FieldAccessorImpl
instanceKlass jdk/internal/reflect/ConstructorAccessorImpl
instanceKlass jdk/internal/reflect/MethodAccessorImpl
ciInstanceKlass jdk/internal/reflect/MagicAccessorImpl 1 1 16 10 7 12 1 1 1 100 1 1 1 1 1 1 1 1
instanceKlass jdk/internal/reflect/DirectMethodHandleAccessor
ciInstanceKlass jdk/internal/reflect/MethodAccessorImpl 1 1 38 10 7 12 1 1 1 10 100 12 1 1 1 100 1 1 1 1 1 1 1 100 1 100 1 1 1 1 1 1 1 1 1 1 1 1 1 1
ciInstanceKlass jdk/internal/reflect/MethodAccessor 1 0 17 100 1 100 1 1 1 1 100 1 100 1 1 1 1 1 1
instanceKlass jdk/internal/reflect/DirectConstructorHandleAccessor$NativeAccessor
instanceKlass jdk/internal/reflect/DirectConstructorHandleAccessor
instanceKlass jdk/internal/reflect/NativeConstructorAccessorImpl
ciInstanceKlass jdk/internal/reflect/ConstructorAccessorImpl 1 1 27 10 7 12 1 1 1 100 1 100 1 1 1 1 1 1 1 1 1 100 1 100 1 100 1 1 1
ciInstanceKlass jdk/internal/reflect/ConstructorAccessor 1 0 16 100 1 100 1 1 1 1 100 1 100 1 100 1 1 1
ciInstanceKlass jdk/internal/reflect/DelegatingClassLoader 0 0 18 10 100 12 1 1 1 100 1 1 1 1 1 1 1 1 1 1
ciInstanceKlass jdk/internal/reflect/CallerSensitive 0 0 17 100 1 100 1 100 1 1 1 1 1 1 1 1 1 1 1
ciInstanceKlass jdk/internal/reflect/NativeConstructorAccessorImpl 0 0 125 10 7 12 1 1 1 9 7 12 1 1 1 100 1 10 12 1 9 12 1 1 9 12 1 1 10 100 12 1 1 1 10 7 12 1 1 1 10 7 12 1 1 1 9 12 1 9 12 1 1 9 12 1 1 10 7 12 1 1 1 100 1 10 10 12 1 1 10 12 1 10 12 1 1 10 12 1 7 1 10 12 1 1 10 12 1 1 8 10 12 1 1 1 1 1 1 1 1 1 1 1 1 1 1 1 1 1 1 1 1 1 1 100 1 100 1 100 1 1 1 1 1 1 1
ciInstanceKlass jdk/internal/reflect/ConstantPool 1 1 142 10 7 12 1 1 1 9 7 12 1 1 1 10 12 1 1 10 12 1 1 10 12 1 10 12 1 1 10 12 1 1 10 12 1 10 12 1 1 10 12 1 10 12 1 1 10 12 1 10 12 1 10 12 1 10 12 1 1 10 12 1 1 10 12 1 1 10 12 1 1 10 12 1 10 12 1 1 10 100 12 1 1 1 8 11 7 12 1 1 1 10 7 12 1 1 1 1 1 1 1 1 1 1 1 1 1 1 1 1 1 1 1 1 1 1 1 1 1 1 1 1 1 1 1 1 1 1 1 1 1 1 1 1 1 1 1 1 1 1 1 1
ciInstanceKlass jdk/internal/reflect/UnsafeStaticFieldAccessorImpl 0 0 47 10 7 12 1 1 1 9 7 12 1 1 1 10 7 12 1 1 1 9 12 1 1 8 11 100 12 1 1 1 10 100 12 1 1 1 1 1 1 1 1 1 1 1 1 1 1
ciInstanceKlass jdk/internal/reflect/FieldAccessor 1 0 48 100 1 100 1 1 1 1 100 1 1 1 1 1 1 1 1 1 1 1 1 1 1 1 1 1 1 1 100 1 1 1 1 1 1 1 1 1 1 1 1 1 1 1 1 1 1 1
instanceKlass jdk/internal/reflect/MethodHandleFieldAccessorImpl
instanceKlass jdk/internal/reflect/UnsafeFieldAccessorImpl
ciInstanceKlass jdk/internal/reflect/FieldAccessorImpl 1 1 269 10 7 12 1 1 1 9 7 12 1 1 1 10 7 12 1 1 1 10 7 12 1 1 10 7 12 1 1 1 10 12 1 1 7 1 10 10 12 1 1 10 12 1 1 8 1 10 10 12 1 100 1 8 1 10 12 1 8 1 10 12 1 8 1 10 12 1 100 1 10 12 1 1 10 8 1 10 12 1 1 8 1 10 7 12 1 1 8 1 10 7 12 1 1 8 1 10 7 12 1 1 8 1 10 7 12 1 1 8 1 10 7 12 1 1 8 1 10 7 12 1 1 8 1 10 7 12 1 1 8 1 10 7 12 1 1 10 12 1 1 8 1 10 12 1 1 10 100 12 1 1 1 8 1 10 12 1 8 1 8 1 8 1 8 1 10 7 12 1 1 1 8 1 8 1 8 1 10 12 7 1 1 1 1 1 1 1 1 1 1 1 1 1 1 1 1 1 1 1 1 1 1 1 1 1 1 1 1 1 1 1 1 1 1 1 1 1 1 1 1 1 1 1 1 1 1 1 1 1 1 1 1 1 1 1 1 1 1 1 1 1 1 1 1 1 1 1 1 1 1 1 1 1 1 1 1 1 1 1 1 1 1 1 1 1 1 1 1
instanceKlass jdk/internal/reflect/UnsafeStaticFieldAccessorImpl
ciInstanceKlass jdk/internal/reflect/UnsafeFieldAccessorImpl 0 0 62 10 100 12 1 1 1 10 100 12 1 1 1 10 100 12 1 1 1 9 100 12 1 1 10 12 1 9 12 1 1 10 100 12 1 1 1 9 12 1 1 10 12 1 10 12 1 1 1 1 1 1 1 1 1 1 1 1 1 1 1 1
instanceKlass java/lang/invoke/VolatileCallSite
instanceKlass java/lang/invoke/MutableCallSite
instanceKlass java/lang/invoke/ConstantCallSite
ciInstanceKlass java/lang/invoke/CallSite 1 1 307 10 7 12 1 1 1 10 7 12 1 1 1 9 7 12 1 1 1 10 12 1 1 9 12 1 1 10 7 12 1 1 1 10 12 1 7 1 10 12 1 1 10 12 1 1 9 100 12 1 1 1 10 7 12 1 1 10 12 1 1 100 1 7 1 10 10 7 12 1 1 1 10 12 1 1 8 1 10 12 1 10 12 1 1 10 12 1 10 12 1 1 10 12 1 1 10 10 100 12 1 1 10 12 1 1 9 12 1 9 100 12 1 1 1 8 1 10 7 12 1 1 1 10 12 1 1 7 1 10 12 1 1 9 12 1 8 1 100 1 10 12 1 10 12 1 100 1 8 1 10 10 12 1 10 12 1 1 100 1 10 12 1 1 10 12 1 10 12 1 10 12 1 1 10 12 1 1 9 12 1 1 8 10 12 1 1 9 12 1 1 100 1 10 10 12 1 10 7 12 1 1 1 10 12 1 1 10 12 1 1 10 12 1 10 7 12 1 1 1 7 1 8 1 10 10 12 10 12 1 1 7 1 7 1 7 1 8 1 10 12 1 10 7 12 1 1 1 1 1 1 1 1 1 1 1 1 1 1 1 1 1 1 1 1 1 1 1 1 1 1 1 1 1 1 1 1 1 1 1 1 1 1 1 1 1 1 1 1 1 1 1 1 1 1 1 1 1 1 1 7 1 7 1 1 1 1
staticfield java/lang/invoke/CallSite $assertionsDisabled Z 1
ciInstanceKlass java/lang/invoke/ConstantCallSite 1 1 65 10 7 12 1 1 1 9 7 12 1 1 1 9 12 1 1 10 7 12 1 1 1 10 12 1 100 1 10 12 9 12 1 1 100 1 10 10 12 1 1 10 12 1 1 1 1 1 1 1 1 1 1 1 1 1 100 1 1 1 1 1 1 1 1
staticfield java/lang/invoke/ConstantCallSite UNSAFE Ljdk/internal/misc/Unsafe; jdk/internal/misc/Unsafe
instanceKlass java/lang/invoke/DirectMethodHandle$StaticAccessor
instanceKlass java/lang/invoke/DirectMethodHandle$Special
instanceKlass java/lang/invoke/DirectMethodHandle$Interface
instanceKlass java/lang/invoke/DirectMethodHandle$Accessor
instanceKlass java/lang/invoke/DirectMethodHandle$Constructor
ciInstanceKlass java/lang/invoke/DirectMethodHandle 1 1 923 7 1 7 1 100 1 7 1 7 1 10 7 12 1 1 1 10 7 12 1 1 1 7 1 10 12 1 10 12 1 1 10 7 12 1 1 10 12 1 1 10 12 1 10 12 1 7 1 10 12 1 1 10 12 1 1 10 12 1 10 12 1 1 10 7 12 1 1 1 10 12 1 9 12 1 1 100 1 10 9 12 1 1 9 12 1 10 12 1 10 12 1 10 12 1 1 10 12 1 10 12 1 10 12 1 10 7 12 1 1 1 10 12 1 10 12 1 1 8 1 10 12 1 1 7 1 10 12 1 7 1 10 10 12 1 10 12 1 10 12 1 10 7 12 1 1 1 10 12 1 1 7 1 10 12 1 10 12 1 7 1 10 12 1 10 12 1 1 10 12 1 1 10 12 1 8 10 7 12 1 1 1 10 12 1 10 12 1 10 12 1 1 10 12 1 9 7 12 1 1 1 7 1 10 12 1 10 7 12 1 1 1 10 12 1 10 12 1 1 9 12 1 1 7 1 10 8 1 10 12 1 1 10 12 1 1 8 1 10 12 1 10 12 1 10 10 12 1 10 12 1 10 12 1 10 12 1 10 12 1 1 10 12 1 10 12 1 1 10 12 1 10 12 1 1 10 10 7 12 1 1 1 10 12 1 10 12 1 1 10 12 1 10 12 1 1 8 1 9 7 12 1 1 1 8 1 9 12 1 9 12 1 8 1 9 12 1 9 12 1 8 1 9 12 1 9 12 1 8 1 10 12 1 10 12 1 1 9 12 1 1 7 1 10 12 1 1 7 1 10 7 12 1 1 1 10 12 1 1 10 12 1 10 12 1 1 7 1 10 12 1 1 10 12 1 10 12 1 1 7 1 10 12 1 1 10 12 1 10 7 12 1 1 1 10 12 1 10 12 1 1 10 12 1 9 12 1 1 10 7 1 9 12 9 12 1 10 7 12 1 1 1 10 12 1 7 1 7 1 7 1 9 12 1 1 10 7 12 1 1 1 10 12 10 12 1 100 1 10 12 1 10 12 1 1 8 1 9 12 1 9 12 1 10 12 1 1 9 12 1 1 10 7 12 1 1 1 9 12 1 1 9 12 1 1 10 12 1 10 12 1 10 12 1 10 12 1 1 10 12 1 9 12 1 10 12 1 10 12 1 10 12 1 10 12 1 1 10 12 1 1 9 12 1 1 10 12 1 1 9 7 12 1 1 1 9 12 1 9 12 1 9 12 1 9 12 1 9 12 1 9 12 1 9 12 1 9 12 1 9 12 1 9 12 1 9 12 1 9 12 1 9 12 1 9 12 1 9 12 1 9 12 1 9 12 1 9 12 1 9 12 1 9 12 1 9 12 1 9 12 1 9 12 1 9 12 1 9 12 1 9 12 1 9 12 1 9 12 1 9 12 1 9 12 1 9 12 1 9 12 1 9 12 1 9 12 1 9 12 1 9 12 1 8 1 9 12 1 1 9 12 1 1 10 12 1 10 12 1 1 9 7 1 10 12 1 9 12 1 1 10 12 10 12 1 10 12 1 10 12 1 10 12 1 10 8 1 8 1 8 1 8 1 10 12 1 1 9 12 1 1 10 12 1 10 100 12 1 1 1 8 9 12 1 1 10 12 1 1 8 1 8 8 9 12 1 8 1 8 8 8 8 8 1 8 10 12 1 7 1 10 12 1 8 1 8 1 10 12 1 10 12 1 10 12 1 10 12 1 1 7 1 1 1 1 3 1 3 1 3 1 3 1 3 1 3 1 3 1 3 1 3 1 3 1 1 1 1 1 1 1 1 1 1 3 1 3 1 1 1 1 3 1 1 1 1 1 1 1 1 1 1 1 1 1 1 1 1 1 1 1 1 1 1 1 1 1 1 1 1 1 1 1 1 1 1 1 1 1 1 1 1 1 1 1 1 1 1 1 1 1 1 1 1 1 1 1 1 1 100 1 1 1 1 1 1 1 1 1 100 1 1 1 1 1 1 1 1 1 1 1 1 1 1 1 1 1 1 1 1 1 1 1 1 1 1 1 1 1 1 1 1 1 1 1 1 1 1 1 1 1 1 1 1 1 1 1 1 1 1 1 1
staticfield java/lang/invoke/DirectMethodHandle IMPL_NAMES Ljava/lang/invoke/MemberName$Factory; java/lang/invoke/MemberName$Factory
staticfield java/lang/invoke/DirectMethodHandle FT_UNCHECKED_REF I 8
staticfield java/lang/invoke/DirectMethodHandle ACCESSOR_FORMS [Ljava/lang/invoke/LambdaForm; 132 [Ljava/lang/invoke/LambdaForm;
staticfield java/lang/invoke/DirectMethodHandle ALL_WRAPPERS [Lsun/invoke/util/Wrapper; 10 [Lsun/invoke/util/Wrapper;
staticfield java/lang/invoke/DirectMethodHandle NFS [Ljava/lang/invoke/LambdaForm$NamedFunction; 12 [Ljava/lang/invoke/LambdaForm$NamedFunction;
staticfield java/lang/invoke/DirectMethodHandle OBJ_OBJ_TYPE Ljava/lang/invoke/MethodType; java/lang/invoke/MethodType
staticfield java/lang/invoke/DirectMethodHandle LONG_OBJ_TYPE Ljava/lang/invoke/MethodType; java/lang/invoke/MethodType
staticfield java/lang/invoke/DirectMethodHandle $assertionsDisabled Z 1
ciInstanceKlass java/lang/invoke/MutableCallSite 0 0 63 10 100 12 1 1 1 10 12 1 9 100 12 1 1 1 10 12 1 10 12 1 1 9 12 1 1 10 100 12 1 1 1 10 100 12 1 1 1 10 12 1 1 1 1 1 1 1 1 1 1 1 1 1 1 1 1 1 1 100 1 1 1
ciInstanceKlass java/lang/invoke/VolatileCallSite 0 0 37 10 100 12 1 1 1 10 12 1 10 100 12 1 1 1 10 12 1 10 12 1 1 1 1 1 1 1 1 1 1 1 1 1 1 1 1
ciInstanceKlass java/lang/invoke/ResolvedMethodName 1 1 16 10 100 12 1 1 1 100 1 1 1 1 1 1 1 1
ciInstanceKlass java/lang/invoke/MethodHandleNatives 1 1 690 100 1 10 7 12 1 1 1 9 7 12 1 1 1 10 12 1 1 100 1 10 10 12 1 1 10 12 1 10 12 1 8 1 8 1 8 1 8 1 8 1 8 1 8 1 8 1 8 1 8 1 10 12 1 1 7 1 10 7 12 1 1 1 10 7 12 1 1 1 7 1 10 10 12 1 1 8 1 10 12 1 8 1 10 12 1 1 8 1 10 12 1 1 9 7 12 1 1 1 8 1 10 100 12 1 1 1 7 1 10 12 100 1 100 1 8 1 7 1 10 10 12 1 7 1 9 7 12 1 1 10 12 1 1 10 12 1 10 7 12 1 1 1 10 12 1 1 9 12 1 8 1 10 12 1 1 10 12 1 8 1 10 12 1 1 7 1 10 12 1 10 7 12 1 1 1 10 12 1 10 12 1 1 10 12 1 1 8 1 10 12 1 1 8 1 10 12 1 8 1 8 1 8 1 7 1 10 12 1 8 1 10 7 12 1 1 1 10 12 1 1 10 7 12 1 1 10 10 12 1 1 10 12 1 10 100 12 1 1 1 100 1 8 1 10 100 12 1 1 1 7 1 8 1 10 12 1 8 1 8 1 8 1 8 1 8 1 10 12 1 1 10 12 1 1 10 12 1 10 12 1 1 10 12 1 1 7 1 10 12 1 7 1 7 1 10 12 1 10 12 1 8 1 8 1 10 10 12 1 1 10 12 1 1 8 1 10 7 12 1 1 8 1 8 1 10 12 1 1 10 7 12 1 1 1 100 1 10 12 1 1 7 1 9 12 1 1 10 7 12 1 1 1 10 10 12 1 9 12 1 10 12 1 9 12 1 9 12 1 10 12 1 1 10 12 1 10 12 1 1 7 1 7 1 10 12 1 1 10 12 1 10 12 1 1 10 7 12 1 1 1 10 12 1 8 1 10 12 1 10 12 1 10 12 1 1 10 12 1 10 7 12 1 1 1 10 12 1 1 100 1 8 1 10 9 7 12 1 1 1 10 12 1 1 10 12 1 1 7 1 10 12 1 1 10 12 1 1 100 1 100 1 10 10 100 1 100 1 10 100 1 10 10 12 1 1 10 7 1 10 12 1 10 12 1 1 10 12 1 1 10 12 1 1 10 12 1 10 12 1 1 10 8 1 10 12 1 10 12 1 10 12 1 10 12 1 10 12 1 1 10 12 1 10 12 1 10 12 1 10 10 7 12 1 1 10 12 1 1 1 1 1 1 1 1 1 1 1 1 1 7 1 1 1 1 1 1 1 1 1 1 1 1 1 1 1 1 1 1 1 1 1 1 1 1 1 1 1 1 1 1 1 1 1 1 1 1 1 1 1 1 1 1 1 1 1 1 1 1 1 1 1 1 1 1 1 1 1 1 1 1 1 1 1 1 1 100 1 1 1 1 1 1 1 1 1 1 1 1 1 1 1 1 1 1 1 1 1 1 1 1 1 1 1 1 1 1 1 1 1 100 1 1 1 1 1 1 1 1 1 1 1 1 1 1 1 1 1 1 1 1 1 1 1 1 1 1 7 1 1 1 1 1 1 1 100 1 1 1
staticfield java/lang/invoke/MethodHandleNatives $assertionsDisabled Z 1
ciInstanceKlass java/lang/invoke/MethodHandleNatives$CallSiteContext 1 1 49 10 7 12 1 1 1 7 1 10 10 7 12 1 1 1 10 7 12 1 1 1 10 7 12 1 1 1 100 1 1 1 1 1 1 1 1 1 1 1 1 1 1 1 1 1 100 1 1
ciInstanceKlass jdk/internal/foreign/abi/NativeEntryPoint 0 0 194 10 7 12 1 1 1 9 7 12 1 1 1 9 12 1 1 100 1 8 1 10 12 1 10 12 1 1 100 1 10 100 12 1 1 1 10 12 1 9 12 1 1 18 12 1 1 10 100 12 1 1 1 10 7 12 1 1 1 9 7 12 1 1 1 7 1 10 8 1 10 12 1 1 10 12 1 10 12 1 1 8 1 10 12 1 1 7 1 8 1 10 12 1 10 12 1 1 10 12 1 9 12 1 1 18 12 1 1 10 100 12 1 1 1 10 12 1 1 10 12 1 10 100 12 1 1 1 10 1 1 1 1 1 1 1 1 1 1 1 1 1 1 1 1 1 1 1 1 1 1 1 1 1 1 1 1 1 1 1 1 1 1 1 1 1 16 1 15 10 12 16 1 16 15 10 12 15 10 100 12 1 1 1 1 1 100 1 1 100 1 100 1 1
ciInstanceKlass jdk/internal/foreign/abi/ABIDescriptor 0 0 55 10 100 12 1 1 1 9 100 12 1 1 1 9 12 1 1 9 12 1 9 12 1 9 12 1 1 9 12 1 9 12 1 1 9 12 1 9 12 1 9 12 1 9 12 1 1 1 1 1 1 1 1 1 1
ciInstanceKlass jdk/internal/foreign/abi/VMStorage 0 0 91 10 7 12 1 1 1 9 7 12 1 1 1 9 12 1 1 9 12 1 1 9 12 1 1 7 1 10 8 1 10 12 1 1 10 12 1 10 12 1 1 10 12 1 18 12 1 18 12 1 1 18 12 1 1 1 1 1 1 1 1 1 1 1 1 1 1 1 1 1 1 1 8 1 15 15 15 15 15 10 100 12 1 1 1 1 100 1 100 1 1
ciInstanceKlass jdk/internal/foreign/abi/UpcallLinker$CallRegs 0 0 66 10 7 12 1 1 1 9 7 12 1 1 1 9 12 1 18 12 1 1 18 12 1 1 18 12 1 1 1 1 1 1 1 1 1 1 1 1 1 1 1 1 1 1 100 1 1 1 8 1 15 15 15 10 100 12 1 1 1 1 1 100 1 100 1 1
ciInstanceKlass java/lang/StackWalker 1 1 271 9 7 12 1 1 1 7 1 10 7 12 1 1 1 10 12 1 1 10 7 12 1 1 1 10 12 1 1 10 12 1 11 7 12 1 1 1 10 12 1 1 10 12 1 1 10 12 1 1 100 1 8 1 10 12 1 10 12 1 10 12 1 10 7 12 1 1 9 12 1 1 9 12 1 1 9 12 1 1 9 12 1 1 10 12 1 1 9 12 1 1 9 12 1 1 9 12 1 1 10 7 12 1 1 1 11 12 1 1 100 1 8 1 10 10 7 12 1 1 9 12 1 1 10 12 1 1 10 7 12 1 1 1 10 7 12 1 1 1 18 12 1 1 100 1 8 1 10 8 1 10 12 1 1 10 100 12 1 1 1 10 12 1 1 9 7 12 1 1 11 100 12 1 1 1 10 12 1 1 1 1 1 1 1 1 1 1 1 1 1 1 1 1 1 1 1 1 1 1 1 1 1 1 1 1 1 1 1 1 1 1 1 1 1 1 1 1 1 1 1 1 1 1 1 1 1 1 1 1 1 1 1 1 1 1 1 1 1 1 1 1 1 1 7 1 1 16 15 10 12 16 1 15 10 100 12 1 1 1 1 1 1 1 1 1 100 1 100 1 1
staticfield java/lang/StackWalker DEFAULT_EMPTY_OPTION Ljava/util/EnumSet; java/util/RegularEnumSet
staticfield java/lang/StackWalker DEFAULT_WALKER Ljava/lang/StackWalker; java/lang/StackWalker
ciInstanceKlass java/lang/StackWalker$StackFrame 1 1 41 100 1 10 12 1 1 100 1 100 1 1 1 1 1 1 1 1 1 1 1 1 1 1 1 1 1 1 1 1 1 1 1 1 1 1 1 100 1 1 1
instanceKlass java/lang/LiveStackFrameInfo
ciInstanceKlass java/lang/StackFrameInfo 1 1 142 10 7 12 1 1 1 9 7 12 1 1 1 9 7 1 9 12 1 1 11 7 12 1 1 1 9 12 1 1 11 12 1 1 10 12 1 1 10 7 12 1 1 1 10 12 1 11 12 1 11 12 1 1 11 12 1 10 12 1 1 9 12 1 1 10 12 1 1 10 7 12 1 1 10 12 1 1 11 12 1 1 9 12 1 1 10 7 1 10 12 1 9 12 1 1 10 12 1 1 100 1 8 1 10 12 1 10 7 12 1 1 1 7 1 1 1 1 1 1 1 1 1 1 1 1 1 1 1 1 1 1 7 1 1 7 1 1 1 1 1 1
staticfield java/lang/StackFrameInfo JLIA Ljdk/internal/access/JavaLangInvokeAccess; java/lang/invoke/MethodHandleImpl$1
ciInstanceKlass java/lang/LiveStackFrameInfo 0 0 97 10 7 12 1 1 1 9 7 12 1 1 1 9 12 1 9 12 1 9 12 1 9 12 1 1 7 1 10 12 1 1 10 12 1 8 1 10 12 1 1 8 1 8 1 8 1 10 100 1 10 12 1 100 1 10 12 1 7 1 7 1 1 1 3 1 3 1 1 1 1 1 1 1 1 1 1 1 1 1 1 1 1 1 1 1 1 1 1 1 1 1 1 1 100 1 1
ciInstanceKlass java/lang/LiveStackFrame 0 0 135 100 1 10 100 12 1 1 1 11 7 12 1 1 1 11 12 1 10 7 12 1 1 1 100 1 8 1 10 12 1 1 10 7 12 1 1 1 9 100 12 1 1 1 10 7 12 1 1 1 10 7 12 1 1 1 11 12 1 10 12 1 7 1 7 1 1 1 1 1 1 1 1 1 1 1 1 1 1 1 1 1 1 1 1 1 1 1 1 1 1 1 1 100 1 1 1 1 1 1 1 100 1 8 1 1 12 10 1 1 1 8 1 1 1 8 1 1 1 8 1 1 1 8 1 1 8 1 1 1 8 1 1 8 1
instanceKlass java/lang/StackStreamFactory$StackFrameTraverser
ciInstanceKlass java/lang/StackStreamFactory$AbstractStackWalker 1 1 375 7 1 7 1 3 10 7 12 1 1 1 10 7 12 1 1 10 7 12 1 1 1 9 12 1 1 10 12 1 1 9 12 1 1 9 12 1 1 9 12 1 1 9 12 1 10 7 12 1 1 1 10 12 1 1 10 7 12 1 1 9 12 1 1 9 12 1 1 10 12 1 1 9 7 12 1 1 1 10 12 1 1 10 12 1 9 12 1 1 10 7 12 1 1 1 10 12 1 1 9 12 1 1 9 7 12 1 1 1 7 1 10 8 1 10 12 1 1 10 12 1 8 1 10 12 1 1 10 100 12 1 1 1 100 1 8 1 10 12 1 8 1 10 12 10 7 12 1 1 9 12 1 8 1 5 0 8 1 8 1 9 12 1 1 10 12 1 1 18 12 1 1 10 7 12 1 1 1 10 12 1 1 10 12 1 10 12 1 9 12 1 10 12 1 10 12 1 10 12 1 10 12 1 10 12 1 10 12 1 1 8 1 10 12 1 10 12 1 10 12 1 10 12 1 1 8 1 10 12 1 1 10 12 1 1 10 12 1 1 10 12 1 10 12 1 10 100 12 1 1 1 10 12 1 10 12 1 9 12 1 8 1 10 12 1 10 12 1 10 12 1 1 10 12 1 10 12 1 10 12 1 1 10 12 1 10 12 1 10 12 1 10 12 1 10 12 1 10 12 1 1 10 12 1 1 10 12 1 8 1 1 1 1 1 1 1 1 1 1 1 1 1 7 1 1 1 1 1 1 1 7 1 1 1 1 7 1 1 1 1 1 1 1 1 1 1 1 1 1 1 1 1 1 1 1 16 15 15 10 100 12 1 1 1 1 1 1 1 1 100 1 100 1 1
ciInstanceKlass jdk/internal/module/Modules 1 1 504 10 7 12 1 1 1 9 7 12 1 1 1 11 7 12 1 1 1 11 12 1 1 11 12 1 1 11 12 1 1 11 12 1 11 12 1 11 12 1 11 12 1 11 12 1 1 10 7 12 1 1 1 10 100 12 1 1 1 18 12 1 1 10 7 12 1 1 1 7 1 10 7 12 1 1 1 10 100 12 1 1 1 10 100 12 1 1 10 12 1 1 11 12 1 9 12 1 1 11 100 12 1 1 1 10 12 1 1 10 10 12 1 10 9 12 1 1 10 100 12 1 1 10 12 1 1 10 100 12 1 1 100 1 11 100 12 1 1 1 10 100 12 1 1 1 11 100 12 1 1 10 12 1 1 10 100 12 1 1 10 100 12 1 1 1 10 12 1 1 10 12 1 1 11 12 1 1 18 12 1 1 11 100 12 1 1 10 100 12 1 1 1 11 100 12 1 1 1 7 1 11 12 1 1 11 7 12 1 1 1 11 12 1 1 10 12 1 1 10 100 12 1 1 18 12 1 1 11 12 1 1 18 12 1 1 11 12 1 1 10 12 1 18 18 10 12 1 1 9 12 1 1 11 7 12 1 1 1 100 1 10 11 12 1 11 12 1 1 11 12 1 1 10 100 1 10 12 1 1 10 100 12 1 1 10 12 1 1 11 12 10 12 1 1 7 1 10 18 12 1 10 12 1 1 7 1 8 1 10 12 1 10 100 12 1 1 18 12 1 11 11 12 10 12 1 10 10 100 1 18 12 1 10 10 10 7 12 1 1 10 7 12 1 1 1 10 12 1 1 1 1 1 1 1 1 1 1 1 1 1 1 1 1 1 1 1 1 1 1 1 1 1 1 1 1 1 1 1 1 1 100 1 1 1 1 1 1 1 1 1 1 1 1 1 1 1 1 1 1 1 1 1 1 1 1 1 1 1 1 1 1 1 1 1 1 1 7 1 1 1 1 1 1 1 1 1 1 1 1 1 1 1 1 1 1 1 1 1 1 1 16 15 10 12 1 16 16 15 10 12 1 16 1 16 1 15 10 12 1 16 1 16 1 15 10 12 16 1 15 10 16 1 15 10 12 16 1 15 10 12 16 15 10 12 16 15 10 12 15 10 100 12 1 1 1 1 1 1 100 1 100 1 1
staticfield jdk/internal/module/Modules JLA Ljdk/internal/access/JavaLangAccess; java/lang/System$2
staticfield jdk/internal/module/Modules JLMA Ljdk/internal/access/JavaLangModuleAccess; java/lang/module/ModuleDescriptor$1
staticfield jdk/internal/module/Modules $assertionsDisabled Z 1
ciInstanceKlass java/util/ArrayList 1 1 509 10 7 12 1 1 1 7 1 9 7 12 1 1 1 9 12 1 100 1 7 1 10 8 1 10 12 1 1 10 12 1 10 12 1 1 10 12 1 9 12 1 11 7 12 1 1 1 9 12 1 1 11 12 1 1 7 10 7 12 1 1 1 9 12 1 10 12 1 10 12 1 1 10 7 12 1 1 1 10 7 12 1 1 1 10 12 1 1 10 12 1 1 10 12 1 1 10 12 1 10 12 1 1 100 1 7 1 10 12 1 10 10 7 12 1 1 1 10 7 12 1 1 10 12 1 100 1 10 10 12 10 12 1 1 10 12 1 1 10 12 1 10 12 10 12 1 1 7 1 10 12 1 1 10 12 1 1 10 12 1 100 1 10 11 12 1 1 11 7 12 1 1 1 11 12 1 10 12 1 10 12 1 10 12 1 1 100 1 10 12 1 1 10 10 12 1 1 10 12 1 8 1 8 1 8 1 8 1 10 12 1 1 10 12 1 1 11 12 1 7 1 10 100 12 1 1 10 12 1 10 12 1 1 10 100 12 1 1 10 12 1 10 100 12 1 1 1 11 100 12 1 1 1 10 12 1 100 1 8 1 10 7 1 10 12 1 7 1 10 12 1 10 12 1 1 7 1 10 12 1 10 12 1 1 11 7 12 1 1 7 1 10 12 1 10 12 1 1 11 100 12 1 1 10 12 1 1 10 12 1 1 10 12 1 1 10 12 1 1 11 100 12 1 1 10 12 1 1 7 1 7 1 7 1 1 1 1 5 0 1 3 1 1 1 1 1 1 1 1 1 1 1 1 1 1 1 1 1 1 1 1 1 1 1 1 1 1 1 1 1 1 1 1 1 1 1 1 1 1 1 1 1 1 1 1 1 1 1 1 1 1 1 1 1 1 1 1 1 1 1 1 1 1 1 1 1 1 1 1 1 1 1 1 1 1 1 1 1 1 1 1 1 1 1 1 1 1 1 1 1 1 1 1 1 1 1 1 1 1 1 1 1 1 1 1 100 1 1 1 1 7 1 1 1 1 1 1 1 1 1 1 1 1 1 1 1 1 1 1 1 1 1 1 1 1 1 1 1 1 1 100 1 1 1 1 1 1 1 1 1 1 1 1 1 1 1 1 1 1 100 1 100 1 1 1 1 1 1
staticfield java/util/ArrayList EMPTY_ELEMENTDATA [Ljava/lang/Object; 0 [Ljava/lang/Object;
staticfield java/util/ArrayList DEFAULTCAPACITY_EMPTY_ELEMENTDATA [Ljava/lang/Object; 0 [Ljava/lang/Object;
ciInstanceKlass java/util/RandomAccess 1 0 7 100 1 100 1 1 1
ciMethod java/util/ArrayList <init> ()V 14 0 5489 0 0
ciInstanceKlass java/util/Locale 1 1 1165 9 7 12 1 1 1 7 1 10 12 1 1 9 12 1 1 11 7 12 1 1 1 10 7 12 1 1 9 12 1 1 9 12 1 1 100 1 10 10 12 1 1 8 1 10 12 1 1 10 12 1 1 10 12 1 10 12 1 10 12 1 11 12 1 1 9 7 12 1 1 1 10 7 1 10 9 12 1 1 10 7 12 1 1 9 7 12 1 1 1 9 12 1 10 12 1 1 9 12 1 1 9 12 1 100 1 8 1 10 12 1 9 12 1 10 12 1 10 12 1 1 9 7 12 1 1 1 9 12 1 10 7 12 1 1 1 10 12 1 1 10 12 1 1 10 12 1 9 12 1 9 12 1 9 12 1 9 12 1 10 12 1 1 10 7 12 1 1 7 1 9 12 1 9 12 1 9 12 1 9 12 1 9 12 1 9 12 1 9 12 1 9 12 1 9 12 1 9 12 1 10 12 1 1 10 7 12 1 1 10 12 1 1 7 1 10 10 12 1 1 10 100 1 10 12 1 1 10 12 1 1 8 1 10 12 1 8 1 10 7 12 1 1 1 100 1 8 1 8 1 10 12 1 10 7 12 1 1 1 10 12 1 1 8 1 10 7 12 1 1 1 10 12 1 1 9 12 1 1 100 1 8 1 10 12 1 1 10 12 1 1 10 100 12 1 1 1 9 12 1 8 1 10 12 1 10 12 1 1 10 12 1 10 12 1 10 12 1 10 12 1 10 12 1 1 100 1 7 1 10 8 1 10 12 1 1 10 12 1 10 12 1 10 10 7 12 1 1 1 10 12 1 1 10 100 12 1 1 1 10 12 1 10 12 1 10 12 1 8 1 10 12 1 10 12 1 10 12 1 10 8 1 9 12 1 10 7 12 1 1 1 10 10 12 1 10 8 1 10 12 1 10 10 12 1 10 12 1 1 11 7 12 1 1 1 11 7 12 1 1 11 12 1 1 10 12 1 10 12 1 10 12 1 10 8 1 10 12 1 10 12 1 1 10 12 1 1 10 12 1 1 10 12 1 1 100 1 8 1 8 1 10 8 1 10 8 1 8 1 10 12 1 1 10 12 1 10 12 1 1 10 12 1 1 10 12 1 10 12 1 100 1 10 12 1 1 8 1 9 100 12 1 1 1 10 7 12 1 1 10 12 1 1 10 12 1 10 100 12 1 1 1 10 12 1 1 10 12 1 1 8 1 10 100 12 1 1 10 12 1 1 10 12 1 8 1 7 1 10 12 1 10 12 1 1 10 100 12 1 1 1 10 12 1 1 11 100 12 1 1 18 12 1 1 11 100 12 1 1 1 18 12 1 1 11 12 1 1 18 12 1 10 12 1 10 12 1 10 12 1 1 11 12 1 1 100 100 1 10 10 12 1 1 8 1 10 12 1 100 1 7 1 10 12 1 9 12 1 1 10 12 1 10 10 12 1 10 100 1 8 1 10 10 12 1 10 12 1 10 10 8 1 8 1 8 1 9 12 1 10 12 1 10 12 1 8 1 10 12 1 10 12 1 10 100 12 1 1 18 12 1 10 12 1 8 1 10 12 1 8 1 10 12 1 1 10 12 1 18 12 1 11 12 1 1 10 12 1 10 100 12 1 1 1 8 1 10 100 12 1 1 8 1 8 1 8 1 8 1 8 1 10 12 1 10 12 1 10 100 12 1 1 1 10 100 12 1 1 100 1 10 12 1 10 10 12 1 10 12 1 10 8 1 10 12 1 1 8 1 8 1 9 12 1 8 1 8 1 9 12 1 10 100 12 1 1 1 9 100 12 1 1 1 10 10 12 1 10 10 12 1 1 10 12 1 1 100 1 10 12 1 1 10 12 1 1 10 7 12 1 1 7 1 10 10 12 1 1 9 12 1 9 12 1 9 12 1 9 12 1 9 12 1 9 12 1 9 12 1 9 12 1 9 12 1 9 12 1 9 12 1 9 12 1 9 12 1 9 12 1 9 12 1 9 12 1 9 12 1 9 12 1 9 12 1 9 12 1 9 12 1 10 12 7 1 10 12 1 9 12 1 1 9 12 1 1 7 1 7 1 1 1 1 1 1 3 1 3 1 1 5 0 1 3 1 3 1 3 1 3 1 3 1 3 1 1 1 1 1 1 1 1 1 1 1 1 1 1 1 1 1 1 1 1 1 1 1 1 1 1 1 1 1 1 1 1 1 1 1 1 1 1 1 1 1 1 1 1 1 1 1 1 1 1 1 1 1 1 1 1 1 1 1 1 1 1 1 1 1 1 1 1 1 1 1 1 7 1 1 1 1 1 1 1 1 1 1 1 1 1 1 1 1 1 1 1 1 1 1 1 1 1 1 1 1 1 1 1 1 1 1 1 1 1 1 1 100 1 1 1 1 1 1 1 1 1 1 1 1 1 1 1 1 1 1 100 1 1 1 1 1 1 1 1 7 1 1 100 1 1 1 1 1 1 1 1 1 1 1 1 1 1 1 1 1 1 1 1 1 1 1 1 1 1 1 1 1 1 100 1 100 1 100 1 100 1 100 1 1 16 15 10 12 16 16 15 16 15 10 12 15 10 12 16 15 10 12 16 15 10 100 12 1 1 1 1 1 1 1 1 1 100 1 1 1 1 1 1 1 100 1 100 1 1
staticfield java/util/Locale ENGLISH Ljava/util/Locale; java/util/Locale
staticfield java/util/Locale FRENCH Ljava/util/Locale; java/util/Locale
staticfield java/util/Locale GERMAN Ljava/util/Locale; java/util/Locale
staticfield java/util/Locale ITALIAN Ljava/util/Locale; java/util/Locale
staticfield java/util/Locale JAPANESE Ljava/util/Locale; java/util/Locale
staticfield java/util/Locale KOREAN Ljava/util/Locale; java/util/Locale
staticfield java/util/Locale CHINESE Ljava/util/Locale; java/util/Locale
staticfield java/util/Locale SIMPLIFIED_CHINESE Ljava/util/Locale; java/util/Locale
staticfield java/util/Locale TRADITIONAL_CHINESE Ljava/util/Locale; java/util/Locale
staticfield java/util/Locale FRANCE Ljava/util/Locale; java/util/Locale
staticfield java/util/Locale GERMANY Ljava/util/Locale; java/util/Locale
staticfield java/util/Locale ITALY Ljava/util/Locale; java/util/Locale
staticfield java/util/Locale JAPAN Ljava/util/Locale; java/util/Locale
staticfield java/util/Locale KOREA Ljava/util/Locale; java/util/Locale
staticfield java/util/Locale UK Ljava/util/Locale; java/util/Locale
staticfield java/util/Locale US Ljava/util/Locale; java/util/Locale
staticfield java/util/Locale CANADA Ljava/util/Locale; java/util/Locale
staticfield java/util/Locale CANADA_FRENCH Ljava/util/Locale; java/util/Locale
staticfield java/util/Locale ROOT Ljava/util/Locale; java/util/Locale
staticfield java/util/Locale CONSTANT_LOCALES Ljava/util/Map; java/util/HashMap
staticfield java/util/Locale CHINA Ljava/util/Locale; java/util/Locale
staticfield java/util/Locale PRC Ljava/util/Locale; java/util/Locale
staticfield java/util/Locale TAIWAN Ljava/util/Locale; java/util/Locale
staticfield java/util/Locale serialPersistentFields [Ljava/io/ObjectStreamField; 6 [Ljava/io/ObjectStreamField;
staticfield java/util/Locale $assertionsDisabled Z 1
ciInstanceKlass java/lang/annotation/Annotation 1 0 17 100 1 100 1 1 1 1 1 1 1 1 1 1 1 1 1
ciInstanceKlass sun/security/util/Debug 1 1 555 10 7 12 1 1 1 9 7 12 1 1 1 10 100 12 1 1 8 1 10 12 1 8 1 8 1 8 1 8 1 8 1 8 1 8 1 8 1 8 1 8 1 8 1 8 1 8 1 8 1 8 1 8 1 8 1 8 1 8 1 8 1 8 1 8 1 8 1 8 1 8 1 8 1 8 1 8 1 8 1 8 1 8 1 8 1 8 1 8 1 8 1 8 1 8 1 8 1 8 1 8 1 8 1 8 1 8 1 8 1 8 1 8 1 8 1 8 1 8 1 8 1 8 1 8 1 8 1 10 12 1 1 10 7 12 1 1 1 10 12 1 1 10 9 12 1 1 10 12 1 10 7 12 1 1 18 12 1 1 10 12 1 1 7 1 9 12 1 1 9 12 1 9 12 1 9 12 1 9 12 1 10 12 1 1 10 12 1 1 10 12 1 1 10 12 1 1 8 1 10 12 1 1 8 1 8 1 8 1 7 1 10 10 12 1 1 10 12 1 1 8 1 10 12 1 8 1 10 12 1 1 10 7 12 1 1 8 1 10 12 1 1 10 12 1 8 1 8 1 8 1 8 1 10 7 12 1 1 1 10 12 1 1 10 7 12 1 1 1 9 100 12 1 1 1 10 12 1 1 8 1 10 12 1 10 12 1 10 12 1 1 9 100 12 1 1 1 10 100 12 1 1 1 10 100 12 1 1 1 8 1 8 1 10 100 12 1 1 10 12 8 1 10 12 1 8 1 10 12 8 1 8 1 8 1 8 1 10 12 8 1 8 1 8 1 10 100 12 1 1 1 10 12 1 1 10 100 12 1 1 10 12 1 10 12 1 1 8 1 10 12 1 1 10 12 1 1 8 1 8 1 8 1 9 12 1 10 12 1 8 1 10 100 12 1 1 1 10 12 1 1 18 12 1 1 11 100 12 1 1 1 18 11 12 1 1 11 12 1 1 8 1 10 100 12 1 1 1 11 7 12 1 1 11 12 1 11 12 1 8 1 8 1 10 7 12 1 1 1 8 1 8 1 10 12 1 8 1 10 12 1 1 10 12 1 1 1 1 1 1 1 1 1 1 1 1 1 1 1 1 1 1 1 1 1 1 1 1 1 1 1 1 1 1 1 1 1 1 1 1 1 1 1 1 1 1 1 1 1 1 1 1 1 1 1 1 1 1 1 1 1 1 1 1 1 16 15 10 12 16 16 15 10 12 16 15 10 12 16 15 10 100 12 1 1 1 1 1 1 100 1 100 1 1
ciMethod sun/security/util/Debug println (Ljava/lang/String;)V 0 0 1 0 -1
instanceKlass sun/net/www/protocol/jar/URLJarFile
ciInstanceKlass java/util/jar/JarFile 1 1 695 7 1 9 12 1 1 9 12 1 7 1 10 12 1 1 7 1 10 12 1 10 12 1 10 12 1 9 12 1 1 10 7 12 1 1 1 9 12 1 10 7 12 1 1 1 9 12 1 9 12 1 1 10 7 12 1 1 1 10 12 1 1 9 12 1 10 12 1 1 9 12 9 12 1 10 12 1 1 100 1 10 12 1 1 9 12 1 1 10 7 12 1 1 1 7 1 10 12 1 1 10 12 1 1 9 12 1 9 12 1 1 11 7 12 1 1 1 7 1 10 7 12 1 1 1 10 12 1 9 12 1 1 9 12 1 1 8 1 10 100 12 1 1 7 1 10 12 1 10 10 12 1 10 12 1 1 10 12 1 10 7 12 1 1 7 1 10 12 1 1 10 12 1 10 12 1 1 10 12 1 1 10 11 12 1 1 11 12 1 1 11 12 1 18 12 1 1 11 100 12 1 1 1 18 12 1 1 11 12 1 1 11 12 1 1 18 18 10 12 7 1 10 12 1 8 1 10 7 12 1 1 1 10 12 1 10 12 1 1 10 12 1 1 100 1 10 12 1 8 1 11 12 1 1 7 1 10 12 10 12 1 1 10 12 1 8 1 10 12 10 12 1 1 10 12 1 11 12 1 1 10 12 1 11 12 1 1 11 7 12 1 1 1 11 7 12 1 1 11 12 1 10 12 1 1 100 1 8 1 10 7 1 9 12 1 1 10 12 1 8 1 10 12 1 9 12 1 1 10 12 1 1 10 12 1 1 100 1 8 1 10 7 12 1 1 10 12 1 8 1 10 12 1 8 1 10 7 12 1 1 1 9 7 12 1 1 8 1 10 12 1 8 1 10 8 1 8 1 10 3 10 12 1 1 10 12 1 1 100 1 8 1 8 1 10 8 1 10 12 1 10 12 1 10 12 1 10 12 1 1 7 1 10 12 1 10 12 1 1 9 12 1 1 9 12 1 10 7 12 1 1 9 12 1 9 12 1 9 12 1 9 12 1 10 12 1 1 9 12 1 9 12 1 9 12 1 7 1 10 7 1 10 12 1 10 12 1 1 9 100 12 1 1 1 10 12 1 1 10 7 12 1 1 9 7 12 1 1 1 10 7 12 1 1 10 12 1 7 1 10 12 10 12 1 10 12 1 10 7 12 1 1 1 10 12 1 1 7 1 10 10 7 12 1 1 1 10 12 1 1 8 1 10 7 12 1 1 1 10 7 12 1 1 10 12 1 8 1 8 1 10 12 1 10 12 1 8 1 10 12 1 1 8 1 1 1 1 1 1 1 1 8 1 1 1 1 1 1 1 1 1 1 1 1 1 1 1 1 1 1 1 1 1 1 1 1 1 100 1 1 1 1 1 1 1 1 1 1 1 1 1 1 1 1 1 100 1 1 1 1 1 1 1 1 1 1 1 1 1 1 1 1 1 100 1 1 1 1 1 1 1 1 1 1 1 1 7 1 1 1 1 1 1 1 1 1 1 1 1 1 16 15 10 12 16 16 15 10 12 1 16 15 16 16 1 15 10 100 12 1 1 1 1 1 1 1 1 1 1 100 1 100 1 1
staticfield java/util/jar/JarFile BASE_VERSION Ljava/lang/Runtime$Version; java/lang/Runtime$Version
staticfield java/util/jar/JarFile BASE_VERSION_FEATURE I 8
staticfield java/util/jar/JarFile RUNTIME_VERSION Ljava/lang/Runtime$Version; java/lang/Runtime$Version
staticfield java/util/jar/JarFile MULTI_RELEASE_ENABLED Z 1
staticfield java/util/jar/JarFile MULTI_RELEASE_FORCED Z 0
staticfield java/util/jar/JarFile JUZFA Ljdk/internal/access/JavaUtilZipFileAccess; java/util/zip/ZipFile$1
staticfield java/util/jar/JarFile CLASSPATH_CHARS [B 12
staticfield java/util/jar/JarFile CLASSPATH_LASTOCC [B 65
staticfield java/util/jar/JarFile CLASSPATH_OPTOSFT [B 12
staticfield java/util/jar/JarFile MULTIRELEASE_CHARS [B 19
staticfield java/util/jar/JarFile MULTIRELEASE_LASTOCC [B 65
staticfield java/util/jar/JarFile MULTIRELEASE_OPTOSFT [B 19
ciInstanceKlass java/util/zip/ZipConstants 1 0 78 100 1 100 1 1 1 1 5 0 1 5 0 1 5 0 1 5 0 1 1 3 1 3 1 3 1 3 1 3 1 3 1 3 1 3 1 3 1 3 1 1 3 1 3 1 1 1 3 1 1 1 1 1 1 1 3 1 3 1 1 1 3 1 3 1 3 1 3 1 3 1 1 1 1 1 1 1
instanceKlass java/util/jar/JarFile
ciInstanceKlass java/util/zip/ZipFile 1 1 551 7 1 7 1 7 1 10 12 1 1 7 1 10 12 1 9 7 12 1 1 1 10 12 1 10 7 12 1 1 100 1 7 1 10 8 1 10 12 1 1 10 7 12 1 1 1 10 12 1 1 10 10 12 1 10 7 12 1 1 1 10 7 12 1 1 10 12 1 8 1 10 7 12 1 1 1 9 12 1 1 10 12 1 1 7 1 10 7 12 1 1 1 10 12 1 9 12 1 1 10 7 12 1 1 1 10 12 1 1 10 12 1 10 12 1 10 12 1 9 12 1 1 9 7 12 1 1 1 9 12 1 1 10 12 1 8 10 12 1 1 10 12 1 1 8 1 9 12 1 1 9 12 1 9 10 12 1 1 9 12 1 1 7 1 9 12 1 10 12 1 10 12 1 1 11 7 12 1 1 1 10 12 1 1 5 0 5 0 5 0 5 0 7 1 10 12 1 100 1 8 1 10 100 1 9 12 1 10 12 1 100 1 18 12 1 1 10 12 1 10 100 12 1 1 1 10 12 1 10 12 1 1 7 1 10 12 1 18 18 10 12 1 10 12 1 10 7 12 1 1 1 10 12 1 1 8 1 10 12 1 1 10 12 1 7 1 9 12 1 1 11 7 12 1 1 1 10 10 12 1 9 12 1 10 12 1 9 12 1 1 10 12 1 9 12 1 9 12 1 10 12 1 9 12 1 9 12 1 10 12 1 10 12 1 3 9 12 1 10 7 12 1 1 1 10 12 1 1 9 12 9 12 1 1 10 12 1 100 1 10 12 1 1 100 1 8 1 10 8 1 8 1 9 12 1 1 9 12 1 7 1 10 10 12 1 11 7 1 11 12 1 1 9 12 1 9 12 1 8 1 10 7 12 1 1 1 8 1 10 12 1 100 1 10 12 1 9 12 1 7 1 10 10 7 12 1 1 1 7 1 1 1 1 1 3 1 3 1 3 1 3 1 1 1 1 1 1 100 1 1 1 1 1 1 1 1 1 1 100 1 1 1 1 7 1 1 1 1 1 1 1 1 1 1 1 1 1 7 1 1 1 1 1 1 1 1 1 1 1 1 1 1 1 1 1 1 1 100 1 1 1 1 1 1 1 1 1 1 1 100 1 1 1 1 1 1 1 1 1 1 1 1 1 1 1 1 1 100 1 100 1 100 1 100 1 1 16 1 15 10 12 16 15 16 15 10 12 16 15 10 100 12 1 1 1 1 1 1 1 1 1 1 1 1 1 100 1 100 1 1
staticfield java/util/zip/ZipFile DISABLE_ZIP64_EXTRA_VALIDATION Z 0
ciMethod java/util/zip/ZipFile getName ()Ljava/lang/String; 4 0 2 0 -1
ciMethod java/util/zip/ZipFile getInputStream (Ljava/util/zip/ZipEntry;)Ljava/io/InputStream; 652 0 6489 0 7752
ciMethod java/util/zip/ZipFile ensureOpen ()V 1024 0 6743 0 -1
ciMethod java/util/jar/JarFile getInputStream (Ljava/util/zip/ZipEntry;)Ljava/io/InputStream; 388 0 6352 0 -1
ciMethod java/util/jar/JarFile getManifest ()Ljava/util/jar/Manifest; 176 0 4480 0 -1
ciMethod java/util/jar/JarFile getJarEntry (Ljava/lang/String;)Ljava/util/jar/JarEntry; 1024 0 7193 0 -1
ciMethod java/util/jar/JarFile getBytes (Ljava/util/zip/ZipEntry;)[B 4 0 795 0 -1
ciMethod java/util/jar/JarFile getManifestFromReference ()Ljava/util/jar/Manifest; 176 0 4485 0 0
ciMethod java/util/jar/JarFile getManEntry ()Ljava/util/jar/JarEntry; 6 0 889 0 -1
ciMethod java/util/jar/JarFile maybeInstantiateVerifier ()V 522 0 12580 0 9136
ciMethod java/util/jar/JarFile initializeVerifier ()V 0 0 1 0 0
ciMethod java/util/jar/JarFile verifiableEntry (Ljava/util/zip/ZipEntry;)Ljava/util/jar/JarEntry; 0 0 4 0 0
ciInstanceKlass java/util/jar/JarVerifier 1 1 390 10 7 12 1 1 1 9 7 12 1 1 1 9 12 1 9 12 1 9 12 1 1 9 12 1 1 7 1 10 9 12 1 1 9 12 1 10 12 1 9 12 1 7 1 10 9 12 1 1 7 1 10 9 12 1 1 9 12 1 1 7 1 10 9 12 1 1 9 12 1 1 7 1 10 8 1 10 12 1 1 10 7 12 1 1 1 10 12 1 10 7 12 1 1 1 10 7 12 1 1 1 10 12 1 1 10 7 12 1 1 1 9 7 12 1 1 1 10 7 12 1 1 1 100 1 8 1 10 12 1 1 8 1 10 12 1 10 12 1 10 12 1 8 1 10 12 1 10 12 1 1 8 1 10 12 1 10 12 1 1 10 12 1 10 12 1 1 10 12 1 1 10 12 1 10 12 10 12 1 1 9 12 1 1 10 12 1 1 10 12 1 1 9 12 1 1 8 1 8 1 10 12 1 10 12 1 1 10 12 1 10 12 1 1 10 12 1 1 10 12 1 1 11 7 12 1 1 11 12 1 1 10 12 1 8 1 10 12 1 1 10 12 1 1 10 12 1 1 9 12 1 9 12 1 1 7 1 10 12 10 12 1 10 12 1 7 8 1 10 12 1 100 1 100 1 100 1 100 1 8 1 10 12 1 10 12 1 1 7 10 7 12 1 1 1 10 7 12 1 1 1 10 12 1 1 10 12 1 7 1 10 12 1 1 7 10 12 1 10 12 1 8 1 10 12 1 1 1 1 1 1 1 1 1 1 1 1 1 1 1 1 1 1 1 1 1 1 1 1 1 1 1 1 1 1 1 1 1 1 1 1 1 1 1 7 1 7 1 1 1 1 1 1 1 1 1 1 1 1 1 1 1 1 1 1 100 1 1 1
staticfield java/util/jar/JarVerifier debug Lsun/security/util/Debug; null
ciMethod java/util/jar/JarVerifier update (ILsun/security/util/ManifestEntryVerifier;)V 0 0 1 0 0
ciMethod java/util/jar/JarVerifier update (I[BIILsun/security/util/ManifestEntryVerifier;)V 32 0 16 0 -1
ciMethod java/util/jar/JarVerifier beginEntry (Ljava/util/jar/JarEntry;Lsun/security/util/ManifestEntryVerifier;)V 14 0 7 0 0
ciMethod java/util/jar/JarVerifier doneWithMeta ()V 2 0 1 0 -1
ciMethod java/util/jar/JarVerifier nothingToVerify ()Z 2 0 1 0 -1
ciMethod java/util/jar/JarVerifier <init> (Ljava/lang/String;[B)V 2 0 333 0 -1
ciMethod java/util/jar/JarVerifier processEntry (Lsun/security/util/ManifestEntryVerifier;)V 14 0 7 0 -1
instanceKlass java/util/ArrayList$ListItr
ciInstanceKlass java/util/ArrayList$Itr 1 1 104 9 7 12 1 1 1 10 7 12 1 1 1 9 12 1 1 9 7 12 1 1 9 12 1 9 12 1 9 12 1 10 12 1 100 1 10 9 12 1 1 100 1 10 100 1 10 10 12 1 1 100 1 10 100 12 1 1 1 10 12 1 1 11 100 12 1 1 1 100 1 1 1 1 1 1 1 1 1 1 1 1 1 1 1 1 100 1 1 1 1 1 1 1 1 1 1 1 1 1 1 1 1 1
ciInstanceKlass jdk/internal/access/JavaUtilZipFileAccess 1 0 31 100 1 100 1 1 1 1 1 1 1 1 1 1 1 1 1 1 1 1 1 1 1 1 1 1 1 1 1 1 1
ciMethod jdk/internal/access/JavaUtilZipFileAccess getManifestNum (Ljava/util/jar/JarFile;)I 0 0 1 0 -1
ciMethod jdk/internal/access/JavaUtilZipFileAccess getManifestName (Ljava/util/jar/JarFile;Z)Ljava/lang/String; 0 0 1 0 -1
ciMethod jdk/internal/access/JavaUtilZipFileAccess getManifestAndSignatureRelatedFiles (Ljava/util/jar/JarFile;)Ljava/util/List; 0 0 1 0 -1
ciInstanceKlass java/util/Collections$SetFromMap 1 1 182 10 7 12 1 1 1 9 7 12 1 1 1 11 7 12 1 1 1 9 12 1 1 11 12 1 11 12 1 1 11 12 1 1 11 12 1 1 11 12 1 1 9 7 12 1 1 1 11 12 1 1 11 7 12 1 1 1 11 12 1 1 11 12 1 11 12 1 1 11 12 1 11 12 1 11 12 1 1 11 12 1 11 12 1 11 12 1 1 11 12 1 1 11 12 1 1 11 12 1 1 11 12 1 10 100 12 1 1 100 1 8 1 10 12 1 7 1 1 1 1 1 1 1 5 0 1 1 1 1 1 1 1 1 1 1 1 1 1 1 1 1 1 1 1 1 1 1 1 1 1 1 1 1 1 1 1 1 1 1 1 1 1 1 1 1 1 100 1 7 1 1 100 1 1 1 1 1 100 1 1 1
instanceKlass sun/net/www/protocol/jar/URLJarFile$URLJarFileEntry
instanceKlass java/util/jar/JarFile$JarFileEntry
ciInstanceKlass java/util/jar/JarEntry 1 1 60 10 7 12 1 1 1 10 12 1 10 7 1 9 12 1 1 9 12 1 1 9 12 1 1 10 100 12 1 1 10 100 10 12 1 1 1 1 1 1 1 1 1 1 1 1 1 1 1 1 100 1 1 1 1 1 1 1 1 1
instanceKlass java/util/jar/JarEntry
ciInstanceKlass java/util/zip/ZipEntry 1 1 327 100 1 7 1 10 7 12 1 1 1 5 0 9 7 12 1 1 1 9 12 1 9 12 1 9 12 1 9 12 1 1 9 12 1 1 9 12 1 9 12 1 8 1 10 7 12 1 1 1 10 7 12 1 1 1 3 100 1 8 1 10 12 1 9 12 1 8 1 9 12 1 1 9 12 1 9 12 1 9 12 1 1 9 12 1 10 12 1 1 5 0 5 0 10 12 1 1 10 100 12 1 1 9 100 12 1 1 1 10 100 12 1 1 1 10 12 1 1 10 12 1 10 12 1 10 12 1 10 12 1 10 12 1 10 12 1 5 0 10 12 1 3 10 100 12 1 1 1 10 100 12 1 1 1 10 12 1 1 10 12 1 10 10 12 1 1 5 0 5 0 5 0 5 0 5 0 5 0 10 12 1 8 1 10 12 1 1 10 12 1 8 1 8 1 8 1 8 1 8 1 10 12 1 1 8 1 10 12 1 1 10 12 1 1 5 0 10 12 1 1 10 7 12 1 1 1 10 12 1 10 12 1 8 1 10 12 1 1 10 12 1 1 10 12 1 10 12 1 1 10 100 100 1 7 1 10 12 1 7 1 7 1 1 1 3 1 3 1 1 1 1 1 1 1 1 1 1 1 1 1 1 1 1 1 1 1 1 1 1 1 1 1 1 1 1 1 1 1 1 1 1 1 1 1 1 1 1 1 1 1 1 1 1 1 1 1 1 1 1 1 1 1 1 1 1 1
ciMethod java/util/zip/ZipEntry getName ()Ljava/lang/String; 256 0 128 0 -1
ciMethod java/util/zip/ZipEntry getSize ()J 268 0 134 0 0
ciMethod java/util/zip/ZipEntry isDirectory ()Z 14 0 7 0 -1
instanceKlass org/eclipse/jetty/util/ByteArrayOutputStream2
instanceKlass sun/security/util/DerOutputStream
ciInstanceKlass java/io/ByteArrayOutputStream 1 1 145 10 7 12 1 1 1 10 7 12 1 1 100 1 7 1 10 8 1 10 12 1 1 10 12 1 10 12 1 1 10 12 1 9 12 1 1 10 7 12 1 1 1 10 7 12 1 1 1 9 12 1 1 10 12 1 10 7 12 1 1 10 7 12 1 1 1 10 12 1 1 10 7 12 1 1 1 10 12 1 1 10 12 1 10 7 1 10 12 10 12 1 10 12 1 10 12 1 1 1 1 1 1 1 1 1 1 1 1 1 1 1 1 1 1 1 1 7 1 7 1 100 1 100 1 1 1 1 1 1 1 1 100 1 1 1 1 1 1 1 1 1 1 1 1
ciMethod java/io/ByteArrayOutputStream write (I)V 950 0 9088 0 -1
ciMethod java/io/ByteArrayOutputStream reset ()V 320 0 1548 0 -1
ciInstanceKlass java/util/zip/ZipUtils 1 1 331 7 1 7 1 100 1 10 7 12 1 1 1 5 0 5 0 9 7 12 1 1 1 10 7 12 1 1 1 10 12 1 1 9 12 1 5 0 5 0 5 0 5 0 5 0 5 0 10 100 12 1 1 1 10 100 12 1 1 1 10 12 1 1 10 100 12 1 1 1 10 12 1 1 10 12 1 1 100 1 10 12 1 1 100 1 10 12 1 10 12 1 1 10 12 1 10 12 1 1 10 12 1 10 12 1 10 12 1 10 12 1 10 12 1 5 0 10 12 1 1 10 12 1 1 5 0 100 1 5 0 10 100 12 1 1 1 10 12 1 1 10 12 1 1 10 12 1 1 10 12 1 10 12 1 10 12 1 10 12 1 8 1 10 7 12 1 1 1 9 12 1 1 9 12 1 1 10 7 12 1 1 1 100 1 9 12 1 10 12 1 1 10 7 12 1 1 1 9 12 1 1 10 7 12 1 1 1 9 12 1 1 10 12 1 1 8 1 10 12 1 1 8 1 1 1 1 5 0 1 5 0 1 1 3 1 3 1 5 0 1 3 1 1 1 1 1 1 1 1 1 1 1 1 1 1 1 1 1 1 1 1 1 1 1 1 1 1 1 1 1 1 1 1 1 1 1 1 1 1 1 1 1 1 1 1 1 1 1 1 1 1 1 1 1 1 1 1 1 1 1 1 1 1 1 1 1 1 1 1 1 1 1 1 1 1 1 1 1 1 1 1 1 1 1 1 1 1 1 1 1
staticfield java/util/zip/ZipUtils NIO_ACCESS Ljdk/internal/access/JavaNioAccess; java/nio/Buffer$2
staticfield java/util/zip/ZipUtils defaultBuf Ljava/nio/ByteBuffer; java/nio/HeapByteBuffer
staticfield java/util/zip/ZipUtils unsafe Ljdk/internal/misc/Unsafe; jdk/internal/misc/Unsafe
staticfield java/util/zip/ZipUtils byteBufferArrayOffset J 48
staticfield java/util/zip/ZipUtils byteBufferOffsetOffset J 40
ciMethod java/util/zip/ZipUtils CENHOW ([BI)I 3432 0 31914 0 -1
ciMethod java/util/zip/ZipUtils CENLEN ([BI)J 0 0 14965 0 -1
ciInstanceKlass java/util/jar/JarFile$JarFileEntry 1 1 129 9 7 12 1 1 1 10 7 12 1 1 1 9 12 1 1 10 12 1 10 7 12 1 1 1 10 12 1 1 10 100 12 1 1 1 10 12 1 1 100 1 100 1 10 12 1 9 12 1 1 9 12 1 1 10 12 1 1 10 100 12 1 1 1 10 100 12 1 1 9 12 1 1 10 12 1 1 10 7 10 12 1 1 9 12 1 1 9 12 1 10 100 12 1 1 1 10 12 1 1 1 1 1 1 1 1 1 1 1 1 1 1 1 1 1 1 1 1 1 1 1 1 1 1 1 1 1 1
ciMethod java/util/jar/JarFile$JarFileEntry realEntry ()Ljava/util/jar/JarFile$JarFileEntry; 0 0 4 0 -1
ciInstanceKlass sun/security/util/SignatureFileVerifier 1 1 727 7 1 10 7 12 1 1 1 9 7 12 1 1 1 7 1 10 9 12 1 1 10 7 12 1 1 1 7 1 10 12 1 9 12 1 1 10 12 1 1 10 7 12 1 1 1 9 12 1 1 8 1 10 7 12 1 1 1 9 12 1 1 10 12 1 1 10 7 12 1 1 1 10 12 1 1 9 7 12 1 1 1 10 12 1 1 9 12 1 1 9 12 1 1 9 12 1 1 10 12 1 1 8 1 10 12 1 1 10 12 1 1 8 1 10 12 1 8 1 8 1 8 1 11 100 12 1 1 1 8 1 10 12 1 1 8 1 8 1 8 1 8 1 8 1 10 12 1 10 12 1 8 1 8 1 10 12 1 1 10 12 1 10 12 1 1 9 12 1 1 10 12 1 1 7 1 10 12 1 10 12 1 1 100 1 10 12 1 1 7 1 10 7 1 10 10 12 1 1 10 12 1 1 9 7 12 1 1 1 10 7 12 1 1 1 8 1 10 12 1 1 100 1 7 1 10 8 1 10 12 1 1 10 12 1 10 12 1 10 12 1 1 7 1 10 12 1 9 12 1 1 8 1 10 7 12 1 1 1 11 7 12 1 1 1 11 7 12 1 1 1 11 12 1 9 7 12 1 1 1 11 7 1 10 12 1 1 11 12 1 1 10 12 1 1 10 12 1 1 8 1 7 1 11 12 1 11 12 10 12 1 1 8 1 10 12 8 1 10 12 1 1 9 12 1 1 8 1 10 7 12 1 1 8 1 11 8 1 10 12 1 1 10 100 12 1 1 1 10 12 1 1 100 1 9 12 1 10 12 1 8 1 8 1 8 1 10 12 1 10 12 1 8 1 11 12 1 8 1 7 1 8 1 8 1 10 10 12 1 8 1 10 10 8 1 10 12 1 1 11 7 12 1 1 10 12 1 10 7 12 1 1 1 10 7 12 1 1 1 10 7 12 1 1 1 8 1 8 1 10 100 12 1 1 1 10 12 1 1 8 1 10 12 10 12 1 1 8 1 8 1 10 100 1 8 1 10 12 1 1 10 9 12 1 10 12 1 1 8 1 10 100 12 1 1 8 1 10 8 1 8 1 8 1 10 12 1 10 12 1 8 1 8 1 10 12 1 8 1 8 1 8 1 8 1 8 1 8 1 8 1 8 1 10 12 1 1 10 12 1 1 7 1 10 7 1 10 12 1 1 10 12 1 10 8 1 10 12 1 10 12 1 10 12 1 1 7 1 10 10 12 1 1 10 12 1 1 10 7 1 10 12 1 10 12 1 1 10 10 7 12 1 1 1 8 1 3 10 7 12 1 1 1 10 12 1 3 8 1 10 12 1 8 1 10 12 1 8 1 8 1 10 12 1 9 12 1 1 1 1 1 1 1 1 1 1 1 1 1 1 1 1 1 1 1 1 100 7 1 1 100 1 100 1 1 1 1 1 1 1 1 1 1 1 1 1 1 1 1 1 1 1 1 1 1 1 1 1 1 1 1 1 1 1 1 1 1 1 1 1 1 1 1 1 1 1 1 100 1 1 1 1 1 1 1 1 1 1 1 1 1 1 1 1 1 1 1 1 1 1 1 1 1 1 1 1 1 1 100 1 1 1 1 1 1 1 1 1 1 1 1 1 1 1 1 1
staticfield sun/security/util/SignatureFileVerifier debug Lsun/security/util/Debug; null
staticfield sun/security/util/SignatureFileVerifier ATTR_DIGEST Ljava/lang/String; "-DIGEST-MANIFEST-MAIN-ATTRIBUTES"
staticfield sun/security/util/SignatureFileVerifier MAX_SIG_FILE_SIZE I 16000000
ciMethod sun/security/util/SignatureFileVerifier isInMetaInf (Ljava/lang/String;)Z 6 0 3 0 -1
ciMethod sun/security/util/SignatureFileVerifier isBlockOrSF (Ljava/lang/String;)Z 4 0 2 0 -1
ciInstanceKlass java/util/zip/ZipFile$CleanableResource 1 1 167 100 1 10 7 12 1 1 1 10 7 12 1 1 1 10 7 12 1 1 1 9 7 12 1 1 1 7 1 10 10 7 12 1 1 1 9 12 1 1 7 1 10 9 12 1 1 10 7 12 1 1 1 9 12 1 1 11 7 12 1 1 11 7 12 1 1 1 7 1 10 12 1 10 12 1 11 12 1 1 10 12 1 11 7 12 1 1 1 100 1 11 12 1 1 100 1 11 12 1 10 12 1 100 1 10 12 1 1 10 12 1 1 100 1 10 12 1 100 1 1 1 1 1 1 1 1 1 1 1 1 1 1 1 1 1 1 1 100 1 100 1 1 1 1 1 1 100 1 1 1 1 1 1 1 1 1 1 1 1 1 1 1 1 1 1 1
ciInstanceKlass java/util/zip/ZipFile$Source 1 1 688 100 1 100 1 7 1 7 1 9 7 12 1 1 1 10 12 1 1 5 0 8 1 10 12 1 1 10 12 1 1 10 12 1 8 1 7 1 10 12 1 1 8 1 10 12 1 1 10 12 1 8 1 10 12 1 1 10 12 1 8 1 10 12 1 9 12 1 1 8 1 10 12 1 1 10 12 1 1 10 7 12 1 1 1 3 9 12 1 1 9 12 1 1 9 12 1 10 12 1 10 12 1 7 1 8 1 3 8 1 8 1 7 1 10 12 1 8 1 7 1 10 12 1 1 10 7 12 1 1 1 10 12 1 10 12 1 10 12 1 1 5 0 8 1 10 12 1 1 10 12 1 8 1 8 1 7 1 9 12 1 1 10 7 12 1 1 10 7 12 1 1 7 1 7 1 10 7 12 1 1 1 10 12 1 100 1 100 1 10 12 1 9 12 1 1 10 7 12 1 1 1 9 12 1 10 12 1 10 12 1 1 10 12 1 9 12 1 1 10 12 1 10 9 12 1 9 12 1 9 12 1 1 10 100 12 1 1 1 10 7 12 1 1 1 9 12 1 1 8 1 11 100 12 1 1 1 9 12 1 1 7 1 10 12 1 10 12 1 10 12 1 1 10 12 1 1 10 12 1 1 5 0 9 12 1 10 9 12 1 9 12 1 9 12 1 10 12 1 1 10 7 12 1 1 1 10 12 1 1 10 12 1 10 12 1 1 8 1 7 1 10 5 0 10 7 12 1 1 1 8 1 10 12 1 1 10 12 1 1 9 12 1 10 12 1 9 12 1 1 10 12 1 9 12 1 9 12 1 10 12 1 5 0 10 12 1 9 12 1 8 1 5 0 5 0 10 12 1 5 0 10 12 1 10 12 1 10 12 1 100 1 10 12 10 12 1 1 9 12 1 9 12 1 8 1 8 1 5 0 8 1 8 1 10 12 1 10 12 1 10 12 1 10 12 1 1 10 12 1 1 10 12 1 7 1 10 12 10 12 1 1 10 12 1 7 1 10 11 7 1 10 12 1 1 10 12 1 1 10 12 1 10 12 1 11 11 12 1 1 11 7 12 1 1 11 12 1 1 10 12 1 1 10 12 1 1 10 12 1 9 7 12 1 1 10 12 1 1 10 7 12 1 1 10 12 1 10 12 1 9 12 1 1 9 12 1 9 100 12 1 1 1 10 12 1 9 100 12 1 1 1 10 12 1 1 10 100 12 1 1 1 100 1 10 10 12 1 10 7 12 1 1 10 12 1 1 9 12 1 1 10 10 7 12 1 1 1 1 1 3 1 1 1 3 1 1 1 3 1 1 1 1 1 1 1 1 1 1 1 1 1 1 1 1 1 1 1 1 100 1 1 1 1 1 1 1 1 1 1 1 1 1 1 1 1 1 1 7 1 1 1 1 1 1 1 1 1 1 1 1 1 1 1 1 1 1 1 1 1 1 1 1 1 1 1 1 1 1 1 1 1 1 1 1 1 1 1 1 1 100 1 1 1 1 1 1 1 1 1 1 1 1 1 1 1 1 1 1 1 1 1 1 1 1 100 1 1
staticfield java/util/zip/ZipFile$Source JUJA Ljdk/internal/access/JavaUtilJarAccess; java/util/jar/JavaUtilJarAccessImpl
staticfield java/util/zip/ZipFile$Source EMPTY_META_VERSIONS [I 0
staticfield java/util/zip/ZipFile$Source files Ljava/util/HashMap; java/util/HashMap
staticfield java/util/zip/ZipFile$Source builtInFS Ljava/nio/file/FileSystem; sun/nio/fs/WindowsFileSystem
staticfield java/util/zip/ZipFile$Source $assertionsDisabled Z 1
ciMethod java/util/zip/ZipFile$Source getEntryPos (Ljava/lang/String;Z)I 512 512 6494 0 -1
ciInstanceKlass java/util/zip/ZipFile$ZipFileInputStream 1 1 180 100 1 100 1 9 7 12 1 1 1 10 7 12 1 1 1 10 7 12 1 1 1 9 12 1 1 10 12 1 9 12 1 10 12 1 9 12 1 5 0 10 12 1 1 9 7 12 1 1 1 9 7 12 1 1 1 9 7 12 1 1 10 12 1 1 10 12 1 10 12 1 10 12 1 10 12 1 1 100 1 8 1 10 12 1 10 12 1 1 5 0 8 1 10 12 1 1 10 12 1 9 12 1 10 12 1 10 12 1 1 10 12 1 10 12 1 10 12 1 1 7 1 5 0 3 9 12 1 1 9 12 1 1 11 7 12 1 1 1 1 1 1 1 1 1 1 1 1 1 1 100 1 1 1 1 1 1 1 1 100 1 1 7 1 7 1 1 1 1 1 1 1 1 1 1 1 1 1 1
ciMethod java/util/zip/ZipFile$ZipFileInputStream <init> (Ljava/util/zip/ZipFile;[BI)V 912 0 6489 0 -1
ciInstanceKlass java/util/zip/ZipFile$ZipFileInflaterInputStream 1 1 155 10 7 12 1 1 1 10 7 12 1 1 1 9 12 1 1 10 7 12 1 1 9 12 1 1 10 7 12 1 1 1 7 1 10 12 1 10 7 12 1 1 1 9 12 1 1 9 12 1 10 12 1 1 9 7 12 1 1 1 9 12 1 1 11 7 12 1 1 1 11 7 12 1 1 100 1 8 1 10 12 1 9 12 1 1 9 12 1 1 10 7 12 1 1 1 9 12 1 1 9 12 1 1 10 7 12 1 1 1 7 1 10 12 1 1 10 12 1 7 1 5 0 3 1 1 1 1 1 1 1 1 1 1 7 1 7 1 1 100 1 1 1 1 1 1 1 1 1 1 1 1 1 1 1
ciMethod java/util/zip/ZipFile$ZipFileInflaterInputStream <init> (Ljava/util/zip/ZipFile;Ljava/util/zip/ZipFile$ZipFileInputStream;Ljava/util/zip/ZipFile$CleanableResource;I)V 912 0 6489 0 -1
ciInstanceKlass java/util/zip/ZipFile$1 1 1 101 10 7 12 1 1 1 9 7 12 1 1 1 9 100 12 1 1 1 9 100 12 1 1 1 10 12 1 1 10 12 1 1 10 12 1 1 10 12 1 1 10 12 1 1 10 12 1 1 10 12 1 9 100 12 1 1 1 100 1 100 1 1 1 1 1 1 1 1 1 1 1 1 1 1 1 1 1 1 1 1 1 1 1 1 1 1 1 1 1 1 1 1 1 1 1 1 1 1 1 1
ciMethod java/util/Set add (Ljava/lang/Object;)Z 0 0 1 0 -1
ciMethod java/util/HashMap tableSizeFor (I)I 512 0 16308 0 0
ciMethod java/util/HashMap <init> (IF)V 520 0 13329 0 0
ciMethod java/util/HashMap <init> (I)V 1024 0 12483 0 0
ciMethod java/util/AbstractMap <init> ()V 768 0 23358 0 80
ciMethod java/lang/Integer numberOfLeadingZeros (I)I 36 0 24597 0 -1
ciMethod java/io/InputStream close ()V 0 0 1 0 -1
ciMethod java/io/InputStream <init> ()V 786 0 14138 0 0
ciMethod java/util/Iterator next ()Ljava/lang/Object; 0 0 1 0 -1
ciMethod java/util/Iterator hasNext ()Z 0 0 1 0 -1
ciMethod java/lang/String equalsIgnoreCase (Ljava/lang/String;)Z 424 0 9432 0 -1
ciMethod java/lang/String toUpperCase (Ljava/util/Locale;)Ljava/lang/String; 512 0 10753 0 -1
ciMethod java/lang/String substring (I)Ljava/lang/String; 12 0 10656 0 -1
ciMethod java/lang/String startsWith (Ljava/lang/String;)Z 514 0 45677 0 -1
ciMethod java/util/Hashtable get (Ljava/lang/Object;)Ljava/lang/Object; 522 0 1206 0 -1
ciMethod java/lang/Throwable addSuppressed (Ljava/lang/Throwable;)V 0 0 1 0 -1
ciMethod java/lang/StringBuilder append (Ljava/lang/String;)Ljava/lang/StringBuilder; 10 0 95561 0 -1
ciMethod java/lang/StringBuilder <init> ()V 8 0 29579 0 -1
ciMethod java/lang/Object <init> ()V 1024 0 1124325 0 136
instanceKlass java/nio/charset/CharacterCodingException
instanceKlass java/io/UTFDataFormatException
instanceKlass java/nio/channels/ClosedChannelException
instanceKlass java/net/MalformedURLException
instanceKlass java/io/InterruptedIOException
instanceKlass java/net/SocketException
instanceKlass java/io/UnsupportedEncodingException
instanceKlass java/io/ObjectStreamException
instanceKlass java/io/FileNotFoundException
instanceKlass java/io/CharConversionException
instanceKlass java/io/EOFException
ciInstanceKlass java/io/IOException 1 1 34 10 7 12 1 1 1 10 12 1 10 12 1 10 12 1 100 1 1 1 1 5 0 1 1 1 1 1 1 1 1 1 1 1
ciInstanceKlass sun/security/util/ManifestEntryVerifier 1 1 379 10 7 12 1 1 1 9 7 12 1 1 1 9 12 1 1 9 12 1 1 7 1 10 12 1 9 12 1 1 7 1 10 9 12 1 1 9 12 1 9 12 1 9 12 1 1 10 12 1 9 12 1 1 10 7 12 1 1 1 7 1 10 8 1 10 12 1 1 10 12 1 1 8 1 10 7 12 1 1 1 11 7 12 1 1 1 11 7 12 1 1 1 11 12 1 1 7 1 11 12 1 10 9 7 12 1 1 1 10 7 12 1 1 1 8 1 10 12 1 1 10 12 1 1 10 12 1 1 10 12 1 1 7 1 9 7 12 1 1 1 10 12 1 1 10 12 1 1 100 1 10 12 1 10 12 1 1 10 7 12 1 1 1 11 12 1 10 7 12 1 1 1 10 12 1 10 12 1 10 12 1 1 10 12 1 10 12 1 100 1 8 1 10 12 1 10 7 1 7 10 12 1 1 10 12 1 11 7 1 7 1 7 1 10 12 1 10 12 1 1 9 12 1 1 11 9 12 1 10 12 1 7 1 10 12 1 1 9 12 1 1 8 1 8 1 10 7 12 1 1 8 1 10 100 12 1 1 1 10 12 1 1 8 1 10 12 10 12 1 1 8 1 10 12 1 10 10 100 1 8 1 8 1 10 12 1 1 10 7 12 1 1 1 10 12 1 1 100 1 8 1 10 12 1 8 1 10 12 1 1 1 1 1 1 1 1 1 1 1 1 1 1 1 1 1 1 1 1 1 1 1 100 1 1 100 1 1 1 1 1 1 1 1 1 1 1 1 1 1 1 1 1 1 1 1 1 1 1 1 1 1 1 1 100 1 1 1 1 1 1 1 1 1 1 1 1 1 1
staticfield sun/security/util/ManifestEntryVerifier debug Lsun/security/util/Debug; null
ciInstanceKlass java/security/CodeSigner 1 1 121 10 7 12 1 1 1 9 7 12 1 1 1 100 1 10 9 12 1 1 9 12 1 1 10 100 12 1 1 1 10 100 1 10 12 1 1 10 12 1 1 10 12 1 1 10 100 1 10 8 1 10 12 1 1 8 1 10 12 1 1 11 100 12 1 1 1 10 12 1 8 1 8 1 10 12 1 1 10 100 12 1 1 100 1 8 1 10 12 1 100 1 1 1 1 5 0 1 1 1 1 1 1 1 1 1 1 1 1 1 1 1 1 1 1 100 1 100 1 1 1
ciInstanceKlass java/util/jar/JarVerifier$VerifierStream 1 1 107 10 7 12 1 1 1 10 7 12 1 1 1 9 7 12 1 1 1 9 12 1 1 7 1 9 7 12 1 1 1 10 12 1 9 12 1 1 10 12 1 1 10 7 12 1 1 1 9 12 1 1 10 12 1 1 10 12 1 10 12 1 1 10 12 1 10 12 1 10 12 1 10 12 1 100 1 8 1 10 12 1 1 1 1 1 1 1 1 1 1 1 1 100 1 1 1 1 1 1 1 1 1 1 1 1 1
ciMethodData java/lang/Object <init> ()V 2 1123813 orig 80 1 0 0 0 0 0 0 0 0 0 0 0 0 0 0 0 0 0 0 0 0 0 0 0 0 0 0 0 0 0 0 0 0 0 0 0 0 0 0 0 0 0 0 0 0 0 0 0 0 0 0 0 0 0 0 0 0 0 0 0 0 0 0 0 0 0 0 0 0 0 0 0 0 0 0 0 0 0 0 0 data 4 0x0 0x9 0x1 0x0 oops 0 methods 0
ciMethodData java/util/Objects requireNonNull (Ljava/lang/Object;)Ljava/lang/Object; 2 117864 orig 80 0 0 0 0 0 0 0 0 0 0 0 0 23 2 0 0 0 0 0 0 0 0 0 0 0 0 0 0 0 0 0 0 0 0 0 0 0 0 0 0 0 0 0 0 0 0 0 0 0 0 0 0 0 0 0 0 0 0 0 0 0 0 0 0 0 0 0 0 0 0 0 0 0 0 0 0 0 0 0 0 data 15 0x10007 0x1cc68 0x30 0x0 0x80002 0x0 0x0 0x0 0x0 0x0 0x0 0x0 0x9 0x1 0x0 oops 0 methods 0
ciMethodData java/util/AbstractCollection <init> ()V 2 26792 orig 80 0 0 0 0 0 0 0 0 0 0 0 0 23 2 0 0 0 0 0 0 0 0 0 0 0 0 0 0 0 0 0 0 0 0 0 0 0 0 0 0 0 0 0 0 0 0 0 0 0 0 0 0 0 0 0 0 0 0 0 0 0 0 0 0 0 0 0 0 0 0 0 0 0 0 0 0 0 0 0 0 data 7 0x10002 0x68a8 0x0 0x0 0x9 0x1 0x0 oops 0 methods 0
ciMethodData java/util/Objects requireNonNull (Ljava/lang/Object;Ljava/lang/String;)Ljava/lang/Object; 2 54851 orig 80 0 0 0 0 0 0 0 0 0 0 0 0 23 2 0 0 0 0 0 0 0 0 0 0 0 0 0 0 0 0 0 0 0 0 0 0 0 0 0 0 0 0 0 0 0 0 0 0 0 0 0 0 0 0 0 0 0 0 0 0 0 0 0 0 0 0 0 0 0 0 0 0 0 0 0 0 0 0 0 0 data 16 0x10007 0xd643 0x30 0x0 0x90002 0x0 0x0 0x0 0x0 0x0 0x0 0x0 0x9 0x2 0x0 0xffffffffffffffff oops 0 methods 0
ciMethodData java/util/jar/JarFile maybeInstantiateVerifier ()V 2 12319 orig 80 1 0 0 0 0 0 0 0 0 0 0 0 23 2 0 0 0 0 0 0 0 0 0 0 0 0 0 0 0 0 0 0 0 0 0 0 0 0 0 1 0 0 0 0 0 0 0 0 0 0 0 0 0 0 0 0 0 0 0 0 0 0 0 0 0 0 0 0 0 0 0 0 0 0 0 0 0 0 0 0 data 35 0x40007 0x3014 0x20 0xb 0xc0007 0x2f63 0xb0 0xb1 0x140005 0x0 0x0 0x218197a6b98 0xb1 0x0 0x0 0x80000006001b0007 0xb1 0x58 0x1 0x1f0005 0x0 0x0 0x2181847fb50 0x1 0x0 0x0 0x0 0x0 0x0 0x0 0x0 0x0 0x9 0x1 0xffffffffffffffff oops 2 11 java/util/zip/ZipFile$1 22 java/util/jar/JarFile methods 0
ciMethodData java/util/jar/JarFile getManifestFromReference ()Ljava/util/jar/Manifest; 2 4397 orig 80 0 0 0 0 0 0 0 0 0 0 0 0 23 2 0 0 0 0 0 0 0 0 0 0 0 0 0 0 0 0 0 0 0 0 0 0 0 0 0 0 0 0 0 0 0 0 0 0 0 0 0 0 0 0 0 0 0 0 0 0 0 0 0 0 0 0 0 0 0 0 0 0 0 0 0 0 0 0 0 0 data 159 0x40007 0x196 0xa8 0xf97 0xb0005 0x0 0x0 0x217d08b7fc8 0xf97 0x0 0x0 0xe0004 0x0 0x0 0x217d08ba5a8 0xf97 0x0 0x0 0x110003 0xf97 0x18 0x170007 0xf97 0x3f0 0x196 0x1b0005 0x196 0x0 0x0 0x0 0x0 0x0 0x200007 0x1 0x398 0x195 0x270007 0x49 0x1f8 0x14c 0x2c0005 0x14c 0x0 0x0 0x0 0x0 0x0 0x340007 0x0 0x130 0x14c 0x3b0005 0x0 0x0 0x218197a6b98 0x14c 0x0 0x0 0x410007 0x0 0x80 0x14c 0x4a0005 0x0 0x0 0x218197a7d18 0x14c 0x0 0x0 0x4e0002 0x14c 0x540003 0x14c 0x70 0x5a0007 0x0 0x58 0x0 0x620005 0x0 0x0 0x0 0x0 0x0 0x0 0x720002 0x14c 0x760005 0x0 0x0 0x2181847fb50 0x14c 0x0 0x0 0x790002 0x14c 0x7d0003 0x14c 0x188 0x820002 0x49 0x8c0005 0x0 0x0 0x2181847fb50 0x49 0x0 0x0 0x8f0002 0x49 0x940007 0x0 0x118 0x49 0x980005 0x0 0x0 0x2181939c7e0 0x49 0x0 0x0 0x9b0003 0x49 0xc0 0xa10007 0x0 0xa8 0x0 0xa50005 0x0 0x0 0x0 0x0 0x0 0x0 0xa80003 0x0 0x50 0xb10005 0x0 0x0 0x0 0x0 0x0 0x0 0xbd0002 0x195 0x0 0x0 0x0 0x0 0x0 0x0 0x0 0x0 0x0 0x9 0x1 0x0 oops 7 7 java/lang/ref/SoftReference 14 java/util/jar/Manifest 54 java/util/zip/ZipFile$1 65 java/util/jar/JarFile$JarFileEntry 90 java/util/jar/JarFile 104 java/util/jar/JarFile 117 java/util/zip/ZipFile$ZipFileInflaterInputStream methods 0
ciMethodData java/io/InputStream <init> ()V 2 13745 orig 80 0 0 0 0 0 0 0 0 0 0 0 0 23 2 0 0 0 0 0 0 0 0 0 0 0 0 0 0 0 0 0 0 0 0 0 0 0 0 0 0 0 0 0 0 0 0 0 0 0 0 0 0 0 0 0 0 0 0 0 0 0 0 0 0 0 0 0 0 0 0 0 0 0 0 0 0 0 0 0 0 data 7 0x10002 0x35b1 0x0 0x0 0x9 0x1 0x0 oops 0 methods 0
ciMethodData java/util/jar/JarFile getInputStream (Ljava/util/zip/ZipEntry;)Ljava/io/InputStream; 2 6158 orig 80 0 0 0 0 0 0 0 0 0 0 0 0 23 2 0 0 0 0 0 0 0 0 0 0 0 0 0 0 0 0 0 0 0 0 0 0 0 0 0 0 0 0 0 0 0 0 0 0 0 0 0 0 0 0 0 0 0 0 0 0 0 0 0 0 0 0 0 0 0 0 0 0 0 0 0 0 0 0 0 0 data 64 0x40002 0x180e 0x90005 0x180e 0x0 0x0 0x0 0x0 0x0 0x100007 0x4 0x30 0x180a 0x150002 0x180a 0x1d0007 0x4 0x88 0x0 0x210005 0x0 0x0 0x0 0x0 0x0 0x0 0x2d0007 0x0 0x30 0x0 0x320002 0x0 0x380005 0x4 0x0 0x0 0x0 0x0 0x0 0x3d0007 0x4 0x20 0x0 0x470005 0x4 0x0 0x0 0x0 0x0 0x0 0x4d0002 0x4 0x540002 0x4 0x0 0x0 0x0 0x0 0x0 0x0 0x9 0x2 0x0 0x0 oops 0 methods 0
ciMethodData java/util/ArrayList <init> ()V 2 5482 orig 80 0 0 0 0 0 0 0 0 0 0 0 0 23 2 0 0 0 0 0 0 0 0 0 0 0 0 0 0 0 0 0 0 0 0 0 0 0 0 0 0 0 0 0 0 0 0 0 0 0 0 0 0 0 0 0 0 0 0 0 0 0 0 0 0 0 0 0 0 0 0 0 0 0 0 0 0 0 0 0 0 data 9 0x10002 0x156a 0x0 0x0 0x0 0x0 0x9 0x1 0x0 oops 0 methods 0
ciMethodData java/util/AbstractList <init> ()V 2 14236 orig 80 0 0 0 0 0 0 0 0 0 0 0 0 23 2 0 0 0 0 0 0 0 0 0 0 0 0 0 0 0 0 0 0 0 0 0 0 0 0 0 0 0 0 0 0 0 0 0 0 0 0 0 0 0 0 0 0 0 0 0 0 0 0 0 0 0 0 0 0 0 0 0 0 0 0 0 0 0 0 0 0 data 9 0x10002 0x379c 0x0 0x0 0x0 0x0 0x9 0x1 0x0 oops 0 methods 0
ciMethodData java/util/zip/ZipFile getInputStream (Ljava/util/zip/ZipEntry;)Ljava/io/InputStream; 2 6163 orig 80 0 0 0 0 0 0 0 0 0 0 0 0 23 2 0 0 0 0 0 0 0 0 0 0 0 0 0 0 0 0 0 0 0 0 0 0 0 0 0 0 0 0 0 0 0 0 0 0 0 0 0 0 0 0 0 0 0 0 0 0 0 0 0 0 0 0 0 0 0 0 0 0 0 0 0 0 0 0 0 0 data 93 0x30002 0x1813 0x1f0005 0x1813 0x0 0x0 0x0 0x0 0x0 0x2a0002 0x1813 0x2d0007 0x5a 0x38 0x17b9 0x350003 0x17b9 0x50 0x3f0005 0x5a 0x0 0x0 0x0 0x0 0x0 0x450007 0x1813 0x20 0x0 0x580002 0x1813 0x620002 0x1813 0x650008 0x6 0x0 0x140 0x0 0x40 0x1813 0x90 0x890005 0x0 0x0 0x0 0x0 0x0 0x0 0x920003 0x0 0x18 0xa80002 0x1813 0xb70007 0x17d1 0x20 0x42 0xc30007 0x1813 0x20 0x0 0xd80002 0x1813 0xe70005 0x0 0x0 0x217d0bfd540 0x1813 0x0 0x0 0xf00003 0x1813 0x18 0x1070002 0x0 0x0 0x0 0x0 0x0 0x0 0x0 0x0 0x0 0x0 0x0 0x0 0x0 0x0 0x0 0x9 0x2 0x0 0x0 oops 1 66 java/util/Collections$SetFromMap methods 0
ciMethodData java/util/jar/JarFile initializeVerifier ()V 1 1 orig 80 0 0 0 0 0 0 0 0 0 0 0 0 23 2 0 0 0 0 0 0 0 0 0 0 0 0 0 0 0 0 0 0 0 0 0 0 0 0 0 0 0 0 0 0 0 0 0 0 0 0 0 0 0 0 0 0 0 0 0 0 0 0 0 0 0 0 0 0 0 0 0 0 0 0 0 0 0 0 0 0 data 200 0x60005 0x0 0x0 0x218197a6b98 0x1 0x0 0x0 0xd0005 0x0 0x0 0x217d08baa48 0x1 0x0 0x0 0x140005 0x0 0x0 0x218197a6c48 0x4 0x0 0x0 0x190007 0x1 0x308 0x3 0x1d0005 0x0 0x0 0x218197a6c48 0x3 0x0 0x0 0x220004 0x0 0x0 0x217d08b6fe8 0x3 0x0 0x0 0x2a0005 0x0 0x0 0x2181847fb50 0x3 0x0 0x0 0x310007 0x3 0x30 0x0 0x3b0002 0x0 0x400007 0x2 0x68 0x1 0x480005 0x1 0x0 0x0 0x0 0x0 0x0 0x520002 0x1 0x5b0005 0x3 0x0 0x0 0x0 0x0 0x0 0x5e0007 0x2 0x38 0x1 0x6a0003 0x1 0x50 0x700005 0x2 0x0 0x0 0x0 0x0 0x0 0x770007 0x0 0xe8 0x3 0x7d0007 0x0 0xc8 0x3 0x870005 0x0 0x0 0x21818481c18 0x3 0x0 0x0 0x980005 0x0 0x0 0x21818481c18 0x3 0x0 0x0 0xa40005 0x0 0x0 0x21818481c18 0x3 0x0 0x0 0xa70003 0x3 0xfffffffffffffcd8 0xaa0003 0x1 0xa8 0xbb0007 0x0 0x90 0x0 0xc40005 0x0 0x0 0x0 0x0 0x0 0x0 0xc80005 0x0 0x0 0x0 0x0 0x0 0x0 0xcf0007 0x0 0x160 0x1 0xd60005 0x0 0x0 0x21818481c18 0x1 0x0 0x0 0xdc0007 0x1 0x58 0x0 0xe50005 0x0 0x0 0x0 0x0 0x0 0x0 0xec0005 0x0 0x0 0x21818481c18 0x1 0x0 0x0 0xef0007 0x1 0x78 0x0 0xf50007 0x0 0x58 0x0 0xfe0005 0x0 0x0 0x0 0x0 0x0 0x0 0x0 0x0 0x0 0x0 0x0 0x0 0x0 0x0 0x0 0x0 0x0 0x0 0x0 0x0 0x9 0x1 0x0 oops 11 3 java/util/zip/ZipFile$1 10 java/util/ArrayList 17 java/util/ArrayList$Itr 28 java/util/ArrayList$Itr 35 java/lang/String 42 java/util/jar/JarFile 97 java/util/jar/JarVerifier 104 java/util/jar/JarVerifier 111 java/util/jar/JarVerifier 146 java/util/jar/JarVerifier 164 java/util/jar/JarVerifier methods 0
ciMethodData java/util/jar/JarFile verifiableEntry (Ljava/util/zip/ZipEntry;)Ljava/util/jar/JarEntry; 1 4 orig 80 0 0 0 0 0 0 0 0 0 0 0 0 23 2 0 0 0 0 0 0 0 0 0 0 0 0 0 0 0 0 0 0 0 0 0 0 0 0 0 0 0 0 0 0 0 0 0 0 0 0 0 0 0 0 0 0 0 0 0 0 0 0 0 0 0 0 0 0 0 0 0 0 0 0 0 0 0 0 0 0 data 88 0x10004 0x0 0x0 0x218197a7d18 0x4 0x0 0x0 0x40007 0x0 0x90 0x4 0x80004 0x0 0x0 0x218197a7d18 0x4 0x0 0x0 0xb0005 0x0 0x0 0x218197a7d18 0x4 0x0 0x0 0x100005 0x0 0x0 0x0 0x0 0x0 0x0 0x150007 0x0 0x70 0x0 0x1a0005 0x0 0x0 0x0 0x0 0x0 0x0 0x1e0003 0x0 0x18 0x240004 0x0 0x0 0x0 0x0 0x0 0x0 0x270007 0x0 0x90 0x0 0x2b0004 0x0 0x0 0x0 0x0 0x0 0x0 0x2e0005 0x0 0x0 0x0 0x0 0x0 0x0 0x330004 0x0 0x0 0x0 0x0 0x0 0x0 0x0 0x0 0x0 0x0 0x0 0x0 0x9 0x2 0xffffffffffffffff 0xffffffffffffffff oops 3 3 java/util/jar/JarFile$JarFileEntry 14 java/util/jar/JarFile$JarFileEntry 21 java/util/jar/JarFile$JarFileEntry methods 0
ciMethodData java/util/AbstractMap <init> ()V 2 22974 orig 80 0 0 0 0 0 0 0 0 0 0 0 0 23 2 0 0 0 0 0 0 0 0 0 0 0 0 0 0 0 0 0 0 0 0 0 0 0 0 0 0 0 0 0 0 0 0 0 0 0 0 0 0 0 0 0 0 0 0 0 0 0 0 0 0 0 0 0 0 0 0 0 0 0 0 0 0 0 0 0 0 data 7 0x10002 0x59be 0x0 0x0 0x9 0x1 0x0 oops 0 methods 0
ciMethodData java/lang/Float isNaN (F)Z 2 15448 orig 80 0 0 0 0 0 0 0 0 0 0 0 0 23 2 0 0 0 0 0 0 0 0 0 0 0 0 0 0 0 0 0 0 0 0 0 0 0 0 0 0 0 0 0 0 0 0 0 0 0 0 0 0 0 0 0 0 0 0 0 0 0 0 0 0 0 0 0 0 0 0 0 0 0 0 0 0 0 0 0 0 data 11 0x30007 0x3c58 0x38 0x0 0x70003 0x0 0x18 0x0 0x9 0x1 0x0 oops 0 methods 0
ciMethodData java/util/HashMap tableSizeFor (I)I 2 16052 orig 80 0 0 0 0 0 0 0 0 0 0 0 0 23 2 0 0 0 0 0 0 0 0 0 0 0 0 0 0 0 0 0 0 0 0 0 0 0 0 0 0 1 0 0 0 0 0 0 0 0 0 0 0 0 0 0 0 0 0 0 0 0 0 0 0 0 0 0 0 0 0 0 0 0 0 0 0 0 0 0 0 data 25 0x40002 0x3eb4 0x80000003000a0007 0x3ea4 0x38 0x11 0xe0003 0x11 0x50 0x140007 0x3ea4 0x38 0x0 0x190003 0x0 0x18 0x0 0x0 0x0 0x0 0x0 0x0 0x9 0x1 0x0 oops 0 methods 0
ciMethodData java/util/HashMap <init> (IF)V 2 13069 orig 80 1 0 0 0 0 0 0 0 0 0 0 0 23 2 0 0 0 0 0 0 0 0 0 0 0 0 0 0 0 0 0 0 0 0 0 0 0 0 0 0 0 0 0 0 0 0 0 0 0 0 0 0 0 0 0 0 0 0 0 0 0 0 0 0 0 0 0 0 0 0 0 0 0 0 0 0 0 0 0 0 data 83 0x10002 0x330d 0x50007 0x330d 0xe8 0x0 0x100002 0x0 0x150005 0x0 0x0 0x0 0x0 0x0 0x0 0x190005 0x0 0x0 0x0 0x0 0x0 0x0 0x1c0005 0x0 0x0 0x0 0x0 0x0 0x0 0x1f0002 0x0 0x260007 0x330d 0x20 0x0 0x2f0007 0x0 0x50 0x330d 0x330002 0x330d 0x360007 0x330d 0xe8 0x0 0x410002 0x0 0x460005 0x0 0x0 0x0 0x0 0x0 0x0 0x4a0005 0x0 0x0 0x0 0x0 0x0 0x0 0x4d0005 0x0 0x0 0x0 0x0 0x0 0x0 0x500002 0x0 0x5b0002 0x330d 0x0 0x0 0x0 0x0 0x0 0x0 0x9 0x3 0x18 0x0 0x0 oops 0 methods 0
ciMethodData java/util/HashMap <init> (I)V 2 11971 orig 80 0 0 0 0 0 0 0 0 0 0 0 0 0 0 0 0 0 0 0 0 0 0 0 0 0 0 0 0 0 0 0 0 0 0 0 0 0 0 0 0 0 0 0 0 0 0 0 0 0 0 0 0 0 0 0 0 0 0 0 0 0 0 0 0 0 0 0 0 0 0 0 0 0 0 0 0 0 0 0 0 data 9 0x40002 0x2ec4 0x0 0x0 0x0 0x9 0x2 0x18 0x0 oops 0 methods 0
ciMethod sun/security/util/ManifestEntryVerifier <init> (Ljava/util/jar/Manifest;Ljava/lang/String;)V 10 0 5 0 0
ciMethod sun/security/util/ManifestEntryVerifier setEntry (Ljava/lang/String;Ljava/util/jar/JarEntry;)V 12 8 6 0 -1
ciMethod sun/security/util/ManifestEntryVerifier update (B)V 0 0 1 0 -1
ciMethod java/util/jar/JarVerifier$VerifierStream <init> (Ljava/util/jar/Manifest;Ljava/util/jar/JarEntry;Ljava/io/InputStream;Ljava/util/jar/JarVerifier;)V 8 0 4 0 0
compile java/util/jar/JarFile getInputStream (Ljava/util/zip/ZipEntry;)Ljava/io/InputStream; -1 4 inline 23 0 -1 0 java/util/jar/JarFile getInputStream (Ljava/util/zip/ZipEntry;)Ljava/io/InputStream; 1 4 0 java/util/Objects requireNonNull (Ljava/lang/Object;Ljava/lang/String;)Ljava/lang/Object; 1 84 0 java/util/jar/JarVerifier$VerifierStream <init> (Ljava/util/jar/Manifest;Ljava/util/jar/JarEntry;Ljava/io/InputStream;Ljava/util/jar/JarVerifier;)V 2 1 0 java/io/InputStream <init> ()V 3 1 0 java/lang/Object <init> ()V 2 6 0 java/util/Objects requireNonNull (Ljava/lang/Object;)Ljava/lang/Object; 2 32 0 sun/security/util/ManifestEntryVerifier <init> (Ljava/util/jar/Manifest;Ljava/lang/String;)V 3 1 0 java/lang/Object <init> ()V 3 26 0 java/util/HashMap <init> (I)V 4 4 0 java/util/HashMap <init> (IF)V 5 1 0 java/util/AbstractMap <init> ()V 6 1 0 java/lang/Object <init> ()V 5 51 0 java/lang/Float isNaN (F)Z 5 91 0 java/util/HashMap tableSizeFor (I)I 3 37 0 java/util/ArrayList <init> ()V 4 1 0 java/util/AbstractList <init> ()V 5 1 0 java/util/AbstractCollection <init> ()V 6 1 0 java/lang/Object <init> ()V 3 48 0 java/util/ArrayList <init> ()V 4 1 0 java/util/AbstractList <init> ()V 5 1 0 java/util/AbstractCollection <init> ()V 6 1 0 java/lang/Object <init> ()V 2 52 0 java/util/zip/ZipEntry getSize ()J
